ccode,leader,entry,exit,exitcode,prevtimesinoffice,posttenurefate,gender,yrborn,yrdied,numentry,numexit,yrbegin,yrend,region,end_gdppc,begin_gdppc,begin_pop,begin_GDP,age,Region_begin_GDP,World_begin_GDP,Region_end_GDP,World_end_GDP,tenure,growth_rate,growth_rate_region,growth_rate_world,fties_range
2,Grant,Regular,Regular,Regular,0,OK,1,1822,1885,0,1.0,1869,1877,Western Offshoots,5098.689600000001,4943.1320000000005,39385.0,194685253.82000002,47,203316253.82000002,826379035.034994,268504022.32000005,1017661045.702806,8.0,0.0034966045369166426,0.03562472381229953,0.025718896341517163,1.0
2,Hayes,Regular,Regular,Regular,0,OK,1,1822,1893,0,1.0,1877,1881,Western Offshoots,6317.4384,5098.689600000001,47325.0,241295485.32000002,55,268504022.32000005,1017661045.702806,360704575.1312,1168068272.6993976,4.0,0.04780635400907714,0.06867722279505846,0.029559395563327096,1.0
2,Garfield,Regular,Irregular,Assassination by Unsupported Individual,0,Death,1,1831,1881,0,3.0,1881,1882,Western Offshoots,6557.845600000001,6317.4384,51743.0,326883215.1312,50,360704575.1312,1168068272.6993976,381313272.6312,1209112829.7728684,0.5448323066392882,0.03805453805453807,0.0571345608591296,0.03513883394728046,1.0
2,Arthur,Regular,Regular,Regular,0,OK,1,1829,1886,0,1.0,1881,1885,Western Offshoots,6424.1432,6317.4384,51743.0,326883215.1312,52,360704575.1312,1168068272.6993976,403006007.07280004,1569887596.480446,3.455167693360712,0.004222629222629226,0.0293186133875718,0.08600082143581533,1.0
2,Cleveland,Regular,Regular,Regular,0,OK,1,1837,1908,0,1.0,1885,1889,Western Offshoots,6705.689600000001,6424.1432,56879.0,365398841.07280004,48,403006007.07280004,1569887596.480446,459960449.2336,1714730856.0219688,4.0,0.008765259155493288,0.02826481052949248,0.01845269175528861,1.0
2,Harrison,Regular,Regular,Regular,0,OK,1,1833,1901,0,1.0,1889,1893,Western Offshoots,6834.2496,6705.689600000001,62016.0,415860046.2336,56,459960449.2336,1714730856.0219688,502302004.85760003,1828684347.56283,4.0,0.0038343558282208255,0.01841095498299943,0.013291122760247465,1.0
2,Cleveland,Regular,Regular,Regular,1,OK,1,1837,1908,0,1.0,1893,1897,Western Offshoots,7406.341600000001,6834.2496,67231.0,459473434.85760003,56,502302004.85760003,1828684347.56283,582199488.0936,2070110790.055213,4.0,0.01674191121143718,0.0318125281059352,0.02640438660878166,1.0
2,McKinley,Regular,Irregular,Assassination by Unsupported Individual,0,Death,1,1843,1901,0,3.0,1897,1901,Western Offshoots,8770.3632,7406.341600000001,72471.0,536744982.09360003,54,582199488.0936,2070110790.055213,739205229.9216,2383409478.9599314,4.528405201916495,0.03683388300642245,0.053935376117252166,0.030268784686288443,1.0
2,"Roosevelt, T.",Regular,Regular,Regular,0,OK,1,1858,1919,0,1.0,1901,1909,Western Offshoots,9798.118165962505,8770.3632,77888.0,683106048.9216,43,739205229.9216,2383409478.9599314,974778877.7868638,2939559126.60919,7.468856947296373,0.01464812434966356,0.039835629932273464,0.02916775592689755,1.0
2,Taft,Regular,Regular,Regular,0,OK,1,1857,1930,0,1.0,1909,1913,Western Offshoots,10107.969407089222,9798.118165962505,90845.0,890110044.7868638,52,974778877.7868638,2939559126.60919,1091095921.9483504,4396657850.163141,4.0,0.006324709212083235,0.023865318958402694,0.09913722846151618,1.0
2,Wilson,Regular,Regular,Regular,0,OK,1,1856,1924,0,1.0,1913,1921,Western Offshoots,9674.880487572922,10107.969407089222,97606.0,986598461.9483505,57,1091095921.9483504,4396657850.163141,1155693063.447896,3494210458.682645,8.0,-0.004760698130290835,0.006578211889747992,-0.022806398815637015,1.0
2,Harding,Regular,Natural Death,Regular,0,Missing: Natural Death within Six Months of Losing Office,1,1865,1923,0,2.0,1921,1923,Western Offshoots,11071.242977955602,9674.880487572922,108964.0,1054213677.4478959,56,1155693063.447896,3494210458.682645,1360948558.5634964,3902172216.269208,2.414784394250513,0.04810955174678947,0.05920127111237217,0.03891787691005969,1.0
2,Coolidge,Regular,Regular,Regular,0,OK,1,1872,1933,0,1.0,1923,1929,Western Offshoots,11954.235345750252,11071.242977955602,112387.0,1244263784.5634964,51,1360948558.5634964,3902172216.269208,1610542861.8412397,5654440675.939672,5.585215605749487,0.013292581052142816,0.03056621816051523,0.07484158235272076,1.0
2,Hoover,Regular,Regular,Regular,0,OK,1,1874,1964,0,1.0,1929,1933,Western Offshoots,8048.224515824326,11954.235345750252,122245.0,1461345499.8412397,55,1610542861.8412397,5654440675.939672,1136592655.4067135,5044728874.113239,4.0,-0.06534940490885548,-0.05885595691538274,-0.02156576880966603,1.0
2,"Roosevelt, F.",Regular,Natural Death,Regular,0,Missing: Natural Death within Six Months of Losing Office,1,1882,1945,0,2.0,1933,1945,Western Offshoots,16477.551766472516,8048.224515824326,126180.0,1015524969.4067135,51,1136592655.4067135,5044728874.113239,2555812784.84346,5516514526.341848,12.106776180698152,0.08056556911856813,0.09605092789234754,0.007193885919977127,1.0
2,Truman,Regular,Regular,Regular,0,OK,1,1884,1972,0,1.0,1945,1953,Western Offshoots,16917.0,16477.551766472516,140474.0,2314667606.84346,61,2555812784.84346,5516514526.341848,3034661133.164,10381252161.518972,7.775496235455168,0.003333688764535131,0.02341957278523185,0.11023123414131261,1.0
2,Eisenhower,Regular,Regular,Regular,0,OK,1,1890,1969,0,1.0,1953,1961,Western Offshoots,18175.0,16917.0,160184.0,2709832728.0,63,3034661133.164,10381252161.518972,3784937088.512,14545646569.21639,8.0,0.008262562970844576,0.027470610846012197,0.04457174168828342,1.0
2,Kennedy,Regular,Irregular,Assassination by Unsupported Individual,0,Death,1,1917,1963,0,3.0,1961,1963,Western Offshoots,19514.0,18175.0,183691.0,3338583925.0,44,3784937088.512,14545646569.21639,4193686049.857,15991243735.72246,2.836413415468857,0.02455754241173776,0.03599786485096675,0.033127831057608935,1.0
2,Johnson,Regular,Regular,Regular,0,OK,1,1908,1973,0,1.0,1963,1969,Western Offshoots,24195.0,19514.0,189242.0,3692868388.0,55,4193686049.857,15991243735.72246,5590316711.476,22012539042.756966,5.163586584531143,0.039979843531140036,0.05550529395123349,0.06275617046579558,1.0
2,Nixon,Regular,Regular,Regular,0,OK,1,1913,1994,0,1.0,1969,1974,Western Offshoots,26286.0,24195.0,202677.0,4903770015.0,56,5590316711.476,22012539042.756966,6483578141.5,27746656042.65312,5.549623545516769,0.014403802438520352,0.026631211197458666,0.043415535336157385,1.0
2,Ford,Regular,Regular,Regular,0,OK,1,1913,2006,0,1.0,1974,1977,Western Offshoots,28001.0,26286.0,213854.0,5621366244.0,61,6483578141.5,27746656042.65312,7108701091.2,30733214214.56724,2.4503764544832305,0.021747952015014338,0.03213878386579583,0.03587889614906007,1.0
2,Carter,Regular,Regular,Regular,0,OK,1,1924,-777,0,1.0,1977,1981,Western Offshoots,30056.0,28001.0,220239.0,6166912239.0,53,7108701091.2,30733214214.56724,7979785945.601999,35740398961.4584,4.0,0.014678047212599531,0.024507567366430207,0.032584842652206535,1.0
2,Reagan,Regular,Regular,Regular,0,OK,1,1911,2004,0,1.0,1981,1989,Western Offshoots,36756.0,30056.0,229966.237,6911865219.271999,70,7979785945.601999,35740398961.4584,10457063747.331999,46016341267.83971,8.0,0.024768580131901925,0.03449379356257228,0.031946240124710416,1.0
2,G.H.W. Bush,Regular,Regular,Regular,0,OK,1,1924,-777,0,1.0,1989,1993,Western Offshoots,37761.53516734228,36756.0,247341.697,9091291414.932,65,10457063747.331999,46016341267.83971,11249703066.466793,48709321632.52854,4.0,0.005471406939505252,0.015159883085479465,0.011704452333636216,1.0
2,Clinton,Regular,Regular,Regular,0,OK,1,1946,-777,0,1.0,1993,2001,Western Offshoots,45878.009153955805,37761.53516734228,259919.0,9814940459.160437,47,11249703066.466793,48709321632.52854,15056386981.662313,64760587194.60295,8.0,0.023882250521874933,0.03759787053641851,0.0366146333302778,1.0
2,G.W. Bush,Regular,Regular,Regular,0,OK,1,1946,-777,0,1.0,2001,2009,Western Offshoots,48452.93350407469,45878.009153955805,284969.0,13073810390.593632,55,15056386981.662313,64760587194.60295,17324172040.043434,90134685455.90204,7.997262149212868,0.007015682452234467,0.01882743400809847,0.04897673755074777,1.0
2,Obama,Regular,Still in Office,Still in Office,0,Leader Still in Office,1,1961,-777,0,-888.0,2009,2015,Western Offshoots,52808.154135428966,48452.93350407469,306772.0,14864003316.912,48,17324172040.043434,90134685455.90204,19805745934.47515,113181872475.00757,6.9431895961670085,0.012840798913763012,0.020463347716010074,0.03652817194391237,1.0
20,Mackenzie,Regular,Regular,Regular,0,OK,1,1822,1892,0,1.0,1873,1878,Western Offshoots,2609.0,2936.0,3943.0,11576648.0,51,245312435.712,943174079.4074694,279740999.0368,1038709456.9097267,4.941820670773443,-0.022275204359673027,0.028069154525227225,0.0202582703634679,1.0
20,Macdonald,Regular,Natural Death,Regular,1,Missing: Natural Death within Six Months of Losing Office,1,1815,1891,0,2.0,1878,1891,Western Offshoots,3840.0,2609.0,4244.0,11072596.0,63,279740999.0368,1038709456.9097267,486951967.7856,1755379986.2233455,12.635181382614647,0.03629448359229885,0.056978795897816924,0.05307403517717747,1.0
20,Abbott,Regular,Regular,Regular,0,OK,1,1821,1893,0,1.0,1891,1892,Western Offshoots,3779.0,3840.0,4972.0,19092480.0,70,486951967.7856,1755379986.2233455,526800338.27040005,1831626029.2905164,1.4729637234770705,-0.007942708333333326,0.0409161201935474,0.021717817129501493,1.0
20,Thompson,Regular,Natural Death,Regular,0,Missing: Natural Death within Six Months of Losing Office,1,1845,1894,0,2.0,1892,1894,Western Offshoots,3857.0,3779.0,5022.0,18978138.0,47,526800338.27040005,1831626029.2905164,490471883.8144,1864405397.3313825,2.0177960301163584,0.006880127017729591,-0.022986858471702492,0.005965440455033481,1.0
20,Bowell,Regular,Regular,Regular,0,OK,1,1823,1917,0,1.0,1894,1896,Western Offshoots,3647.0,3857.0,5121.0,19751697.0,71,490471883.8144,1864405397.3313825,534470603.0496,1960151150.4666553,1.3607118412046544,-0.027223230490018124,0.04485345713705535,0.025677289196952113,1.0
20,Tupper,Regular,Regular,Regular,0,OK,1,1821,1915,0,1.0,1896,1897,Western Offshoots,4004.0,3647.0,5218.0,19030046.0,75,534470603.0496,1960151150.4666553,582199488.0936,2070110790.055213,0.1943874058863792,0.09788867562380044,0.08930123522541189,0.05609753082683411,1.0
20,Laurier,Regular,Regular,Regular,0,OK,1,1841,1919,0,1.0,1896,1911,Western Offshoots,6715.0,3647.0,5218.0,19030046.0,55,534470603.0496,1960151150.4666553,1013165659.0498738,3482522324.7243567,15.24435318275154,0.05257746092678914,0.055977711083280327,0.04854125579471476,1.0
20,Borden,Regular,Retired Due to Ill Health,Regular,0,OK,1,1854,1937,0,2.1,1911,1920,Western Offshoots,6154.0,6715.0,7410.0,49758150.0,57,1013165659.0498738,3482522324.7243567,1191161692.3117025,3564985722.0261664,8.668035592060233,-0.009282700421940928,0.019520338902562932,0.0026310239664942715,1.0
20,Meighen,Regular,Regular,Regular,0,OK,1,1874,1960,0,1.0,1920,1921,Western Offshoots,5351.0,6154.0,8798.0,54142892.0,46,1191161692.3117025,3564985722.0261664,1155693063.447896,3494210458.682645,1.4702258726899384,-0.0652421189470263,-0.014888251147068043,-0.009926444151829084,1.0
20,King,Regular,Regular,Regular,0,OK,1,1874,1951,0,1.0,1921,1926,Western Offshoots,7168.0,5351.0,9028.0,48308828.0,47,1155693063.447896,3494210458.682645,1507299279.0289705,4582082014.773711,4.4955509924709105,0.06791253971220335,0.06084768122291782,0.06226708831391945,1.0
20,Meighen,Regular,Regular,Regular,1,OK,1,1874,1960,0,1.0,1926,1927,Western Offshoots,7726.0,7168.0,9713.0,69622784.0,52,1507299279.0289705,4582082014.773711,1520081204.7339897,4698671884.768971,0.24093086926762491,0.0778459821428572,0.008480018456091587,0.025444736610856555,1.0
20,King,Regular,Regular,Regular,1,OK,1,1874,1951,0,1.0,1926,1930,Western Offshoots,7669.0,7168.0,9713.0,69622784.0,52,1507299279.0289705,4582082014.773711,1463406549.2860653,5458058939.984556,3.865845311430527,0.017473493303571452,-0.007280028981898945,0.04779360792683812,1.0
20,Bennett,Regular,Regular,Regular,0,OK,1,1870,1947,0,1.0,1930,1935,Western Offshoots,6298.0,7669.0,10488.0,80432472.0,60,1463406549.2860653,5458058939.984556,1377331650.0228457,5630779125.9489,5.210130047912389,-0.029795279697483374,-0.00980302879665849,0.005274163943126187,1.0
20,King,Regular,Retired Due to Ill Health,Regular,2,OK,1,1874,1951,0,2.1,1935,1948,Western Offshoots,11261.0,6298.0,11136.0,70134528.0,61,1377331650.0228457,5630779125.9489,2423263711.3491716,6499684837.63634,13.065023956194388,0.05628771038424897,0.05424215217202133,0.0110223989085171,1.0
20,St. Laurent,Regular,Regular,Regular,0,OK,1,1882,1973,0,1.0,1948,1957,Western Offshoots,13719.0,11261.0,13180.0,148419980.0,66,2423263711.3491716,6499684837.63634,3384302974.107,12402988214.360376,8.596851471594798,0.02425282933230719,0.0440654229278965,0.1009160619012895,1.0
20,Diefenbaker,Regular,Regular,Regular,0,OK,1,1895,1979,0,1.0,1957,1963,Western Offshoots,15248.0,13719.0,17010.154,233362302.72599998,62,3384302974.107,12402988214.360376,4193686049.857,15991243735.72246,5.834360027378508,0.0185752119930996,0.039859663961457646,0.048217621153687586,1.0
20,Pearson,Regular,Regular,Regular,0,OK,1,1897,1972,0,1.0,1963,1968,Western Offshoots,18297.0,15248.0,19342.841,294939639.568,66,4193686049.857,15991243735.72246,5403203675.9,20870428352.946007,4.996577686516085,0.039992130115425,0.05768279321167795,0.06102320367144491,1.0
20,Pierre Trudeau,Regular,Regular,Regular,0,OK,1,1919,2000,0,1.0,1968,1979,Western Offshoots,25775.0,18297.0,21143.1,386855300.7,49,5403203675.9,20870428352.946007,7757065470.9,33220383789.58506,11.121149897330595,0.03405840666047257,0.03630348980887902,0.04931201869213101,1.0
20,Clark,Regular,Regular,Regular,0,OK,1,1939,-777,0,1.0,1979,1980,Western Offshoots,25784.0,25775.0,24276.9,625737097.5,40,7757065470.9,33220383789.58506,7775470120.042999,35105310712.72682,0.7474332648870636,0.00034917555771096787,0.002372630373179474,0.05674007064700759,1.0
20,Pierre Trudeau,Regular,Regular,Regular,1,OK,1,1919,2000,0,1.0,1980,1984,Western Offshoots,26836.0,25784.0,24593.3,634113647.1999999,61,7775470120.042999,35105310712.72682,8715061242.991999,38795331361.618996,4.32580424366872,0.008160099286379152,0.024168085233251535,0.02102257791755946,1.0
20,Turner,Regular,Regular,Regular,0,OK,1,1929,-777,0,1.0,1984,1985,Western Offshoots,28025.0,26836.0,25701.8,689733504.8,55,8715061242.991999,38795331361.618996,9065511388.508999,40098894653.77975,0.216290212183436,0.04430615590997178,0.04021201179725575,0.033601035135129464,1.0
20,Mulroney,Regular,Regular,Regular,0,OK,1,1939,-777,0,1.0,1984,1993,Western Offshoots,29657.57435681402,26836.0,25701.8,689733504.8,45,8715061242.991999,38795331361.618996,11249703066.466793,48709321632.52854,8.76933607118412,0.01168237672783665,0.03231496158462918,0.0283939957691738,1.0
20,Kim Campbell,Regular,Regular,Regular,0,OK,0,1947,-777,0,1.0,1993,1994,Western Offshoots,30745.822846121897,29657.57435681402,28787.79,853776022.4933472,46,11249703066.466793,48709321632.52854,11718939595.990294,50046959415.1475,0.3613963039014374,0.036693779343348165,0.04171101465977389,0.027461638507518593,1.0
20,Chretien,Regular,Regular,Regular,0,OK,1,1939,-777,0,1.0,1993,2003,Western Offshoots,38559.97590268697,29657.57435681402,28787.79,853776022.4933472,54,11249703066.466793,48709321632.52854,15798159997.971424,69971417637.12488,10.102669404517453,0.0272884498815073,0.03675617767323936,0.03968270864418785,1.0
20,Paul Martin,Regular,Regular,Regular,0,OK,1,1938,-777,0,1.0,2003,2006,Western Offshoots,41247.14929668085,38559.97590268697,31757.69,1224575761.125003,65,15798159997.971424,69971417637.12488,17410960199.111603,82618841699.03532,2.1546885694729636,0.02322938341365018,0.03402928360744273,0.06025043028998208,1.0
20,Harper,Regular,Regular,Regular,0,Missing: Left Office after 2014-12-31,1,1959,-777,0,1.0,2006,2015,Western Offshoots,43761.52709036398,41247.14929668085,32688.16,1348293415.753791,47,17410960199.111603,82618841699.03532,19805745934.47515,113181872475.00757,9.741273100616016,0.006095882592025492,0.01375447251602897,0.03699280956674209,1.0
20,Justin Trudeau,Regular,Still in Office,Still in Office,0,Missing: Left Office after 2014-12-31,1,1971,-777,0,-888.0,2015,2016,Western Offshoots,43702.07959843087,43761.52709036398,35831.15,1568025841.4038954,44,19805745934.47515,113181872475.00757,20141178862.26269,116773716558.88167,0.15605749486652978,-0.0013584418982993673,0.01693614211235861,0.03173515338922517,1.0
40,Palma,Regular,Irregular,Unknown,0,OK,1,1835,1908,0,3.0,1902,1906,Latin America,1913.0,1680.0,1775.0,2982000.0,67,99363364.0,2427437019.6413016,124281783.0,2786976251.5688505,4.358658453114305,0.02773809523809523,0.05015615010780028,0.029622950380865286,1.0
40,Gomez,Regular,Regular,Regular,0,OK,1,1858,1921,0,1.0,1909,1913,Latin America,2120.0,2069.0,2154.0,4456626.0,51,139328207.0,2939559126.60919,155476888.0,4396657850.163141,4.306639288158795,0.004929917834702735,0.023180777744451975,0.09913722846151618,1.0
40,Menocal,Regular,Regular,Regular,0,Exile,1,1868,1941,0,1.0,1913,1921,Latin America,2302.0,2120.0,2431.0,5153720.0,45,155476888.0,4396657850.163141,192715258.0,3494210458.682645,8.0,0.009538784067085946,0.02661229408364971,-0.022806398815637015,1.0
40,Zyas y Alfonso,Regular,Regular,Regular,0,OK,1,1861,1934,0,1.0,1921,1925,Latin America,2560.0,2302.0,3083.0,7097066.0,60,192715258.0,3494210458.682645,235026569.0,4389125672.035584,4.0,0.02241529105125979,0.043910701663279816,0.05122274252995811,1.0
40,Machado Morales,Regular,Irregular,"Removed by Military, without Foreign Support",0,Exile,1,1871,1939,0,3.0,1925,1933,Latin America,1551.0,2560.0,3432.0,8785920.0,54,235026569.0,4389125672.035584,257259548.0,5044728874.113239,8.229979466119097,-0.04379340277777778,0.010510858455326375,0.016596654020404628,1.0
40,de Cespedes,Irregular,Irregular,"Removed by Military, without Foreign Support",0,OK,1,1871,1939,1,3.0,1933,1934,Latin America,1680.0,1551.0,4060.0,6297060.0,62,257259548.0,5044728874.113239,276350304.0,5285216561.450975,0.06570841889117043,0.0831721470019342,0.07420815339378573,0.047671082696195244,1.0
40,Grau San Martin,Irregular,Irregular,Removed in Military Power Struggle Short of Coup,0,Exile,1,1882,1969,1,3.0,1933,1934,Latin America,1680.0,1551.0,4060.0,6297060.0,51,257259548.0,5044728874.113239,276350304.0,5285216561.450975,0.34770704996577684,0.0831721470019342,0.07420815339378573,0.047671082696195244,1.0
40,Hevia,Irregular,Irregular,Removed in Military Power Struggle Short of Coup,0,OK,1,1900,1964,1,3.0,1934,1935,Latin America,1809.0,1680.0,4137.0,6950160.0,34,276350304.0,5285216561.450975,294207804.0,5630779125.9489,0.008213552361396304,0.07678571428571423,0.0646190713074084,0.06538285810620703,1.0
40,Mendieta,Irregular,Regular,Regular,0,OK,1,1873,1960,1,1.0,1934,1935,Latin America,1809.0,1680.0,4137.0,6950160.0,61,276350304.0,5285216561.450975,294207804.0,5630779125.9489,1.8973305954825461,0.03839285714285712,0.0323095356537042,0.032691429053103516,1.0
40,Barnet,Regular,Regular,Regular,0,OK,1,1864,1945,0,1.0,1935,1936,Latin America,1913.0,1809.0,4221.0,7635789.0,71,294207804.0,5630779125.9489,310140444.0,5983416185.986538,0.4380561259411362,0.057490326147042525,0.05415437586421068,0.06262669022347978,1.0
40,Gomez y Arias,Regular,Regular,Regular,0,OK,1,1889,1950,0,1.0,1936,1937,Latin America,2042.0,1913.0,4289.0,8204857.0,47,310140444.0,5983416185.986538,325433436.0,6283610123.956657,0.6078028747433265,0.06743335075797185,0.049309892649795684,0.05017099406743397,1.0
40,Laredo Bru,Regular,Regular,Regular,0,OK,1,1875,1946,0,1.0,1936,1940,Latin America,2069.0,1913.0,4289.0,8204857.0,61,310140444.0,5983416185.986538,358293969.0,6033654014.749514,3.783709787816564,0.020386826973340322,0.03881590254639605,0.002099044559219998,1.0
40,Batista,Regular,Regular,Regular,0,Exile,1,1901,1973,0,1.0,1940,1944,Latin America,2275.0,2069.0,4566.0,9447054.0,39,358293969.0,6033654014.749514,415891044.0,5921553827.78953,4.0,0.019913001449975855,0.03215073653667892,-0.003715830794604735,1.0
40,Grau San Martin,Regular,Regular,Regular,1,Exile,1,1882,1969,0,1.0,1944,1948,Latin America,2507.0,2275.0,4849.0,11031475.0,62,415891044.0,5921553827.78953,529832059.0,6499684837.63634,4.0,0.020395604395604394,0.05479368533841282,0.019526327942293566,1.0
40,Prio Socarres,Regular,Irregular,"Removed by Military, without Foreign Support",0,Exile,1,1903,1977,0,3.0,1948,1952,Latin America,2844.0,2507.0,5268.0,13206876.0,45,529832059.0,6499684837.63634,659388635.711,9831337731.891596,3.4140999315537304,0.033605903470283194,0.061130963345028544,0.12814670932055672,1.0
40,Batista,Irregular,Irregular,"Removed by Rebels, without Foreign Support",1,Exile,1,1901,1973,1,3.0,1952,1959,Latin America,3006.0,2844.0,6008.0,17086752.0,51,659388635.711,9831337731.891596,942740965.706,13330790435.611374,6.811772758384668,0.00813743218806511,0.06138853794674933,0.05084982618341237,1.0
40,Castro,Irregular,Retired Due to Ill Health,Regular,0,OK,1,1927,-777,1,2.1,1959,2008,Latin America,6004.893861824534,3006.0,6901.0,20744406.0,32,942740965.706,13330790435.611374,7321236617.331129,90277694082.64677,49.14442162902122,0.01995272030488712,0.13531809656427524,0.11544237233147454,1.0
40,Raul Castro,Regular,Still in Office,Still in Office,0,Leader Still in Office,1,1931,-777,0,-888.0,2008,2015,Latin America,7889.0,6004.893861824534,11258.0,67603095.0964206,77,7321236617.331129,90277694082.64677,8738737945.986675,113181872475.00757,7.8494182067077345,0.03922022148787399,0.02420187672428145,0.03171350717513985,1.0
42,Balaguer,Irregular,Irregular,"Removed by Military, without Foreign Support",0,Exile,1,1907,2002,1,3.0,1961,1962,Latin America,2222.0,1964.0,3340.557,6560853.948,54,1077511563.008,14545646569.21639,1127021110.899,15291081770.15114,0.6351813826146475,0.1313645621181263,0.04594804324214241,0.05124799350702958,1.0
42,Echavarria,Irregular,Irregular,"Removed by Military, without Foreign Support",0,Imprisonment,1,1925,-777,1,3.0,1962,1963,Latin America,2291.0,2222.0,3453.434,7673530.348,37,1127021110.899,15291081770.15114,1163421978.836,15991243735.72246,0.0054757015742642025,0.03105310531053096,0.03229830176647175,0.045788909908131226,1.0
42,Filiberto Bonnelly,Regular,Regular,Regular,0,OK,1,1904,1979,0,1.0,1962,1963,Latin America,2291.0,2222.0,3453.434,7673530.348,58,1127021110.899,15291081770.15114,1163421978.836,15991243735.72246,1.106091718001369,0.01552655265526548,0.016149150883235874,0.022894454954065613,1.0
42,Bosch,Regular,Irregular,"Removed by Military, without Foreign Support",0,Exile,1,1909,2001,0,3.0,1963,1964,Latin America,2365.0,2291.0,3569.217,8177076.147,54,1163421978.836,15991243735.72246,1249245419.046,17168846684.352207,0.5749486652977412,0.032300305543430774,0.0737681097411158,0.07364048526126377,1.0
42,de los Santos,Irregular,Regular,Regular,0,OK,1,1903,1986,1,1.0,1963,1964,Latin America,2365.0,2291.0,3569.217,8177076.147,60,1163421978.836,15991243735.72246,1249245419.046,17168846684.352207,0.23819301848049282,0.032300305543430774,0.0737681097411158,0.07364048526126377,1.0
42,Cabral,Irregular,Irregular,"Removed by Military, without Foreign Support",0,OK,1,1923,2006,1,3.0,1963,1965,Latin America,2007.0,2291.0,3569.217,8177076.147,40,1163421978.836,15991243735.72246,1314086558.9229999,18075505373.698357,1.3415468856947297,-0.06198166739415101,0.064750616211385,0.06516884091135178,1.0
42,Molina Urena,Irregular,Irregular,"Removed by Military, without Foreign Support",0,Exile,1,1921,2000,1,3.0,1965,1966,Latin America,2206.0,2007.0,3805.881,7638403.166999999,44,1314086558.9229999,18075505373.698357,1383196801.941,19030818060.72169,0.0054757015742642025,0.09915296462381673,0.05259184986614707,0.052851229731778915,1.0
42,Bartolome Benoit,Irregular,Regular,Regular,0,OK,1,1921,-777,1,1.0,1965,1966,Latin America,2206.0,2007.0,3805.881,7638403.166999999,44,1314086558.9229999,18075505373.698357,1383196801.941,19030818060.72169,0.02737850787132101,0.09915296462381673,0.05259184986614707,0.052851229731778915,1.0
42,Berreras,Irregular,Regular,Regular,0,OK,1,1920,-999,1,1.0,1965,1966,Latin America,2206.0,2007.0,3805.881,7638403.166999999,45,1314086558.9229999,18075505373.698357,1383196801.941,19030818060.72169,0.31485284052019163,0.09915296462381673,0.05259184986614707,0.052851229731778915,1.0
42,Godoy,Regular,Regular,Regular,0,OK,1,1921,1970,0,1.0,1965,1966,Latin America,2206.0,2007.0,3805.881,7638403.166999999,44,1314086558.9229999,18075505373.698357,1383196801.941,19030818060.72169,0.8240930869267625,0.09915296462381673,0.05259184986614707,0.052851229731778915,1.0
42,Balaguer,Regular,Regular,Regular,1,OK,1,1907,2002,0,1.0,1966,1978,Latin America,3583.0,2206.0,3926.395,8661627.37,59,1383196801.941,19030818060.72169,2740771000.139,32088474953.570343,12.0,0.04801590069042471,0.07549813904299615,0.05277939930899912,1.0
42,Guzman Fernandez,Regular,Suicide,Regular,0,Missing: Natural Death within Six Months of Losing Office,1,1911,1982,0,2.2,1978,1982,Latin America,3826.0,3583.0,5431.308,19460376.564,67,2740771000.139,32088474953.570343,3079731264.3409996,36196627164.43434,4.008213552361396,0.01356405246999719,0.024734665113196906,0.02560515709648521,1.0
42,Majluta Azar,Regular,Regular,Regular,0,OK,1,1934,1996,0,1.0,1982,1983,Latin America,3905.0,3826.0,5969.0,22837394.0,48,3079731264.3409996,36196627164.43434,3006650568.852,37212432698.472725,0.11772758384668036,0.02064819654992167,-0.023729568983882454,0.028063541098008127,1.0
42,Blanco,Regular,Regular,Regular,0,OK,1,1926,2010,0,1.0,1982,1986,Latin America,3682.0,3826.0,5969.0,22837394.0,56,3079731264.3409996,36196627164.43434,3340983614.9059997,41482688664.595215,4.0,-0.007527443805541045,0.016965918655951474,0.029207480996211642,1.0
42,Balaguer,Regular,Regular,Regular,2,OK,1,1907,2002,0,1.0,1986,1996,Latin America,5198.566649164177,3682.0,6517.0,23995594.0,79,3340983614.9059997,41482688664.595215,4492940575.211721,53971480867.83615,10.001368925393566,0.03744424100449797,0.031345068428520056,0.027369121488939895,1.0
42,Fernandez Reyna,Regular,Regular,Regular,0,OK,1,1953,-777,0,1.0,1996,2000,Latin America,6788.0838992463005,5198.566649164177,7805.77,40578815.593046255,43,4492940575.211721,53971480867.83615,5194943343.847668,62796055415.77486,4.0,0.0611521350923792,0.031249145493221463,0.032700879820392846,1.0
42,Hipolito Mejia,Regular,Regular,Regular,0,OK,1,1941,-777,0,1.0,2000,2004,Latin America,7441.447629239874,6788.0838992463005,8300.57,56344965.571566865,59,5194943343.847668,62796055415.77486,5863197758.565579,74015814861.56413,3.997262149212868,0.024062892404221714,0.03215888848476667,0.04466745312067316,1.0
42,Fernandez Reyna,Regular,Regular,Regular,1,OK,1,1953,-777,0,1.0,2004,2012,Latin America,11854.365826170415,7441.447629239874,8801.44,65495454.821897,51,5863197758.565579,74015814861.56413,8384594258.468367,102883604981.64182,8.0,0.06589097559146283,0.04778197464797857,0.04333576873487662,1.0
42,Medina,Regular,Still in Office,Still in Office,0,Leader Still in Office,1,1951,-777,0,-888.0,2012,2015,Latin America,13765.118895315249,11854.365826170415,9742.24,115488076.92635046,61,8384594258.468367,102883604981.64182,8738737945.986675,113181872475.00757,3.373032169746749,0.04029640001758972,0.010559356738122028,0.02502407330887013,1.0
51,Bustamante,Regular,Regular,Regular,0,OK,1,1884,1977,0,1.0,1962,1967,Latin America,5066.0,4339.0,1665.128,7224990.392,78,1127021110.899,15291081770.15114,1443948083.726,19784467002.851566,4.547570157426421,0.03351002535146348,0.0562415326140953,0.05877131912892795,1.0
51,Sangster,Regular,Natural Death,Regular,0,Missing: Natural Death within Six Months of Losing Office,1,1911,1967,0,2.0,1967,1968,Latin America,5235.0,5066.0,1861.096,9428312.336,56,1443948083.726,19784467002.851566,1532849525.322,20870428352.946007,0.13141683778234087,0.033359652585866595,0.06156830885955156,0.05488959343397615,1.0
51,Shearer,Regular,Regular,Regular,0,OK,1,1923,2004,0,1.0,1967,1972,Latin America,6150.0,5066.0,1861.096,9428312.336,44,1443948083.726,19784467002.851566,1991838516.389,25373866516.69958,4.892539356605065,0.04279510461902882,0.0758878298794801,0.0565029071851408,1.0
51,Manley,Regular,Regular,Regular,0,OK,1,1924,1997,0,1.0,1972,1980,Latin America,4975.0,6150.0,1997.616,12285338.4,48,1991838516.389,25373866516.69958,3087260751.627,35105310712.72682,8.668035592060233,-0.02122854561878952,0.06110614926443206,0.04261359129578186,1.0
51,Seaga,Regular,Regular,Regular,0,OK,1,1930,-777,0,1.0,1980,1989,Latin America,5748.0,4975.0,2228.803,11088294.924999999,50,3087260751.627,35105310712.72682,3526756992.264,46016341267.83971,8.276522929500342,0.017264098269123403,0.01581755463985288,0.03453428281169904,1.0
51,Manley,Regular,Retired Due to Ill Health,Regular,1,OK,1,1924,1997,0,2.1,1989,1992,Latin America,6292.028858163386,5748.0,2337.517,13436047.715999998,65,3526756992.264,46016341267.83971,3858778563.7832885,47778114919.29238,3.132101300479124,0.023661658757976045,0.023535898011089462,0.009571456589726524,1.0
51,Patterson,Regular,Regular,Regular,0,OK,1,1935,-777,0,1.0,1992,2006,Latin America,7286.966682587152,6292.028858163386,2413.42,15185308.286868678,57,3858778563.7832885,47778114919.29238,6563879628.943458,82618841699.03532,13.998631074606434,0.011294765021084872,0.05007322951044289,0.05208709773531325,1.0
51,Simpson-Miller,Regular,Regular,Regular,0,OK,0,1945,-777,0,1.0,2006,2007,Latin America,7402.178408572077,7286.966682587152,2709.94,19747242.491810225,61,6563879628.943458,82618841699.03532,6992107294.041285,87408786989.82104,1.4510609171800137,0.007905328170378145,0.03262001204360565,0.028988213779579386,1.0
51,Golding,Regular,Regular,Regular,0,OK,1,1947,-777,0,1.0,2007,2011,Latin America,7141.0,7402.178408572077,2708.17,20046357.500742644,60,6992107294.041285,87408786989.82104,8156972484.557,99528621997.01219,4.114989733059549,-0.007056798530271036,0.03331943122521648,0.027731388169481265,1.0
51,Holness,Regular,Regular,Regular,0,OK,1,1972,-777,0,1.0,2011,2012,Latin America,7119.505553796556,7141.0,2691.54,19220287.14,39,8156972484.557,99528621997.01219,8384594258.468367,102883604981.64182,0.2026009582477755,-0.0030100050698003145,0.027905178587068535,0.03370872536274372,1.0
51,Simpson-Miller,Regular,Still in Office,Still in Office,1,Leader Still in Office,0,1945,-777,0,-888.0,2012,2015,Latin America,7268.231183366261,7119.505553796556,2686.14,19123988.64827508,67,8384594258.468367,102883604981.64182,8738737945.986675,113181872475.00757,3.9863107460643397,0.005222470452684536,0.010559356738122028,0.02502407330887013,1.0
70,de la Barra,Regular,Regular,Regular,0,Exile,1,1863,1939,0,1.0,1911,1912,Latin America,2131.0,2150.0,14990.0,32228500.0,48,147401920.0,3482522324.7243567,153929329.0,3179188159.666755,0.4490075290896646,-0.008837209302325566,0.04428306632640888,-0.08710185801367709,1.0
70,Madero,Regular,Irregular,Unknown,0,Death,1,1873,1913,0,3.0,1911,1913,Latin America,2004.0,2150.0,14990.0,32228500.0,38,147401920.0,3482522324.7243567,155476888.0,4396657850.163141,1.2895277207392197,-0.033953488372093,0.0273909864946128,0.13124618311113612,1.0
70,Huerta,Irregular,Irregular,Unknown,0,Exile,1,1845,1916,1,3.0,1913,1914,Latin America,2007.0,2004.0,14970.0,29999880.0,68,155476888.0,4396657850.163141,147294375.0,3092014836.2343206,1.3990417522245038,0.0007485029940119681,-0.02631424228146373,-0.1483675849236723,1.0
70,Carranza,Irregular,Irregular,"Removed by Rebels, without Foreign Support",0,Death,1,1859,1920,1,3.0,1915,1920,Latin America,2552.0,1978.0,14950.0,29571100.0,56,148598033.0,3112087731.959568,191513114.0,3564985722.0261664,4.547570157426421,0.05803842264914057,0.05775995837037762,0.029105734097118453,1.0
70,"de la Huerta, A",Regular,Regular,Regular,0,OK,1,1881,1955,0,1.0,1920,1921,Latin America,2542.0,2552.0,14900.0,38024800.0,39,191513114.0,3564985722.0261664,192715258.0,3494210458.682645,0.5229295003422314,-0.003918495297805635,0.006277084502944286,-0.019852888303658167,1.0
70,Obregon,Irregular,Regular,Regular,0,OK,1,1890,1928,1,1.0,1920,1924,Latin America,2523.0,2552.0,14900.0,38024800.0,30,191513114.0,3564985722.0261664,228277553.0,4177978439.109769,4.0,-0.002272727272727271,0.038393651726638424,0.03438963097642964,1.0
70,Calles,Regular,Regular,Regular,0,Exile,1,1877,1945,0,1.0,1924,1928,Latin America,2565.0,2523.0,15609.0,39381507.0,47,228277553.0,4177978439.109769,272421476.0,4861352558.274555,4.0,0.0033293697978596716,0.0386756581362163,0.03271314723732264,1.0
70,Portes Gil,Regular,Regular,Regular,0,OK,1,1890,1978,0,1.0,1928,1930,Latin America,2233.0,2565.0,16613.0,42612345.0,38,272421476.0,4861352558.274555,267002454.0,5458058939.984556,1.1800136892539357,-0.06471734892787523,-0.009946025694391292,0.06137246523031348,1.0
70,Ortiz Rubio,Regular,Regular,Regular,0,Exile,1,1877,1963,0,1.0,1930,1932,Latin America,1890.0,2233.0,17175.0,38351775.0,53,267002454.0,5458058939.984556,238034537.0,5018502854.988797,2.5790554414784395,-0.05120167189132707,-0.03616435799999551,-0.02684446918028353,1.0
70,Rodriguez,Regular,Regular,Regular,0,OK,1,1889,1967,0,1.0,1932,1934,Latin America,2176.0,1890.0,17790.0,33623100.0,43,238034537.0,5018502854.988797,276350304.0,5285216561.450975,2.239561943874059,0.05044091710758377,0.053655753044497656,0.01771535682845086,1.0
70,Cardenas,Regular,Regular,Regular,0,OK,1,1895,1970,0,1.0,1934,1940,Latin America,2560.0,2176.0,18445.0,40136320.0,39,276350304.0,5285216561.450975,358293969.0,6033654014.749514,6.0013689253935665,0.02521008403361345,0.04236014105178208,0.020229944211813393,1.0
70,Avila Camacho,Regular,Regular,Regular,0,OK,1,1897,1955,0,1.0,1940,1946,Latin America,3124.0,2560.0,20393.0,52206080.0,43,358293969.0,6033654014.749514,475890330.0,5764995899.017727,5.9986310746064335,0.03671874999999999,0.054701991090450076,-0.007421100466236026,1.0
70,Aleman Valdes,Regular,Regular,Regular,0,Exile,1,1903,1983,0,1.0,1946,1952,Latin America,3706.0,3124.0,24413.0,76266212.0,43,475890330.0,5764995899.017727,659388635.711,9831337731.891596,6.0013689253935665,0.02661423083958295,0.05508421167750981,0.10076433466740478,1.0
70,Ruiz Cortines,Regular,Regular,Regular,0,OK,1,1890,1973,0,1.0,1952,1958,Latin America,4501.0,3706.0,30144.317,111714838.802,62,659388635.711,9831337731.891596,917164941.4790001,12754499113.886679,5.9986310746064335,0.035752833243389105,0.06515538075913992,0.04955516501945142,1.0
70,Lopez Mateos,Regular,Regular,Regular,0,OK,1,1910,1969,0,1.0,1958,1964,Latin America,5555.0,4501.0,36141.955,162674939.455,48,917164941.4790001,12754499113.886679,1249245419.046,17168846684.352207,6.0013689253935665,0.0334528834862094,0.05172468558093413,0.04944302993509764,1.0
70,Diaz Ordaz,Regular,Regular,Regular,0,OK,1,1911,1979,0,1.0,1964,1970,Latin America,6873.0,5555.0,43774.575,243167764.12499997,53,1249245419.046,17168846684.352207,1754182512.501,23271103735.64346,5.9986310746064335,0.03954395439543956,0.0673656120402401,0.059237691417491356,1.0
70,Echeverria Alvarez,Regular,Regular,Regular,0,OK,1,1922,-777,0,1.0,1970,1976,Latin America,8131.0,6873.0,52775.158,362723660.934,48,1754182512.501,23271103735.64346,2505485432.207,29537559377.26344,6.0013689253935665,0.026147866392301124,0.061184618911977316,0.03846865017544048,1.0
70,Lopez Portillo,Regular,Regular,Regular,0,OK,1,1920,2004,0,1.0,1976,1982,Latin America,10240.0,8131.0,62219.964,505910527.284,56,2505485432.207,29537559377.26344,3079731264.3409996,36196627164.43434,5.9986310746064335,0.04322961505349895,0.03819923973961973,0.03757401270090902,1.0
70,de La Madrid,Regular,Regular,Regular,0,OK,1,1934,2012,0,1.0,1982,1988,Latin America,9193.0,10240.0,71640.904,733602856.9599999,48,3079731264.3409996,36196627164.43434,3484355322.693,44671815935.24714,6.0013689253935665,-0.014606584821428579,0.018768987273893645,0.033449007485506624,1.0
70,Salinas,Regular,Regular,Regular,0,Exile,1,1948,-777,0,1.0,1988,1994,Latin America,10721.008231258847,9193.0,81781.816,751820234.488,40,3484355322.693,44671815935.24714,4224740380.411421,50046959415.1475,5.9958932238193015,0.027702386440024058,0.03541473190637886,0.020054193631810862,1.0
70,Zedillo,Regular,Regular,Regular,0,OK,1,1951,-777,0,1.0,1994,2000,Latin America,12613.396051909382,10721.008231258847,90755.64,972991963.4731647,43,4224740380.411421,50046959415.1475,5194943343.847668,62796055415.77486,5.9986310746064335,0.029418685566235097,0.03827465816734854,0.042457111446310446,1.0
70,Vicente Fox Quesada,Regular,Regular,Regular,0,OK,1,1942,-777,0,1.0,2000,2006,Latin America,14287.558268468327,12613.396051909382,98402.89,1241194624.2224731,58,5194943343.847668,62796055415.77486,6563879628.943458,82618841699.03532,5.9958932238193015,0.0221214837736677,0.043918871181948226,0.052611548480269756,1.0
70,Calderon,Regular,Regular,Regular,0,OK,1,1962,-777,0,1.0,2006,2012,Latin America,15547.994521281404,14287.558268468327,105737.62,1510732406.9191618,44,6563879628.943458,82618841699.03532,8384594258.468367,102883604981.64182,6.0013689253935665,0.012602735782210241,0.03962627358143627,0.035040023845593335,1.0
70,Enrique Pena Nieto,Regular,Still in Office,Still in Office,0,Leader Still in Office,1,1966,-777,0,-888.0,2012,2015,Latin America,16235.004341326458,15547.994521281404,114162.63,1774999945.7750762,46,8384594258.468367,102883604981.64182,8738737945.986675,113181872475.00757,3.080082135523614,0.011046598632137195,0.010559356738122028,0.02502407330887013,1.0
93,Diego Chamorro,Regular,Natural Death,Regular,0,Missing: Natural Death within Six Months of Losing Office,1,1861,1923,0,2.0,1921,1923,Latin America,2010.0,2083.0,640.0,1333120.0,60,192715258.0,3494210458.682645,219186564.0,3902172216.269208,2.7761806981519506,-0.01168186909905585,0.04578655970596094,0.03891787691005969,1.0
93,Martinez Bartol,Regular,Regular,Regular,0,Exile,1,1860,1936,0,1.0,1923,1924,Latin America,2098.0,2010.0,650.0,1306500.0,63,219186564.0,3902172216.269208,228277553.0,4177978439.109769,1.1553730321697468,0.02189054726368156,0.020738016131317205,0.03534008848848991,1.0
93,Solorzano,Regular,Irregular,"Removed by Military, without Foreign Support",0,Exile,1,1860,1936,0,3.0,1925,1926,Latin America,1983.0,2316.0,660.0,1528560.0,65,235026569.0,4389125672.035584,244042383.0,4582082014.773711,1.0349075975359343,-0.07189119170984454,0.01918041444922769,0.021981182262279297,1.0
93,Chamorro Vargas,Irregular,Regular,Regular,1,Exile,1,1871,1966,1,1.0,1926,1927,Latin America,1992.0,1983.0,670.0,1328610.0,55,244042383.0,4582082014.773711,252940663.0,4698671884.768971,0.783025325119781,0.004538577912254205,0.03646202717173108,0.025444736610856555,1.0
93,Adolfo Diaz,Regular,Regular,Regular,1,Exile,1,1875,1964,0,1.0,1926,1929,Latin America,2778.0,1983.0,670.0,1328610.0,51,244042383.0,4582082014.773711,280769547.0,5654440675.939672,2.1738535249828885,0.13363590519415025,0.05016500760853493,0.07801101898717833,1.0
93,Moncada,Regular,Regular,Regular,0,OK,1,1871,1945,0,1.0,1929,1932,Latin America,1863.0,2778.0,680.0,1889040.0,58,280769547.0,5654440675.939672,238034537.0,5018502854.988797,3.997262149212868,-0.08234341252699784,-0.03805167837521922,-0.028116742990021426,1.0
93,"Sacasa, Juan",Regular,Regular,Regular,0,Exile,1,1874,1946,0,1.0,1933,1936,Latin America,1583.0,2311.0,700.0,1617700.0,59,257259548.0,5044728874.113239,310140444.0,5983416185.986538,3.4277891854893907,-0.07875378623972307,0.051388662161530374,0.046518224036286804,1.0
93,Jarquin,Regular,Regular,Regular,0,Exile,1,1886,1942,0,1.0,1936,1937,Latin America,1672.0,1583.0,750.0,1187250.0,50,310140444.0,5983416185.986538,325433436.0,6283610123.956657,0.5338809034907598,0.05622236260265323,0.049309892649795684,0.05017099406743397,1.0
93,Anastasio Somoza Garcia,Regular,Regular,Regular,0,OK,1,1896,1956,0,1.0,1937,1947,Latin America,2310.0,1672.0,770.0,1287440.0,41,325433436.0,6283610123.956657,495900627.0,5916422135.694958,10.327173169062286,0.034688995215311,0.0476196224767647,-0.005312348402766579,1.0
93,Arguello,Regular,Irregular,"Removed by Military, without Foreign Support",0,Exile,1,1875,1947,0,3.0,1947,1948,Latin America,2460.0,2310.0,980.0,2263800.0,72,495900627.0,5916422135.694958,529832059.0,6499684837.63634,0.06844626967830253,0.06493506493506485,0.06842385379762783,0.09858368597846345,1.0
93,Anastasio Somoza Garcia,Irregular,Irregular,Assassination by Unsupported Individual,1,Death,1,1896,1956,1,3.0,1947,1956,Latin America,3186.0,2310.0,980.0,2263800.0,51,495900627.0,5916422135.694958,813934456.329,11951387652.483673,9.347022587268993,0.03792207792207791,0.06413257253836865,0.10200363291149497,1.0
93,Luis Somoza Debayle,Regular,Regular,Regular,0,OK,1,1922,1967,0,1.0,1956,1963,Latin America,3781.0,3186.0,1317.0,4195962.0,34,813934456.329,11951387652.483673,1163421978.836,15991243735.72246,6.584531143052704,0.02667922159447584,0.06134006066624921,0.048289145527432256,1.0
93,Shick Gutierrez,Irregular,Natural Death,Regular,0,Missing: Natural Death within Six Months of Losing Office,1,1909,1966,1,2.0,1963,1966,Latin America,4342.0,3781.0,1642.0,6208402.0,54,1163421978.836,15991243735.72246,1383196801.941,19030818060.72169,3.2580424366872007,0.03709336154456494,0.047225947915494115,0.047519354579800444,1.0
93,Guerrero Gutierrez,Regular,Regular,Regular,0,OK,1,1900,1981,0,1.0,1966,1967,Latin America,4500.0,4342.0,1807.0,7845994.0,66,1383196801.941,19030818060.72169,1443948083.726,19784467002.851566,0.7392197125256673,0.03638876093965915,0.04392092412283599,0.03960150003668805,1.0
93,Anastasio Somoza Debayle,Regular,Irregular,"Removed by Rebels, with Foreign Support",0,Death,1,1925,1980,0,3.0,1967,1979,Latin America,3405.0,4500.0,1865.0,8392500.0,42,1443948083.726,19784467002.851566,2914837745.91,33220383789.58506,12.210814510609172,-0.018717948717948716,0.07835832874099967,0.052239570586814214,1.0
93,Daniel Ortega,Irregular,Regular,Regular,0,OK,1,1945,-777,1,1.0,1979,1990,Latin America,2291.0,3405.0,2687.0,9149235.0,34,2914837745.91,33220383789.58506,3546778466.3650002,46715156894.540726,10.770704996577686,-0.029742357495661464,0.019709212454659175,0.036929060265119024,1.0
93,Violeta Chamorro,Regular,Regular,Regular,0,OK,0,1929,-777,0,1.0,1990,1997,Latin America,2482.690824004514,2291.0,3644.0,8348404.0,61,3546778466.3650002,46715156894.540726,4764813624.333422,56142944592.630035,6.713210130047912,0.011953035106598111,0.049060020020153826,0.028830617374425493,1.0
93,Aleman,Regular,Regular,Regular,0,OK,1,1946,-777,0,1.0,1997,2002,Latin America,2969.457584869204,2482.690824004514,4598.0,11415412.408772755,51,4764813624.333422,56142944592.630035,5340359249.454948,67072928019.09664,4.999315537303217,0.03921283763231927,0.024158158975296475,0.03893626707959097,1.0
93,Enrique Bolanos,Regular,Regular,Regular,0,OK,1,1928,-777,0,1.0,2002,2007,Latin America,3729.851433342894,2969.457584869204,5036.0,14954188.39740131,74,5340359249.454948,67072928019.09664,6992107294.041285,87408786989.82104,4.996577686516085,0.051214326303110534,0.06185906106428769,0.06063805344813482,1.0
93,Daniel Ortega,Regular,Still in Office,Still in Office,1,Leader Still in Office,1,1945,-777,0,-888.0,2007,2015,Latin America,4866.0,3729.851433342894,5408.0,20171036.55151837,62,6992107294.041285,87408786989.82104,8738737945.986675,113181872475.00757,8.971937029431896,0.03384551151288763,0.02775559130846925,0.032761879710722974,1.0
95,Jose Domingo de Obaldia,Regular,Natural Death,Regular,0,Missing: Natural Death within Six Months of Losing Office,1,1845,1910,0,2.0,1908,1910,Latin America,2837.0,2504.0,312.0,781248.0,63,133316053.0,2760330548.1963253,145113649.0,3166254860.355937,1.4127310061601643,0.0664936102236422,0.044246719485462105,0.07352820705202379,1.0
95,Carlos Antonio Mendoza,Regular,Regular,Regular,0,OK,1,1856,1916,0,1.0,1910,1911,Latin America,2915.0,2837.0,326.0,924862.0,54,145113649.0,3166254860.355937,147401920.0,3482522324.7243567,0.5859000684462696,0.02749383151216067,0.015768819926787137,0.09988692582152603,1.0
95,Pablo Arosemena Alba,Regular,Regular,Regular,0,OK,1,1836,1920,0,1.0,1910,1912,Latin America,2930.0,2837.0,326.0,924862.0,74,145113649.0,3166254860.355937,153929329.0,3179188159.666755,1.3388090349075976,0.016390553401480434,0.030375088975951536,0.002042365488759801,1.0
95,Rudolfo Chiari,Regular,Regular,Regular,0,OK,1,1870,1937,0,1.0,1912,1913,Latin America,2927.0,2930.0,341.0,999130.0,42,153929329.0,3179188159.666755,155476888.0,4396657850.163141,0.09582477754962354,-0.0010238907849828838,0.010053698083748452,0.38294986938552333,1.0
95,Pablo Arosemena Alba,Regular,Regular,Regular,1,OK,1,1836,1920,0,1.0,1912,1913,Latin America,2927.0,2930.0,341.0,999130.0,76,153929329.0,3179188159.666755,155476888.0,4396657850.163141,0.5667351129363449,-0.0010238907849828838,0.010053698083748452,0.38294986938552333,1.0
95,Belisario Porras Barahona,Regular,Regular,Regular,0,OK,1,1856,1942,0,1.0,1912,1916,Latin America,2888.0,2930.0,341.0,999130.0,56,153929329.0,3179188159.666755,154776992.0,3334816155.24101,4.0,-0.0028668941979522076,0.0011013664588896965,0.009790423703048034,1.0
95,Ramon Maximiliano Valdes,Regular,Natural Death,Regular,0,Missing: Natural Death within Six Months of Losing Office,1,1867,1918,0,2.0,1916,1918,Latin America,2630.0,2888.0,402.0,1160976.0,49,154776992.0,3334816155.24101,166209096.0,3237619941.9560475,1.6700889801505818,-0.04466759002770082,0.03693088957304458,-0.014572949266214996,1.0
95,Ciro Luis Urriola,Regular,Regular,Regular,0,OK,1,1863,1922,0,1.0,1918,1919,Latin America,2534.0,2630.0,442.0,1162460.0,55,166209096.0,3237619941.9560475,172685640.0,3233683011.2296357,0.32854209445585214,-0.03650190114068441,0.038966242858333056,-0.0012159953289740955,1.0
95,Belisario Porras Barahona,Regular,Regular,Regular,1,OK,1,1856,1942,0,1.0,1918,1920,Latin America,2445.0,2630.0,442.0,1162460.0,62,166209096.0,3237619941.9560475,191513114.0,3564985722.0261664,1.3305954825462012,-0.035171102661596954,0.07612103852607444,0.05055654862817793,1.0
95,Ernesto Lefevre,Regular,Regular,Regular,0,OK,1,1876,1922,0,1.0,1920,1921,Latin America,2370.0,2445.0,487.0,1190715.0,44,191513114.0,3564985722.0261664,192715258.0,3494210458.682645,0.6707734428473648,-0.030674846625766916,0.006277084502944286,-0.019852888303658167,1.0
95,Belisario Porras Barahona,Regular,Regular,Regular,2,OK,1,1856,1942,0,1.0,1920,1924,Latin America,2491.0,2445.0,487.0,1190715.0,64,191513114.0,3564985722.0261664,228277553.0,4177978439.109769,4.0,0.0037627811860940774,0.038393651726638424,0.03438963097642964,1.0
95,Rudolfo Chiari,Regular,Regular,Regular,1,OK,1,1870,1937,0,1.0,1924,1928,Latin America,2558.0,2491.0,495.0,1233045.0,54,228277553.0,4177978439.109769,272421476.0,4861352558.274555,3.9370294318959616,0.006724207145724581,0.04834457267027037,0.0408914340466533,1.0
95,Tomas Duque,Regular,Regular,Regular,0,OK,1,1890,-999,0,1.0,1928,1929,Latin America,2605.0,2558.0,504.0,1289232.0,38,272421476.0,4861352558.274555,280769547.0,5654440675.939672,0.06297056810403832,0.018373729476153233,0.03064395334235681,0.1631414525398276,1.0
95,Florencio Harmodio Arosemena,Regular,Irregular,"Removed by Rebels, without Foreign Support",0,Exile,1,1872,1945,0,3.0,1928,1931,Latin America,2383.0,2558.0,504.0,1289232.0,56,272421476.0,4861352558.274555,251610514.0,5274746126.337196,2.2559890485968515,-0.022804274172530614,-0.025464172043959305,0.02834557962399442,1.0
95,"Arias, H.",Irregular,Regular,Regular,0,OK,1,1886,1962,1,1.0,1931,1932,Latin America,2362.0,2383.0,527.0,1255841.0,45,251610514.0,5274746126.337196,238034537.0,5018502854.988797,0.03559206023271732,-0.008812421317666796,-0.053956318375471435,-0.04857926148690983,1.0
95,Alfaro,Regular,Regular,Regular,0,OK,1,1882,1971,0,1.0,1931,1932,Latin America,2362.0,2383.0,527.0,1255841.0,49,251610514.0,5274746126.337196,238034537.0,5018502854.988797,1.7084188911704312,-0.004406210658833398,-0.026978159187735717,-0.024289630743454915,1.0
95,"Arias, H.",Regular,Regular,Regular,1,OK,1,1886,1962,0,1.0,1932,1936,Latin America,2507.0,2362.0,543.0,1282566.0,46,238034537.0,5018502854.988797,310140444.0,5983416185.986538,4.0,0.01227773073666385,0.06058440754754844,0.038454230629301686,1.0
95,"Arosomena, Juan",Regular,Natural Death,Regular,0,Missing: Natural Death within Six Months of Losing Office,1,1879,1939,0,2.0,1936,1939,Latin America,2683.0,2507.0,608.0,1524256.0,57,310140444.0,5983416185.986538,350268792.0,5943149740.776493,3.2060232717316905,0.0175508575987236,0.032346916353805155,-0.001682418703563976,1.0
95,Boyd,Regular,Regular,Regular,0,OK,1,1879,1957,0,1.0,1939,1940,Latin America,2651.0,2683.0,656.0,1760048.0,60,350268792.0,5943149740.776493,358293969.0,6033654014.749514,0.7885010266940452,-0.011926947446887826,0.022911481648641985,0.015228334792250386,1.0
95,"Arias, A.",Regular,Irregular,"Removed by Other Government Actors, without Foreign Support",0,Exile,1,1901,1988,0,3.0,1940,1941,Latin America,2911.0,2651.0,697.0,1847747.0,39,358293969.0,6033654014.749514,376295581.0,5616296626.636931,1.0212183436002737,0.04903809883062993,0.025121288044901435,-0.034585790558452234,1.0
95,Ernesto Jaen Guardia,Regular,Regular,Regular,0,OK,1,1895,1961,0,1.0,1941,1942,Latin America,2896.0,2911.0,720.0,2095920.0,46,376295581.0,5616296626.636931,378518382.0,5685375444.6349,0.0,-0.005152868430092772,0.005907061130223656,0.012299709682416449,1.0
95,"Guardia, R.",Irregular,Regular,Regular,0,OK,1,1899,1969,1,1.0,1941,1945,Latin America,3371.0,2911.0,720.0,2095920.0,42,376295581.0,5616296626.636931,434131070.0,5516514526.341848,3.682409308692676,0.0395053246307111,0.038424241421001426,-0.004441632401582796,1.0
95,Jimenez,Regular,Irregular,"Removed by Other Government Actors, without Foreign Support",0,Exile,1,1888,1970,0,3.0,1945,1948,Latin America,2724.0,3371.0,791.0,2666461.0,57,434131070.0,5516514526.341848,529832059.0,6499684837.63634,3.29637234770705,-0.047982794423019864,0.055110654139543636,0.04455577460186888,1.0
95,Diaz Arosomena,Irregular,Retired Due to Ill Health,Regular,0,Missing: Natural Death within Six Months of Losing Office,1,1873,1949,1,2.1,1948,1949,Latin America,2732.0,2724.0,822.0,2239128.0,75,529832059.0,6499684837.63634,549177110.0,6839178858.225641,0.8213552361396304,0.002936857562408246,0.03651166567102737,0.05223238188772861,1.0
95,Chaniz Pinzon,Regular,Irregular,"Removed by Military, without Foreign Support",0,Exile,1,1892,1961,0,3.0,1949,1950,Latin America,2577.0,2732.0,838.0,2289416.0,57,549177110.0,6839178858.225641,604047804.132,8767224010.95815,0.31485284052019163,-0.05673499267935578,0.09991438669393915,0.28191178980698894,1.0
95,"Chiari, Roberto",Regular,Regular,Regular,0,OK,1,1905,1981,0,1.0,1949,1950,Latin America,2577.0,2732.0,838.0,2289416.0,44,549177110.0,6839178858.225641,604047804.132,8767224010.95815,0.013689253935660506,-0.05673499267935578,0.09991438669393915,0.28191178980698894,1.0
95,"Arias, A.",Irregular,Regular,Regular,1,Imprisonment,1,1901,1988,1,1.0,1949,1951,Latin America,2491.0,2732.0,838.0,2289416.0,48,549177110.0,6839178858.225641,637484504.19,9334940849.93543,1.4537987679671458,-0.04410688140556368,0.08039974043164333,0.18246064647863958,1.0
95,"Arosomena, A.",Regular,Regular,Regular,0,OK,1,1883,1958,0,1.0,1951,1952,Latin America,2557.0,2491.0,916.0,2281756.0,68,637484504.19,9334940849.93543,659388635.711,9831337731.891596,1.3963039014373717,0.013247691690084329,0.01718012859687601,0.026588110730214165,1.0
95,Remon Cantero,Regular,Irregular,Assassination by Unsupported Individual,0,Death,1,1908,1955,0,3.0,1952,1955,Latin America,2766.0,2557.0,940.0,2403580.0,44,659388635.711,9831337731.891596,777827903.911,11398992120.516134,2.2532511978097194,0.027245469951766427,0.05987327340589784,0.05315161345538525,1.0
95,Guizado,Regular,Regular,Regular,0,Imprisonment,1,1899,1964,0,1.0,1955,1956,Latin America,2836.0,2766.0,1011.0,2796426.0,56,777827903.911,11398992120.516134,813934456.329,11951387652.483673,0.03285420944558522,0.025307302964569844,0.04641971859900185,0.048460032793015584,1.0
95,Arias Espinosa,Regular,Regular,Regular,0,OK,1,1912,1993,0,1.0,1955,1956,Latin America,2836.0,2766.0,1011.0,2796426.0,43,777827903.911,11398992120.516134,813934456.329,11951387652.483673,1.7111567419575633,0.012653651482284922,0.023209859299500923,0.024230016396507792,1.0
95,"Guardia Jr., E.",Regular,Regular,Regular,0,OK,1,1904,1983,0,1.0,1956,1960,Latin America,3217.0,2836.0,1037.0,2940932.0,52,813934456.329,11951387652.483673,1014324872.635,14025367456.334517,4.0,0.02686882933709449,0.04923993934592694,0.034706928838005524,1.0
95,"Chiari, Roberto",Regular,Regular,Regular,1,OK,1,1905,1981,0,1.0,1960,1964,Latin America,3929.0,3217.0,1148.0,3693116.0,55,1014324872.635,14025367456.334517,1249245419.046,17168846684.352207,4.0,0.04426484302144855,0.0463205729739677,0.044825623824892344,1.0
95,Robles,Regular,Regular,Regular,0,Exile,1,1905,1990,0,1.0,1964,1968,Latin America,4752.0,3929.0,1288.0,5060552.0,59,1249245419.046,17168846684.352207,1532849525.322,20870428352.946007,4.0,0.041893611606006596,0.04540406583881289,0.04311974748970697,1.0
95,"Arias, A.",Regular,Irregular,"Removed by Military, without Foreign Support",2,Exile,1,1901,1988,0,3.0,1968,1969,Latin America,4976.0,4752.0,1447.0,6876144.0,67,1532849525.322,20870428352.946007,1636456669.4099998,22012539042.756966,0.030116358658453114,0.047138047138047146,0.06759120342633462,0.05472387391846434,1.0
95,Torrijos Herrera,Irregular,Natural Death,Regular,0,Missing: Natural Death within Six Months of Losing Office,1,1929,1981,1,2.0,1968,1981,Latin America,7313.0,4752.0,1447.0,6876144.0,39,1532849525.322,20870428352.946007,3104329192.9090004,35740398961.4584,12.799452429842573,0.041456228956228955,0.07886165560018209,0.054806919801482175,1.0
95,Florez Aguilar,Irregular,Irregular,Removed in Military Power Struggle Short of Coup,0,Imprisonment,1,1931,-777,1,3.0,1981,1982,Latin America,7444.0,7313.0,1999.0,14618687.0,50,3104329192.9090004,35740398961.4584,3079731264.3409996,36196627164.43434,0.5886379192334018,0.01791330507315747,-0.007923750040487954,0.012765056245396922,1.0
95,Dario Paredes,Irregular,Regular,Regular,0,OK,1,1931,-777,1,1.0,1982,1983,Latin America,7186.0,7444.0,2040.0,15185760.0,51,3079731264.3409996,36196627164.43434,3006650568.852,37212432698.472725,1.4510609171800137,-0.01732939279957013,-0.011864784491941227,0.014031770549004063,1.0
95,Noriega,Irregular,Foreign,Removed through Threat of Foreign Force,0,Imprisonment,1,1940,-777,1,4.0,1983,1990,Latin America,7119.0,7186.0,2081.0,14954066.0,43,3006650568.852,37212432698.472725,3546778466.3650002,46715156894.540726,6.3874058863791925,-0.001331954991849238,0.025663483816679284,0.036480604184349126,1.0
95,Endara,Foreign Imposition,Regular,Regular,0,OK,1,1936,2009,2,1.0,1990,1994,Latin America,8549.647580230898,7119.0,2393.0,17035767.0,54,3546778466.3650002,46715156894.540726,4224740380.411421,50046959415.1475,4.657084188911704,0.04019237477822442,0.038229729907052555,0.014264331930333895,1.0
95,Balladares,Regular,Regular,Regular,0,OK,1,1946,-777,0,1.0,1994,1999,Latin America,9784.694118187648,8549.647580230898,2588.0,22126487.937637564,48,4224740380.411421,50046959415.1475,4960253908.381425,59628765673.01684,4.999315537303217,0.02889116835207366,0.03481934801865276,0.038291262325795786,1.0
95,Mireya Moscoso,Regular,Regular,Regular,0,OK,0,1946,-777,0,1.0,1999,2004,Latin America,10769.523182504083,9784.694118187648,2848.0,27866808.84859842,53,4960253908.381425,59628765673.01684,5863197758.565579,74015814861.56413,5.002053388090349,0.016774993209136186,0.030339302075458763,0.04021283191695546,1.0
95,Martin Torrijos,Regular,Regular,Regular,0,OK,1,1963,-777,0,1.0,2004,2009,Latin America,14515.766021072732,10769.523182504083,3104.0,33428599.958492674,41,5863197758.565579,74015814861.56413,7238503867.049956,90134685455.90204,4.829568788501026,0.06957119224469861,0.04691317486179565,0.04355520674733073,1.0
95,Martinelli,Regular,Regular,Regular,0,OK,1,1952,-777,0,1.0,2009,2014,Latin America,19855.0,14515.766021072732,3360.0,48772973.83080438,57,7238503867.049956,90134685455.90204,8731076632.536161,109801891452.69542,4.999315537303217,0.07356461892780897,0.04123981399748846,0.043639595339610884,1.0
95,Varela Rodriguez,Regular,Still in Office,Still in Office,0,Leader Still in Office,1,1963,-777,0,-888.0,2014,2015,Latin America,20723.0,19855.0,3608.0,71636840.0,51,8731076632.536161,109801891452.69542,8738737945.986675,113181872475.00757,1.5003422313483916,0.021858473936036238,0.0004387381861913342,0.015391269574660749,1.0
100,Perez,Regular,Regular,Regular,0,OK,1,1830,1900,0,1.0,1874,1876,Latin America,1111.0,1100.0,,,44,20868631.0,1028968928.0105561,21022083.0,994588638.0127813,2.001368925393566,0.003333333333333336,0.0024510791659820472,-0.011137456490627251,1.0
100,Parra,Regular,Retired Due to Ill Health,Regular,0,OK,1,1825,1900,0,2.1,1876,1877,Latin America,1116.0,1111.0,,,51,21022083.0,994588638.0127813,20893667.0,1017661045.702806,1.1170431211498972,0.0022502250225022724,-0.0030543119823092657,0.011598970070744063,1.0
100,Camargo,Regular,Regular,Regular,0,OK,1,1832,1907,0,1.0,1877,1878,Latin America,1122.0,1116.0,,,45,20893667.0,1017661045.702806,22323399.0,1038709456.9097267,0.2546201232032854,0.005376344086021501,0.06842896462358672,0.02068312558076202,1.0
100,Parra,Regular,Regular,Regular,1,Exile,1,1825,1900,0,1.0,1877,1878,Latin America,1122.0,1116.0,,,52,20893667.0,1017661045.702806,22323399.0,1038709456.9097267,0.6269678302532512,0.005376344086021501,0.06842896462358672,0.02068312558076202,1.0
100,Julián Trujillo Largacha,Regular,Regular,Regular,0,OK,1,1828,1883,0,1.0,1878,1880,Latin America,1133.0,1122.0,,,50,22323399.0,1038709456.9097267,23748900.0,1129603158.4191873,2.020533880903491,0.0032679738562091387,0.02128560260917256,0.02916879239098587,1.0
100,Nunez,Regular,Regular,Regular,0,OK,1,1825,1894,0,1.0,1880,1882,Latin America,1144.0,1133.0,,,55,23748900.0,1129603158.4191873,25628493.0,1209112829.7728684,1.9794661190965093,0.004854368932038833,0.039572211765597554,0.03519363006427412,1.0
100,Zaldua,Regular,Natural Death,Regular,0,Missing: Natural Death within Six Months of Losing Office,1,1811,1882,0,2.0,1882,1883,Latin America,1149.0,1144.0,,,71,25628493.0,1209112829.7728684,26208651.0,1236952247.1769855,0.7227926078028748,0.004370629370629375,0.02263722646509092,0.023024664628979785,1.0
100,Otalora,Regular,Natural Death,Regular,0,Missing: Natural Death within Six Months of Losing Office,1,1828,1884,0,2.0,1882,1884,Latin America,1156.0,1144.0,,,54,25628493.0,1209112829.7728684,27893233.0,1488902516.1597185,1.2758384668035592,0.005244755244755206,0.044184025958920015,0.11570040425400518,1.0
100,Nunez,Regular,Regular,Regular,1,OK,1,1825,1894,0,1.0,1884,1894,Latin America,1121.0,1156.0,,,59,27893233.0,1488902516.1597185,29888966.0,1864405397.3313825,10.447638603696099,-0.0027524378735451368,0.006504454780386082,0.022927374485945486,1.0
100,Caro,Regular,Regular,Regular,0,OK,1,1843,1909,0,1.0,1894,1898,Latin America,1098.0,1121.0,,,51,29888966.0,1864405397.3313825,64064436.0,2145898307.1412191,3.885010266940452,-0.005129348795718108,0.28585356549303176,0.03774566816486796,1.0
100,Sanclemente,Regular,Irregular,Unknown,0,Imprisonment,1,1814,1902,0,3.0,1898,1900,Latin America,1089.0,1098.0,,,84,64064436.0,2145898307.1412191,92820526.0,3063830824.5552855,1.9794661190965093,-0.0040983606557377095,0.22443099319566318,0.21388071241757545,1.0
100,Marroquin,Irregular,Regular,Regular,0,OK,1,1827,1908,1,1.0,1900,1904,Latin America,1066.0,1089.0,3998.0,4353822.0,73,92820526.0,3063830824.5552855,111387273.0,2530930797.645001,4.0191649555099245,-0.004224058769513306,0.040005692275434865,-0.03478651775674559,1.0
100,Reyes Prieto,Regular,Regular,Regular,0,Exile,1,1849,1921,0,1.0,1904,1909,Latin America,1197.0,1066.0,4334.0,4620044.0,55,111387273.0,2530930797.645001,139328207.0,2939559126.60919,4.917180013689254,0.02457786116322702,0.050168988336755496,0.03229075479617323,1.0
100,J. Holguin,Regular,Regular,Regular,0,OK,1,1848,1928,0,1.0,1909,1910,Latin America,1242.0,1197.0,4793.0,5737221.0,61,139328207.0,2939559126.60919,145113649.0,3166254860.355937,0.07118412046543464,0.03759398496240607,0.04152383874429666,0.07711895695333149,1.0
100,Gonzales Valencia,Regular,Regular,Regular,0,OK,1,1854,1928,0,1.0,1909,1910,Latin America,1242.0,1197.0,4793.0,5737221.0,55,139328207.0,2939559126.60919,145113649.0,3166254860.355937,0.947296372347707,0.03759398496240607,0.04152383874429666,0.07711895695333149,1.0
100,Restropo,Regular,Regular,Regular,0,OK,1,1867,1937,0,1.0,1910,1914,Latin America,1372.0,1242.0,4890.0,6073380.0,43,145113649.0,3166254860.355937,147294375.0,3092014836.2343206,4.0629705681040384,0.02093397745571659,0.0030055422284915425,-0.004689453464480154,1.0
100,Concha,Regular,Regular,Regular,0,OK,1,1867,1929,0,1.0,1914,1918,Latin America,1535.0,1372.0,5330.0,7312760.0,47,147294375.0,3092014836.2343206,166209096.0,3237619941.9560475,4.0,0.023760932944606416,0.02568288300215129,0.009418137585591601,1.0
100,Suarez,Regular,Regular,Regular,0,OK,1,1855,1927,0,1.0,1918,1921,Latin America,1769.0,1535.0,5903.0,9061105.0,63,166209096.0,3237619941.9560475,192715258.0,3494210458.682645,3.263518138261465,0.03811074918566776,0.039868699484413295,0.019813205481707563,1.0
100,J. Holguin,Regular,Regular,Regular,1,OK,1,1848,1928,0,1.0,1921,1922,Latin America,1851.0,1769.0,6374.0,11275606.0,73,192715258.0,3494210458.682645,203842078.0,3715797650.1647186,0.7364818617385352,0.04635387224420584,0.05773709936345561,0.06341552522443505,1.0
100,Nel Ospina,Regular,Regular,Regular,0,OK,1,1858,1927,0,1.0,1922,1926,Latin America,2136.0,1851.0,6539.0,12103689.0,64,203842078.0,3715797650.1647186,244042383.0,4582082014.773711,4.0,0.030794165316045376,0.03944259732281576,0.04662710115932125,1.0
100,Abadia Mendez,Regular,Regular,Regular,0,OK,1,1867,1947,0,1.0,1926,1930,Latin America,2350.0,2136.0,7243.0,15471048.0,59,244042383.0,4582082014.773711,267002454.0,5458058939.984556,4.0,0.020037453183520616,0.018816461893014714,0.0382348863414705,1.0
100,Olaya Herrera,Regular,Regular,Regular,0,OK,1,1881,1937,0,1.0,1930,1934,Latin America,2432.0,2350.0,7914.0,18597900.0,49,267002454.0,5458058939.984556,276350304.0,5285216561.450975,4.0,0.006978723404255316,0.007002070475352262,-0.006333474241817916,1.0
100,Lopez Pumarejo,Regular,Regular,Regular,0,OK,1,1886,1959,0,1.0,1934,1938,Latin America,2938.0,2432.0,8299.0,20183168.0,48,276350304.0,5285216561.450975,336590382.0,6269649368.577917,4.0,0.04161184210526314,0.04359689649554359,0.03725231674732665,1.0
100,Santos,Regular,Regular,Regular,0,OK,1,1888,1974,0,1.0,1938,1942,Latin America,2920.0,2938.0,8702.0,25566476.0,50,336590382.0,6269649368.577917,378518382.0,5685375444.6349,4.0,-0.0012253233492171445,0.024913367845430613,-0.01863816904566522,1.0
100,Lopez Pumarejo,Regular,Regular,Regular,1,OK,1,1886,1959,0,1.0,1942,1945,Latin America,3027.0,2920.0,9671.0,28239320.0,56,378518382.0,5685375444.6349,434131070.0,5516514526.341848,3.0006844626967832,0.009160958904109562,0.03673050678949591,-0.0074252316288276055,1.0
100,Lleras Camargo,Regular,Regular,Regular,0,OK,1,1906,1990,0,1.0,1945,1946,Latin America,3215.0,3027.0,10469.0,31689663.0,39,434131070.0,5516514526.341848,475890330.0,5764995899.017727,0.999315537303217,0.062107697390155314,0.09619044313045833,0.04504318288103071,1.0
100,Ospina Perez,Regular,Regular,Regular,0,OK,1,1891,1976,0,1.0,1946,1950,Latin America,3432.0,3215.0,10749.0,34558035.0,55,475890330.0,5764995899.017727,604047804.132,8767224010.95815,4.0,0.013499222395023347,0.05386008752562801,0.10415369462628625,1.0
100,Laureanco Gomez,Regular,Regular,Regular,0,OK,1,1889,1965,0,1.0,1950,1951,Latin America,3427.0,3432.0,11591.658,39782570.256,61,604047804.132,8767224010.95815,637484504.19,9334940849.93543,1.2457221081451062,-0.0007284382284382107,0.027677196928186598,0.032377228999036056,1.0
100,Roberto Urdaneta Arbelaez,Regular,Regular,Regular,0,OK,1,1890,1972,0,1.0,1951,1953,Latin America,3629.0,3427.0,11965.0,41004055.0,61,637484504.19,9334940849.93543,686448883.928,10381252161.518972,1.6043805612594113,0.02947184126057778,0.03840436858948826,0.0560427392312175,1.0
100,Laureanco Gomez,Regular,Irregular,"Removed by Military, without Foreign Support",1,Exile,1,1889,1965,0,3.0,1953,1954,Latin America,3759.0,3629.0,12749.619,46268367.351,64,686448883.928,10381252161.518972,727119295.82,10684681554.893536,0.0,0.035822540644805834,0.05924754609443861,0.029228592914765095,1.0
100,Rojas Pinillia,Irregular,Irregular,Removed in Military Power Struggle Short of Coup,0,Exile,1,1900,1975,1,3.0,1953,1957,Latin America,3826.0,3629.0,12749.619,46268367.351,53,686448883.928,10381252161.518972,869287812.533,12402988214.360376,3.9069130732375084,0.013571231744282153,0.06658869031833753,0.04868719161681517,1.0
100,Paris,Irregular,Regular,Regular,0,OK,1,1910,2008,1,1.0,1957,1958,Latin America,3798.0,3826.0,14485.993,55423409.218,47,869287812.533,12402988214.360376,917164941.4790001,12754499113.886679,1.242984257357974,-0.003659174072138005,0.027538134238010215,0.014170411736718291,1.0
100,Lleras Camargo,Regular,Regular,Regular,1,OK,1,1906,1990,0,1.0,1958,1962,Latin America,4135.0,3798.0,14958.277,56811536.046000004,52,917164941.4790001,12754499113.886679,1127021110.899,15291081770.15114,4.0,0.017746182201158513,0.04576192567535133,0.03977549621690302,1.0
100,Guillermo-Leon,Regular,Regular,Regular,0,OK,1,1909,1971,0,1.0,1962,1966,Latin America,4383.0,4135.0,17009.885,70335874.475,53,1127021110.899,15291081770.15114,1383196801.941,19030818060.72169,4.0,0.01199516324062877,0.045460673019275435,0.04891395320206424,1.0
100,Lleras Restropo,Regular,Regular,Regular,0,OK,1,1908,1994,0,1.0,1966,1970,Latin America,4932.0,4383.0,19201.732,84161191.356,58,1383196801.941,19030818060.72169,1754182512.501,23271103735.64346,4.0,0.025051334702258732,0.053641782577780184,0.044562305849304804,1.0
100,Pastrana Borrero,Regular,Regular,Regular,0,OK,1,1923,1997,0,1.0,1970,1974,Latin America,5767.0,4932.0,21429.658,105691073.256,47,1754182512.501,23271103735.64346,2289146958.1499996,27746656042.65312,4.0,0.03386050283860502,0.06099302003487446,0.03846446097143752,1.0
100,Lopez Michelsen,Regular,Regular,Regular,0,OK,1,1913,2007,0,1.0,1974,1978,Latin America,6443.0,5767.0,23598.0,136089666.0,61,2289146958.1499996,27746656042.65312,2740771000.139,32088474953.570343,4.0,0.023443731576209447,0.039457846109975006,0.03129615982728029,1.0
100,Turbay,Regular,Regular,Regular,0,OK,1,1916,2005,0,1.0,1978,1982,Latin America,6698.0,6443.0,25575.0,164779725.0,62,2740771000.139,32088474953.570343,3079731264.3409996,36196627164.43434,4.0,0.0079155672823219,0.024734665113196906,0.02560515709648521,1.0
100,Betancur,Regular,Regular,Regular,0,OK,1,1923,-777,0,1.0,1982,1986,Latin America,7071.0,6698.0,27826.0,186378548.0,59,3079731264.3409996,36196627164.43434,3340983614.9059997,41482688664.595215,4.0,0.011137653030755468,0.016965918655951474,0.029207480996211642,1.0
100,Vargas,Regular,Regular,Regular,0,OK,1,1921,1997,0,1.0,1986,1990,Latin America,7693.0,7071.0,30400.0,214958400.0,65,3340983614.9059997,41482688664.595215,3546778466.3650002,46715156894.540726,4.0,0.017592985433460617,0.012319416984916343,0.0252272376665466,1.0
100,César Gaviria Trujillo,Regular,Regular,Regular,0,OK,1,1947,-777,0,1.0,1990,1994,Latin America,8447.857240159066,7693.0,32957.0,253538201.0,43,3546778466.3650002,46715156894.540726,4224740380.411421,50046959415.1475,4.0,0.01962452203715239,0.038229729907052555,0.014264331930333895,1.0
100,Pizano,Regular,Regular,Regular,0,OK,1,1950,-777,0,1.0,1994,1998,Latin America,8863.261374059754,8447.857240159066,35587.27,300636176.52699554,44,4224740380.411421,50046959415.1475,4912475625.137914,57448919778.54096,4.0,0.009834544360573627,0.03255751515123961,0.02958006020702686,1.0
100,Arango,Regular,Regular,Regular,0,OK,1,1954,-777,0,1.0,1998,2002,Latin America,8630.542429754663,8863.261374059754,37837.72,335365602.1584882,44,4912475625.137914,57448919778.54096,5340359249.454948,67072928019.09664,4.0,-0.005251316292808261,0.017420284881516236,0.03350457511700875,1.0
100,Alvaro Uribe Velez,Regular,Regular,Regular,0,OK,1,1952,-777,0,1.0,2002,2010,Latin America,11191.68640656952,8630.542429754663,39918.43,344517703.84419143,50,5340359249.454948,67072928019.09664,7742585828.810348,95439312780.60913,7.997262149212868,0.03709419190132615,0.05622811282781623,0.052864817444372214,1.0
100,Santos Calderon,Regular,Still in Office,Still in Office,0,Leader Still in Office,1,1951,-777,0,-888.0,2010,2015,Latin America,13237.290998867446,11191.68640656952,43770.9,489870186.5333139,59,7742585828.810348,95439312780.60913,8738737945.986675,113181872475.00757,5.3990417522245036,0.030463156876535818,0.02144314012573641,0.03098401692389959,1.0
101,Guzman Blanco,Irregular,Regular,Regular,0,OK,1,1829,1899,1,1.0,1870,1877,Latin America,1943.0,1769.0,1653.0,2924157.0,41,40419451.0,1829723623.570818,20893667.0,1017661045.702806,6.8199863107460645,0.014051522248243575,-0.069011271684163,-0.06340243859836694,1.0
101,Jacinto Guitierrez Martinez de Aleman,Regular,Regular,Regular,0,Missing: No Information Found,1,1808,1884,0,1.0,1877,1878,Latin America,2077.0,1943.0,1849.0,3592607.0,69,20893667.0,1017661045.702806,22323399.0,1038709456.9097267,0.024640657084188913,0.06896551724137923,0.06842896462358672,0.02068312558076202,1.0
101,Linares Alcantara,Regular,Natural Death,Regular,0,Missing: Natural Death within Six Months of Losing Office,1,1825,1878,0,2.0,1877,1878,Latin America,2077.0,1943.0,1849.0,3592607.0,52,20893667.0,1017661045.702806,22323399.0,1038709456.9097267,1.7193702943189597,0.03448275862068961,0.03421448231179336,0.01034156279038101,1.0
101,Jacinto Guitierrez Martinez de Aleman,Regular,Irregular,Unknown,1,Exile,1,1808,1884,0,3.0,1878,1879,Latin America,2039.0,2077.0,1883.0,3910991.0,70,22323399.0,1038709456.9097267,23114604.0,1058886143.5363891,0.11498973305954825,-0.01829561868078955,0.03544285527486202,0.019424764540692863,1.0
101,Guzman Blanco,Regular,Regular,Regular,1,OK,1,1829,1899,0,1.0,1879,1884,Latin America,2346.0,2039.0,1917.0,3908763.0,50,23114604.0,1058886143.5363891,27893233.0,1488902516.1597185,5.166324435318275,0.02509400032695767,0.034456059323649514,0.06768375984018966,1.0
101,Joaquin Crespo,Regular,Regular,Regular,0,OK,1,1841,1898,0,1.0,1884,1886,Latin America,2308.0,2346.0,2083.0,4886718.0,43,27893233.0,1488902516.1597185,28392644.0,1592248032.1179183,1.998631074606434,-0.008098891730605295,0.008952189228118468,0.03470526607234026,1.0
101,Antonio Diez,Regular,Regular,Regular,0,Missing: No Information Found,1,1838,1916,0,1.0,1886,1887,Latin America,2385.0,2308.0,2129.0,4913732.0,48,28392644.0,1592248032.1179183,27987724.0,1991721219.4037962,0.3860369609856263,0.033362218370883934,-0.014261440392800306,0.25088628104914124,1.0
101,Guzman Blanco,Regular,Regular,Regular,2,OK,1,1829,1899,0,1.0,1886,1887,Latin America,2385.0,2308.0,2129.0,4913732.0,57,28392644.0,1592248032.1179183,27987724.0,1991721219.4037962,0.8952772073921971,0.033362218370883934,-0.014261440392800306,0.25088628104914124,1.0
101,Lopez,Regular,Regular,Regular,0,OK,1,1830,1898,0,1.0,1887,1888,Latin America,2385.0,2385.0,2147.0,5120595.0,57,27987724.0,1991721219.4037962,28109690.0,1669655927.7811909,0.9089664613278576,0.0,0.00435783917263155,-0.16170199347427383,1.0
101,Rojas Paul,Regular,Regular,Regular,0,OK,1,1826,1905,0,1.0,1888,1890,Latin America,2673.0,2385.0,2173.0,5182605.0,62,28109690.0,1669655927.7811909,69483632.0,2439288281.1040273,1.702943189596167,0.060377358490566024,0.7359373582561743,0.23047633363168496,1.0
101,Palacio,Regular,Irregular,Unknown,0,Exile,1,1843,1900,0,3.0,1890,1892,Latin America,2270.0,2673.0,2224.0,5944752.0,47,69483632.0,2439288281.1040273,30778633.0,1831626029.2905164,2.2477754962354553,-0.050255642848235436,-0.18567921626971562,-0.08303819007655815,1.0
101,Tell Villegas,Irregular,Irregular,Unknown,0,Exile,1,1823,1907,1,3.0,1892,1893,Latin America,2270.0,2270.0,2285.0,5186950.0,69,30778633.0,1831626029.2905164,29470132.0,1828684347.56283,0.2108145106091718,0.0,-0.04251329160720041,-0.0016060493139125054,1.0
101,Tell Villegas Pulido,Regular,Irregular,Unknown,0,Exile,1,1854,1949,0,3.0,1892,1893,Latin America,2270.0,2270.0,2285.0,5186950.0,38,30778633.0,1831626029.2905164,29470132.0,1828684347.56283,0.09308692676249145,0.0,-0.04251329160720041,-0.0016060493139125054,1.0
101,Joaquin Crespo,Irregular,Regular,Regular,1,OK,1,1841,1898,1,1.0,1892,1894,Latin America,2232.0,2270.0,2285.0,5186950.0,51,30778633.0,1831626029.2905164,29888966.0,1864405397.3313825,1.3935660506502396,-0.008370044052863457,-0.01445267241075976,0.008948160682550221,1.0
101,Guzman Alvarez,Regular,Regular,Regular,0,OK,1,1830,1912,0,1.0,1894,1895,Latin America,2423.0,2232.0,2346.0,5236272.0,64,29888966.0,1864405397.3313825,56508304.0,1958952104.1774433,0.038329911019849415,0.08557347670250892,0.890607523860143,0.05071145308922098,1.0
101,Joaquin Crespo,Regular,Regular,Regular,2,Death,1,1841,1898,0,1.0,1894,1898,Latin America,2134.0,2232.0,2346.0,5236272.0,53,29888966.0,1864405397.3313825,64064436.0,2145898307.1412191,3.8548939082819986,-0.010976702508960573,0.28585356549303176,0.03774566816486796,1.0
101,Guzman Alvarez,Regular,Regular,Regular,1,OK,1,1830,1912,0,1.0,1898,1899,Latin America,1808.0,2134.0,2475.0,5281650.0,68,64064436.0,2145898307.1412191,62175177.0,2208935645.8065176,0.02190280629705681,-0.15276476101218373,-0.029489980993510967,0.02937573437451335,1.0
101,Andrade,Irregular,Irregular,Unknown,0,Exile,1,1839,1925,1,3.0,1898,1899,Latin America,1808.0,2134.0,2475.0,5281650.0,59,64064436.0,2145898307.1412191,62175177.0,2208935645.8065176,1.6399726214921286,-0.07638238050609186,-0.014744990496755483,0.014687867187256676,1.0
101,Cipriano Castro,Irregular,Irregular,Unknown,0,Exile,1,1858,1924,1,3.0,1899,1908,Latin America,1693.0,1808.0,2509.0,4536272.0,41,62175177.0,2208935645.8065176,133316053.0,2760330548.1963253,9.136208076659821,-0.006360619469026552,0.1144200618841825,0.024962017496371412,1.0
101,Gomez,Irregular,Natural Death,Regular,0,Missing: Natural Death within Six Months of Losing Office,1,1857,1935,1,2.0,1908,1935,Latin America,3615.0,1693.0,2761.0,4674373.0,51,133316053.0,2760330548.1963253,294207804.0,5630779125.9489,26.99520876112252,0.04204677211174553,0.04469794602110476,0.03851455774258635,1.0
101,Lopez Contreras,Regular,Regular,Regular,0,OK,1,1883,1973,0,1.0,1935,1941,Latin America,4635.0,3615.0,3465.0,12525975.0,52,294207804.0,5630779125.9489,376295581.0,5616296626.636931,5.325119780971937,0.04702627939142464,0.04650215249445481,-0.00042867067440181356,1.0
101,Medina Angarita,Regular,Irregular,"Removed by Military, without Foreign Support",0,Exile,1,1897,1953,0,3.0,1941,1945,Latin America,5808.0,4635.0,3858.0,17881830.0,44,376295581.0,5616296626.636931,434131070.0,5516514526.341848,4.454483230663929,0.050614886731391584,0.03073939313680114,-0.0035533059212662366,1.0
101,Betancourt,Irregular,Regular,Regular,0,Exile,1,1908,1981,1,1.0,1945,1948,Latin America,7712.0,5808.0,4223.0,24527184.0,37,434131070.0,5516514526.341848,529832059.0,6499684837.63634,2.327173169062286,0.10927456382001839,0.07348087218605819,0.059407699469158505,1.0
101,Gallegos,Regular,Irregular,"Removed by Military, without Foreign Support",0,Exile,1,1884,1969,0,3.0,1948,1949,Latin America,7828.0,7712.0,4656.0,35907072.0,64,529832059.0,6499684837.63634,549177110.0,6839178858.225641,0.7748117727583846,0.015041493775933557,0.03651166567102737,0.05223238188772861,1.0
101,Delgado Chalbaud,Irregular,Irregular,"Removed by Rebels, without Foreign Support",0,Death,1,1909,1950,1,3.0,1948,1950,Latin America,8462.0,7712.0,4656.0,35907072.0,39,529832059.0,6499684837.63634,604047804.132,8767224010.95815,1.9685147159479808,0.04862551867219922,0.07003704652383069,0.1744345479792847,1.0
101,Perez Jimenez,Regular,Irregular,"Popular Protest, without Foreign Support",0,Exile,1,1914,2001,0,3.0,1950,1958,Latin America,11615.0,8462.0,5009.006,42386208.772,36,604047804.132,8767224010.95815,917164941.4790001,12754499113.886679,7.195071868583162,0.04657586858898605,0.06479560375956933,0.05684916767760287,1.0
101,Larrazabal,Irregular,Regular,Regular,0,OK,1,1911,2003,1,1.0,1958,1959,Latin America,12078.0,11615.0,6982.276,81099135.74,47,917164941.4790001,12754499113.886679,942740965.706,13330790435.611374,0.8076659822039699,0.03986224709427466,0.027885959297306417,0.04518337541748285,1.0
101,Sanabria,Regular,Regular,Regular,0,OK,1,1911,1989,0,1.0,1958,1959,Latin America,12078.0,11615.0,6982.276,81099135.74,47,917164941.4790001,12754499113.886679,942740965.706,13330790435.611374,0.24914442162902123,0.03986224709427466,0.027885959297306417,0.04518337541748285,1.0
101,Betancourt,Regular,Regular,Regular,1,Exile,1,1908,1981,0,1.0,1959,1964,Latin America,14019.0,12078.0,7267.687,87779123.586,51,942740965.706,13330790435.611374,1249245419.046,17168846684.352207,5.073237508555784,0.026784235800629237,0.054186756930002335,0.047984854652579255,1.0
101,Leoni,Regular,Regular,Regular,0,OK,1,1905,1972,0,1.0,1964,1969,Latin America,14655.0,14019.0,8752.058,122695101.10200001,59,1249245419.046,17168846684.352207,1636456669.4099998,22012539042.756966,4.999315537303217,0.00907340038519151,0.06199122197457374,0.056424201898422545,1.0
101,Caldera Rodriguez,Regular,Regular,Regular,0,OK,1,1916,2009,0,1.0,1969,1974,Latin America,15943.0,14655.0,10388.58,152244639.9,53,1636456669.4099998,22012539042.756966,2289146958.1499996,27746656042.65312,5.002053388090349,0.014648015466848649,0.06647393531612396,0.043415535336157385,1.0
101,Andres Perez,Regular,Regular,Regular,0,OK,1,1922,-777,0,1.0,1974,1979,Latin America,17135.0,15943.0,12280.562,195788999.966,52,2289146958.1499996,27746656042.65312,2914837745.91,33220383789.58506,4.999315537303217,0.014953271028037386,0.054665847077433535,0.039455044517923456,1.0
101,Campins,Regular,Regular,Regular,0,OK,1,1925,2007,0,1.0,1979,1984,Latin America,13597.0,17135.0,14355.117,245974929.79500002,54,2914837745.91,33220383789.58506,3118518835.234,38795331361.618996,4.895277207392197,-0.04129559381383134,0.013975466703750383,0.03356341460318553,1.0
101,Lusinchi,Regular,Regular,Regular,0,OK,1,1924,-777,0,1.0,1984,1989,Latin America,12750.0,13597.0,16544.524,224955892.828,60,3118518835.234,38795331361.618996,3526756992.264,46016341267.83971,5.002053388090349,-0.010382192150229211,0.021817951544688314,0.031021816512371236,1.0
101,Andres Perez,Regular,Regular,Regular,1,Imprisonment,1,1922,2010,0,1.0,1989,1993,Latin America,14693.902038226379,12750.0,18850.722,240346705.50000003,67,3526756992.264,46016341267.83971,4007569260.1471987,48709321632.52854,4.574948665297741,0.030492580991786332,0.027266538008593643,0.011704452333636216,1.0
101,Velasquez,Regular,Regular,Regular,0,OK,1,1916,-777,0,1.0,1993,1994,Latin America,14129.277975631472,14693.902038226379,20638.76,303263917.63046503,77,4007569260.1471987,48709321632.52854,4224740380.411421,50046959415.1475,0.4243668720054757,-0.03842574022380374,0.05419023506938614,0.027461638507518593,1.0
101,Caldera Rodriguez,Regular,Regular,Regular,1,OK,1,1916,-777,0,1.0,1994,1999,Latin America,13669.484604293504,14129.277975631472,21071.75,297728613.1830125,78,4224740380.411421,50046959415.1475,4960253908.381425,59628765673.01684,4.999315537303217,-0.006508377457517156,0.03481934801865276,0.038291262325795786,1.0
101,Hugo Chavez,Regular,Natural Death,Regular,0,Missing: Natural Death within Six Months of Losing Office,1,1954,-777,0,2.0,1999,2012,Latin America,18486.458202705155,13669.484604293504,23188.24,316971289.6806628,45,4960253908.381425,59628765673.01684,8384594258.468367,102883604981.64182,13.086926762491444,0.02517063025445884,0.04931113281895245,0.05181444466132252,1.0
101,Maduro,Regular,Still in Office,Still in Office,0,Leader Still in Office,1,1962,-777,0,-888.0,2012,2015,Latin America,16333.082942876687,18486.458202705155,28722.1,530969901.1439177,50,8384594258.468367,102883604981.64182,8738737945.986675,113181872475.00757,3.8220396988364134,-0.029120981913038385,0.010559356738122028,0.02502407330887013,1.0
130,Plaza Gutierrez,Regular,Regular,Regular,0,Exile,1,1865,1932,0,1.0,1901,1905,Latin America,1213.0,1121.0,1420.0,1591820.0,36,97485100.0,2383409478.9599314,118488338.0,2615939534.0905447,3.997262149212868,0.020517395182872433,0.053862687733817805,0.024390485267357875,1.0
130,Garcia,Regular,Irregular,Unknown,0,Exile,1,1842,1927,0,3.0,1905,1906,Latin America,1237.0,1213.0,1505.0,1825565.0,63,118488338.0,2615939534.0905447,124281783.0,2786976251.5688505,0.3723477070499658,0.01978565539983501,0.048894643116692116,0.06538251945405471,1.0
130,Aloy Alfaro Delgado,Irregular,Irregular,Unknown,2,Death,1,1842,1932,1,3.0,1906,1911,Latin America,1420.0,1237.0,1527.0,1888899.0,64,124281783.0,2786976251.5688505,147401920.0,3482522324.7243567,5.563312799452429,0.024656426839126905,0.031004995854192623,0.04159502452188509,1.0
130,Freile,Regular,Regular,Regular,0,Exile,1,1851,1926,0,1.0,1911,1912,Latin America,1462.0,1420.0,1641.0,2330220.0,60,147401920.0,3482522324.7243567,153929329.0,3179188159.666755,0.05475701574264202,0.029577464788732355,0.04428306632640888,-0.08710185801367709,1.0
130,E. Estrada,Regular,Natural Death,Regular,0,Missing: Natural Death within Six Months of Losing Office,1,1855,1911,0,2.0,1911,1912,Latin America,1462.0,1420.0,1641.0,2330220.0,56,147401920.0,3482522324.7243567,153929329.0,3179188159.666755,0.3066392881587953,0.029577464788732355,0.04428306632640888,-0.08710185801367709,1.0
130,Freile,Regular,Regular,Regular,1,Exile,1,1851,1926,0,1.0,1911,1912,Latin America,1462.0,1420.0,1641.0,2330220.0,60,147401920.0,3482522324.7243567,153929329.0,3179188159.666755,0.2053388090349076,0.029577464788732355,0.04428306632640888,-0.08710185801367709,1.0
130,Andrade Marin,Regular,Regular,Regular,0,Missing: No Information Found,1,1841,1935,0,1.0,1912,1913,Latin America,1506.0,1462.0,1665.0,2434230.0,71,153929329.0,3179188159.666755,155476888.0,4396657850.163141,0.42984257357973993,0.030095759233926156,0.010053698083748452,0.38294986938552333,1.0
130,Alfredo Baquerizo Moreno,Regular,Regular,Regular,0,OK,1,1859,1951,0,1.0,1912,1913,Latin America,1506.0,1462.0,1665.0,2434230.0,53,153929329.0,3179188159.666755,155476888.0,4396657850.163141,0.06023271731690623,0.030095759233926156,0.010053698083748452,0.38294986938552333,1.0
130,Plaza Gutierrez,Regular,Regular,Regular,1,OK,1,1865,1932,0,1.0,1912,1916,Latin America,1583.0,1462.0,1665.0,2434230.0,47,153929329.0,3179188159.666755,154776992.0,3334816155.24101,4.0,0.016552667578659364,0.0011013664588896965,0.009790423703048034,1.0
130,Alfredo Baquerizo Moreno,Regular,Regular,Regular,1,OK,1,1859,1951,0,1.0,1916,1920,Latin America,1680.0,1583.0,1731.0,2740173.0,57,154776992.0,3334816155.24101,191513114.0,3564985722.0261664,4.0,0.012255211623499695,0.04746974537404114,0.013804033330198483,1.0
130,Tamayo,Regular,Regular,Regular,0,OK,1,1858,1947,0,1.0,1920,1924,Latin America,1749.0,1680.0,1790.0,3007200.0,62,191513114.0,3564985722.0261664,228277553.0,4177978439.109769,4.0,0.00821428571428573,0.038393651726638424,0.03438963097642964,1.0
130,Cordova,Regular,Irregular,"Removed by Military, without Foreign Support",0,Exile,1,1863,1928,0,3.0,1924,1925,Latin America,1765.0,1749.0,1850.0,3235650.0,61,228277553.0,4177978439.109769,235026569.0,4389125672.035584,0.8514715947980835,0.00914808461978267,0.02956495683130078,0.05053813369386506,1.0
130,Ayora,Irregular,Irregular,"Removed by Military, without Foreign Support",0,Exile,1,1879,1978,1,3.0,1925,1931,Latin America,1929.0,1765.0,1865.0,3291725.0,46,235026569.0,4389125672.035584,251610514.0,5274746126.337196,6.12457221081451,0.013273978146499379,0.010080285859085159,0.02882515043108737,1.0
130,Larrea Alba,Irregular,Irregular,"Removed by Military, without Foreign Support",0,Exile,1,1895,1980,1,3.0,1931,1932,Latin America,1890.0,1929.0,1995.0,3848355.0,36,251610514.0,5274746126.337196,238034537.0,5018502854.988797,0.14236824093086928,-0.02021772939346811,-0.053956318375471435,-0.04857926148690983,1.0
130,Alfredo Baquerizo Moreno,Irregular,Irregular,"Removed by Military, without Foreign Support",2,Imprisonment,1,1859,1951,1,3.0,1931,1932,Latin America,1890.0,1929.0,1995.0,3848355.0,72,251610514.0,5274746126.337196,238034537.0,5018502854.988797,0.8678986995208761,-0.02021772939346811,-0.053956318375471435,-0.04857926148690983,1.0
130,Freile Larrea,Regular,Regular,Regular,0,OK,1,1892,1942,0,1.0,1932,1933,Latin America,1890.0,1890.0,2050.0,3874500.0,40,238034537.0,5018502854.988797,257259548.0,5044728874.113239,0.01642710472279261,0.0,0.0807656369630092,0.005225865139913521,1.0
130,Guerrero Martin,Regular,Regular,Regular,0,Missing: No Information Found,1,1878,1941,0,1.0,1932,1933,Latin America,1890.0,1890.0,2050.0,3874500.0,54,238034537.0,5018502854.988797,257259548.0,5044728874.113239,0.2600958247775496,0.0,0.0807656369630092,0.005225865139913521,1.0
130,Martinez Mera,Regular,Regular,Regular,0,Missing: No Information Found,1,1875,1955,0,1.0,1932,1933,Latin America,1890.0,1890.0,2050.0,3874500.0,57,238034537.0,5018502854.988797,257259548.0,5044728874.113239,0.865160848733744,0.0,0.0807656369630092,0.005225865139913521,1.0
130,Montalvo,Irregular,Regular,Regular,0,OK,1,1876,1950,1,1.0,1933,1934,Latin America,1890.0,1890.0,2095.0,3959550.0,57,257259548.0,5044728874.113239,276350304.0,5285216561.450975,0.8624229979466119,0.0,0.07420815339378573,0.047671082696195244,1.0
130,Velasco Ibarra,Regular,Irregular,"Removed by Military, without Foreign Support",0,Imprisonment,1,1893,1979,0,3.0,1934,1935,Latin America,1890.0,1890.0,2140.0,4044600.0,41,276350304.0,5285216561.450975,294207804.0,5630779125.9489,0.9691991786447639,0.0,0.0646190713074084,0.06538285810620703,1.0
130,Pons,Irregular,Irregular,Removed in Military Power Struggle Short of Coup,0,Missing: No Information Found,1,1897,1980,1,3.0,1935,1936,Latin America,1908.0,1890.0,2196.0,4150440.0,38,294207804.0,5630779125.9489,310140444.0,5983416185.986538,0.09856262833675565,0.00952380952380949,0.05415437586421068,0.06262669022347978,1.0
130,Paez,Irregular,Irregular,Removed in Military Power Struggle Short of Coup,0,Exile,1,1876,1974,1,3.0,1935,1937,Latin America,1927.0,1890.0,2196.0,4150440.0,59,294207804.0,5630779125.9489,325433436.0,6283610123.956657,2.0752908966461328,0.00652557319223986,0.03537820499146246,0.03864657586485968,1.0
130,Enriquez Gallo,Irregular,Regular,Regular,0,OK,1,1895,1962,1,1.0,1937,1938,Latin America,1948.0,1927.0,2298.0,4428246.0,42,325433436.0,6283610123.956657,336590382.0,6269649368.577917,0.7967145790554415,0.01089776855215363,0.03428334266181543,-0.002221773009995376,1.0
130,Manuel Maria Borrero,Regular,Regular,Regular,0,OK,1,1883,1975,0,1.0,1938,1939,Latin America,1967.0,1948.0,2355.0,4587540.0,55,336590382.0,6269649368.577917,350268792.0,5943149740.776493,0.31211498973305957,0.009753593429158158,0.040638148715728795,-0.052076218079717074,1.0
130,Mosquera Narvaez,Regular,Natural Death,Regular,0,Missing: Natural Death within Six Months of Losing Office,1,1883,1939,0,2.0,1938,1939,Latin America,1967.0,1948.0,2355.0,4587540.0,55,336590382.0,6269649368.577917,350268792.0,5943149740.776493,0.9609856262833676,0.009753593429158158,0.040638148715728795,-0.052076218079717074,1.0
130,Arroyo del Rio,Regular,Regular,Regular,0,OK,1,1893,1969,0,1.0,1939,1940,Latin America,2050.0,1967.0,2412.0,4744404.0,46,350268792.0,5943149740.776493,358293969.0,6033654014.749514,0.057494866529774126,0.042196237925775204,0.022911481648641985,0.015228334792250386,1.0
130,Cordova Nieto,Regular,Regular,Regular,0,OK,1,1892,1983,0,1.0,1939,1940,Latin America,2050.0,1967.0,2412.0,4744404.0,47,350268792.0,5943149740.776493,358293969.0,6033654014.749514,0.6652977412731006,0.042196237925775204,0.022911481648641985,0.015228334792250386,1.0
130,Julio Enrique Moreno,Regular,Regular,Regular,0,OK,1,1880,1952,0,1.0,1940,1941,Latin America,2016.0,2050.0,2466.0,5055300.0,60,358293969.0,6033654014.749514,376295581.0,5616296626.636931,0.057494866529774126,-0.01658536585365855,0.05024257608980287,-0.06917158111690447,1.0
130,Arroyo del Rio,Regular,Irregular,"Removed by Military, without Foreign Support",1,Exile,1,1893,1952,0,3.0,1940,1944,Latin America,2230.0,2050.0,2466.0,5055300.0,47,358293969.0,6033654014.749514,415891044.0,5921553827.78953,3.7399041752224504,0.02195121951219514,0.04018842067084866,-0.004644788493255919,1.0
130,Larrea Alba,Irregular,Regular,Regular,1,Exile,1,1895,1980,1,1.0,1944,1945,Latin America,2182.0,2230.0,2712.0,6047760.0,49,415891044.0,5921553827.78953,434131070.0,5516514526.341848,0.0027378507871321013,-0.021524663677130018,0.043857703269032156,-0.06840084768745225,1.0
130,Velasco Ibarra,Irregular,Irregular,"Removed by Military, without Foreign Support",1,Exile,1,1893,1979,1,3.0,1944,1947,Latin America,2571.0,2230.0,2712.0,6047760.0,51,415891044.0,5921553827.78953,495900627.0,5916422135.694958,3.2279260780287475,0.03822869955156949,0.04809527889232451,-0.00021665310507223978,1.0
130,Mancheno,Irregular,Irregular,"Removed by Military, without Foreign Support",0,Exile,1,1902,1996,1,3.0,1947,1948,Latin America,2844.0,2571.0,2936.0,7548456.0,45,495900627.0,5916422135.694958,529832059.0,6499684837.63634,0.02737850787132101,0.10618436406067677,0.06842385379762783,0.09858368597846345,1.0
130,Suarez,Irregular,Regular,Regular,0,OK,1,1897,1980,1,1.0,1947,1948,Latin America,2844.0,2571.0,2936.0,7548456.0,50,495900627.0,5916422135.694958,529832059.0,6499684837.63634,0.038329911019849415,0.10618436406067677,0.06842385379762783,0.09858368597846345,1.0
130,Arosemana Tola,Regular,Regular,Regular,0,OK,1,1894,1952,0,1.0,1947,1948,Latin America,2844.0,2571.0,2936.0,7548456.0,53,495900627.0,5916422135.694958,529832059.0,6499684837.63634,0.9281314168377823,0.10618436406067677,0.06842385379762783,0.09858368597846345,1.0
130,Plaza Lasso,Regular,Regular,Regular,0,OK,1,1906,1987,0,1.0,1948,1952,Latin America,3202.0,2844.0,3017.0,8580348.0,42,529832059.0,6499684837.63634,659388635.711,9831337731.891596,4.0,0.025175808720112512,0.048904770676022835,0.10251736745644538,1.0
130,Velasco Ibarra,Regular,Regular,Regular,2,Exile,1,1893,1979,0,1.0,1952,1956,Latin America,3381.0,3202.0,3548.753,11363107.106,59,659388635.711,9831337731.891596,813934456.329,11951387652.483673,4.0,0.01118051217988758,0.04687548806520079,0.04312841199046406,1.0
130,Ponce Enriquez,Regular,Regular,Regular,0,Exile,1,1912,1976,0,1.0,1956,1960,Latin America,3649.0,3381.0,3948.587,13350172.647,44,813934456.329,11951387652.483673,1014324872.635,14025367456.334517,4.0,0.015853297840875503,0.04923993934592694,0.034706928838005524,1.0
130,Velasco Ibarra,Regular,Irregular,"Removed by Military, without Foreign Support",3,Exile,1,1893,1979,0,3.0,1960,1961,Latin America,3633.0,3649.0,4415.956,16113823.444,67,1014324872.635,14025367456.334517,1077511563.008,14545646569.21639,1.1827515400410678,-0.002192381474376559,0.03114716600060019,0.0185477890152137,1.0
130,Arosemena Monroy,Irregular,Irregular,"Removed by Military, without Foreign Support",0,Exile,1,1919,2004,1,3.0,1961,1963,Latin America,3698.0,3633.0,4546.197,16516333.701000001,42,1077511563.008,14545646569.21639,1163421978.836,15991243735.72246,1.672826830937714,0.008945774841728649,0.03986519438741387,0.0496917465864134,1.0
130,Castro,Irregular,Irregular,"Popular Protest, without Foreign Support",0,Exile,1,1915,1984,1,3.0,1963,1966,Latin America,4074.0,3698.0,4822.279,17832787.742000002,48,1163421978.836,15991243735.72246,1383196801.941,19030818060.72169,2.7159479808350446,0.03389219397872726,0.06296793055399215,0.06335913943973392,1.0
130,Yerovi Indaburu,Irregular,Regular,Regular,0,OK,1,1904,1981,1,1.0,1966,1967,Latin America,4163.0,4074.0,5272.639,21480731.286000002,62,1383196801.941,19030818060.72169,1443948083.726,19784467002.851566,0.6351813826146475,0.02184585174275888,0.04392092412283599,0.03960150003668805,1.0
130,Arosemena Gomez,Regular,Regular,Regular,0,OK,1,1925,1984,0,1.0,1966,1968,Latin America,4264.0,4074.0,5272.639,21480731.286000002,41,1383196801.941,19030818060.72169,1532849525.322,20870428352.946007,1.7932922655715264,0.023318605792832625,0.05409668500208964,0.04833240185352683,1.0
130,Velasco Ibarra,Regular,Irregular,"Removed by Military, without Foreign Support",4,Exile,1,1893,1979,0,3.0,1968,1972,Latin America,4801.0,4264.0,5596.925,23865288.2,75,1532849525.322,20870428352.946007,1991838516.389,25373866516.69958,3.455167693360712,0.03148452157598497,0.07485878155107589,0.05394520523961699,1.0
130,Rodriguez Lara,Irregular,Irregular,"Removed by Military, without Foreign Support",0,OK,1,1923,-777,1,3.0,1972,1976,Latin America,5877.0,4801.0,6298.651,30239823.450999998,49,1991838516.389,25373866516.69958,2505485432.207,29537559377.26344,3.9041752224503763,0.0560299937513018,0.06446894559871114,0.04102343702548805,1.0
130,Poveda Burbano,Irregular,Regular,Regular,0,OK,1,1926,1990,1,1.0,1976,1979,Latin America,6472.0,5877.0,7072.687,41566181.499,50,2505485432.207,29537559377.26344,2914837745.91,33220383789.58506,3.578370978781656,0.025310532584652046,0.04084560904255741,0.031170689877279445,1.0
130,Roldos Aquilers,Regular,Natural Death,Regular,0,Missing: Natural Death within Six Months of Losing Office,1,1940,1981,0,2.0,1979,1981,Latin America,6664.0,6472.0,7703.577,49857550.344000004,39,2914837745.91,33220383789.58506,3104329192.9090004,35740398961.4584,1.787816563997262,0.014833127317676165,0.032504630363197506,0.03792874862365958,1.0
130,Hurtado Larrea,Regular,Regular,Regular,0,OK,1,1940,-777,0,1.0,1981,1984,Latin America,6336.0,6664.0,8141.078,54252143.792,41,3104329192.9090004,35740398961.4584,3118518835.234,38795331361.618996,3.2142368240930868,-0.012304921968787519,0.001142730155472227,0.021368902481019914,1.0
130,Febres Cordaro,Regular,Regular,Regular,0,OK,1,1931,2008,0,1.0,1984,1988,Latin America,6357.0,6336.0,8825.829,55920452.544,53,3118518835.234,38795331361.618996,3484355322.693,44671815935.24714,4.0,0.0006628787878788067,0.0234621951501889,0.030294802840332834,1.0
130,Borja Cevallos,Regular,Regular,Regular,0,OK,1,1935,-777,0,1.0,1988,1992,Latin America,6715.474338995894,6357.0,9794.122,62261233.554,53,3484355322.693,44671815935.24714,3858778563.7832885,47778114919.29238,4.0,0.011278097813304822,0.021491679602923107,0.013907198169637435,1.0
130,Duran Ballen,Regular,Regular,Regular,0,OK,1,1921,-777,0,1.0,1992,1996,Latin America,6993.643845856553,6715.474338995894,10553.81,70873840.23363826,71,3858778563.7832885,47778114919.29238,4492940575.211721,53971480867.83615,4.0,0.00828443361760356,0.03286853603782216,0.025925534981887478,1.0
130,Bucaram Ortiz,Regular,Regular,Regular,0,Exile,1,1952,-777,0,1.0,1996,1997,Latin America,7181.100892942844,6993.643845856553,11526.48,80612095.91638863,44,4492940575.211721,53971480867.83615,4764813624.333422,56142944592.630035,0.4928131416837782,0.02680391670178528,0.06051116069098894,0.040233539822842834,1.0
130,Alarcon Fabian,Regular,Regular,Regular,0,OK,1,1947,-777,0,1.0,1997,1998,Latin America,7307.1694453508735,7181.100892942844,11792.47,84682916.8470017,50,4764813624.333422,56142944592.630035,4912475625.137914,57448919778.54096,0.008213552361396304,0.017555602446962082,0.0309900895284545,0.023261608299796288,1.0
130,Rosalia Arteaga Serrano,Regular,Regular,Regular,0,OK,0,1956,-777,0,1.0,1997,1998,Latin America,7307.1694453508735,7181.100892942844,11792.47,84682916.8470017,41,4764813624.333422,56142944592.630035,4912475625.137914,57448919778.54096,0.0054757015742642025,0.017555602446962082,0.0309900895284545,0.023261608299796288,1.0
130,Alarcon Fabian,Regular,Regular,Regular,1,OK,1,1947,-777,0,1.0,1997,1998,Latin America,7307.1694453508735,7181.100892942844,11792.47,84682916.8470017,50,4764813624.333422,56142944592.630035,4912475625.137914,57448919778.54096,1.4921286789869952,0.008777801223481041,0.01549504476422725,0.011630804149898144,1.0
130,Mahuad,Regular,Irregular,"Popular Protest, without Foreign Support",0,Exile,1,1949,-777,0,3.0,1998,2000,Latin America,6908.242975560693,7307.1694453508735,12050.63,88055995.33322859,49,4912475625.137914,57448919778.54096,5194943343.847668,62796055415.77486,1.4483230663928817,-0.0272969220690506,0.028750037686123275,0.04653817389296866,1.0
130,Gustavo Noboa,Irregular,Regular,Regular,0,Exile,1,1937,-777,1,1.0,2000,2003,Latin America,7468.503537609323,6908.242975560693,12445.84,85978886.7549523,63,5194943343.847668,62796055415.77486,5485557213.435763,69971417637.12488,2.9815195071868583,0.027033432573746314,0.018647227399972044,0.038088179126548084,1.0
130,Lucio Gutierrez,Regular,Regular,Regular,0,Imprisonment,1,1957,-777,0,1.0,2003,2005,Latin America,8256.7776955984,7468.503537609323,13073.91,97642543.0853859,46,5485557213.435763,69971417637.12488,6172307899.750509,77968730835.80147,2.2614647501711156,0.035182155479989964,0.04173083727530232,0.03809799995835935,1.0
130,Alfredo Palacio,Regular,Regular,Regular,0,OK,1,1939,-777,0,1.0,2005,2007,Latin America,8633.584399572856,8256.7776955984,13661.29,112798234.56510149,66,6172307899.750509,77968730835.80147,6992107294.041285,87408786989.82104,1.7385352498288844,0.022818024044375496,0.06640947013708698,0.060537449133934884,1.0
130,Rafael Correa,Regular,Still in Office,Still in Office,0,Leader Still in Office,1,1963,-777,0,-888.0,2007,2015,Latin America,10878.765277324404,8633.584399572856,14132.75,122016289.92306328,44,6992107294.041285,87408786989.82104,8738737945.986675,113181872475.00757,8.958247775496236,0.028894666505459368,0.02775559130846925,0.032761879710722974,1.0
135,Pardo,Regular,Regular,Regular,0,Exile,1,1834,1878,0,1.0,1872,1876,Latin America,1792.0,1771.0,,,38,19779104.0,923311748.823237,21022083.0,994588638.0127813,4.0,0.002371541501976271,0.012568607758976346,0.015439398292155815,1.0
135,Prado,Regular,Regular,Regular,0,Exile,1,1826,1901,0,1.0,1876,1879,Latin America,1194.0,1792.0,,,50,21022083.0,994588638.0127813,23114604.0,1058886143.5363891,3.373032169746749,-0.08342633928571427,0.024884796145082266,0.01616183391459114,1.0
135,Luis de la Puerta,Regular,Irregular,Unknown,0,Missing: No Information Found,1,1811,1896,0,3.0,1879,1880,Latin America,859.0,1194.0,,,68,23114604.0,1058886143.5363891,23748900.0,1129603158.4191873,0.013689253935660506,-0.2805695142378559,0.027441352661719876,0.06678434250411747,1.0
135,Pierola,Irregular,Foreign,Unknown,0,Exile,1,1839,1913,1,4.0,1879,1881,Latin America,784.0,1194.0,,,40,23114604.0,1058886143.5363891,24317574.0,1168068272.6993976,1.0704996577686516,-0.17169179229480735,0.026021860465357705,0.05155517891582284,1.0
135,Francisco Garcia Calderon,Foreign Imposition,Foreign,Unknown,0,Imprisonment,1,1834,1905,2,4.0,1881,1882,Latin America,830.0,784.0,,,47,24317574.0,1168068272.6993976,25628493.0,1209112829.7728684,0.5968514715947981,0.058673469387755084,0.05390829693784416,0.03513883394728046,1.0
135,Lizardo Montero Flores,Irregular,Foreign,Unknown,0,Exile,1,1832,1905,1,4.0,1881,1882,Latin America,830.0,784.0,,,49,24317574.0,1168068272.6993976,25628493.0,1209112829.7728684,1.2539356605065024,0.029336734693877542,0.02695414846892208,0.01756941697364023,1.0
135,Iglesias,Foreign Imposition,Irregular,Unknown,0,OK,1,1830,1909,2,3.0,1882,1885,Latin America,854.0,830.0,,,52,25628493.0,1209112829.7728684,26899922.0,1569887596.480446,2.91854893908282,0.00963855421686747,0.01653665967275823,0.09945991193541721,1.0
135,Caceres,Irregular,Regular,Regular,0,OK,1,1833,1923,1,1.0,1885,1890,Latin America,846.0,854.0,,,52,26899922.0,1569887596.480446,69483632.0,2439288281.1040273,4.692676249144422,-0.0018735362997658101,0.3166084273404213,0.11075960935963866,1.0
135,Bermudez,Regular,Natural Death,Regular,0,Missing: Natural Death within Six Months of Losing Office,1,1836,1894,0,2.0,1890,1894,Latin America,792.0,846.0,3346.0,2830716.0,54,69483632.0,2439288281.1040273,29888966.0,1864405397.3313825,3.6413415468856947,-0.015957446808510634,-0.14246040707831736,-0.058919120817533255,1.0
135,Borgono,Irregular,Regular,Regular,0,OK,1,1836,1921,1,1.0,1894,1895,Latin America,838.0,792.0,,,58,29888966.0,1864405397.3313825,56508304.0,1958952104.1774433,0.3586584531143053,0.05808080808080818,0.890607523860143,0.05071145308922098,1.0
135,Caceres,Regular,Irregular,Unknown,1,Exile,1,1833,1923,0,3.0,1894,1895,Latin America,838.0,792.0,,,61,29888966.0,1864405397.3313825,56508304.0,1958952104.1774433,0.6050650239561944,0.05808080808080818,0.890607523860143,0.05071145308922098,1.0
135,de Candamo,Regular,Irregular,Unknown,0,OK,1,1841,1904,0,3.0,1895,1896,Latin America,917.0,838.0,,,54,56508304.0,1958952104.1774433,59052464.0,1960151150.4666553,0.4681724845995893,0.09427207637231505,0.04502276338005129,0.0006120855566886796,1.0
135,Pierola,Irregular,Regular,Regular,1,OK,1,1839,1913,1,1.0,1895,1899,Latin America,1073.0,838.0,,,56,56508304.0,1958952104.1774433,62175177.0,2208935645.8065176,4.0,0.056085918854415294,0.020056779619505118,0.025522169847439092,1.0
135,de Romana,Regular,Regular,Regular,0,OK,1,1847,1912,0,1.0,1899,1903,Latin America,1272.0,1073.0,3603.0,3866019.0,52,62175177.0,2208935645.8065176,106231458.0,2510448213.9828224,3.997262149212868,0.04636533084808947,0.17714578038113182,0.03412419107237252,1.0
135,de Candamo,Regular,Natural Death,Regular,1,Missing: Natural Death within Six Months of Losing Office,1,1841,1904,0,2.0,1903,1904,Latin America,1299.0,1272.0,3788.0,4818336.0,62,106231458.0,2510448213.9828224,111387273.0,2530930797.645001,0.6023271731690623,0.021226415094339535,0.04853378742104808,0.00815893494559794,1.0
135,Serapio Calderon,Regular,Regular,Regular,0,OK,1,1843,1922,0,1.0,1904,1905,Latin America,1377.0,1299.0,3836.0,4982964.0,61,111387273.0,2530930797.645001,118488338.0,2615939534.0905447,0.38329911019849416,0.06004618937644346,0.06375113429700363,0.03358793394297588,1.0
135,Pardo y Barreda,Regular,Regular,Regular,0,Exile,1,1864,1947,0,1.0,1904,1908,Latin America,1549.0,1299.0,3836.0,4982964.0,40,111387273.0,2530930797.645001,133316053.0,2760330548.1963253,4.0,0.038491147036181686,0.039373941760832934,0.01812769837601076,1.0
135,Leguia,Regular,Regular,Regular,0,Imprisonment,1,1863,1932,0,1.0,1908,1912,Latin America,1613.0,1549.0,4034.0,6248666.0,45,133316053.0,2760330548.1963253,153929329.0,3179188159.666755,4.0,0.008263395739186575,0.03092392181757737,0.030348366194340226,1.0
135,Billinghurst,Regular,Irregular,Unknown,0,Exile,1,1851,1915,0,3.0,1912,1914,Latin America,1615.0,1613.0,4242.0,6842346.0,61,153929329.0,3179188159.666755,147294375.0,3092014836.2343206,1.3634496919917864,0.000619962802231866,-0.02155194868678989,-0.013709997498476512,1.0
135,Benavides,Irregular,Regular,Regular,0,OK,1,1876,1945,1,1.0,1914,1915,Latin America,1733.0,1615.0,4350.0,7025250.0,38,147294375.0,3092014836.2343206,148598033.0,3112087731.959568,1.5331964407939767,0.0365325077399381,0.004425348897403536,0.003245924872354977,1.0
135,Pardo y Barreda,Regular,Irregular,"Removed by Military, without Foreign Support",1,Imprisonment,1,1864,1947,0,3.0,1915,1919,Latin America,1961.0,1733.0,4405.0,7633865.0,51,148598033.0,3112087731.959568,172685640.0,3233683011.2296357,3.8767967145790556,0.032890940565493354,0.040524774308419,0.009767982921990381,1.0
135,Leguia,Irregular,Irregular,"Removed by Military, without Foreign Support",1,Imprisonment,1,1863,1932,1,3.0,1919,1930,Latin America,2651.0,1961.0,4631.0,9081391.0,56,172685640.0,3233683011.2296357,267002454.0,5458058939.984556,11.099247091033538,0.029321774604793478,0.04551469653180196,0.05732307714944831,1.0
135,Ponce Brousset,Irregular,Irregular,"Removed by Military, without Foreign Support",0,Missing: No Information Found,1,1874,1966,1,3.0,1930,1931,Latin America,2397.0,2651.0,5480.0,14527480.0,56,267002454.0,5458058939.984556,251610514.0,5274746126.337196,0.0054757015742642025,-0.09581290079215388,-0.057647185519875355,-0.03358571529971033,1.0
135,Sanchez Cerro,Irregular,Irregular,"Removed by Military, without Foreign Support",0,Exile,1,1889,1933,1,3.0,1930,1931,Latin America,2397.0,2651.0,5480.0,14527480.0,41,267002454.0,5458058939.984556,251610514.0,5274746126.337196,0.5092402464065708,-0.09581290079215388,-0.057647185519875355,-0.03358571529971033,1.0
135,Ricardo Leonicio Elias,Irregular,Irregular,"Removed by Military, without Foreign Support",0,OK,1,1874,1951,1,3.0,1931,1932,Latin America,2268.0,2397.0,5569.0,13348893.0,57,251610514.0,5274746126.337196,238034537.0,5018502854.988797,0.010951403148528405,-0.053817271589486904,-0.053956318375471435,-0.04857926148690983,1.0
135,Gustavo Jimenez,Irregular,Irregular,"Removed by Military, without Foreign Support",0,OK,1,1886,1933,1,3.0,1931,1932,Latin America,2268.0,2397.0,5569.0,13348893.0,45,251610514.0,5274746126.337196,238034537.0,5018502854.988797,0.013689253935660506,-0.053817271589486904,-0.053956318375471435,-0.04857926148690983,1.0
135,Samanez Ocampo,Irregular,Regular,Regular,0,OK,1,1866,1947,1,1.0,1931,1932,Latin America,2268.0,2397.0,5569.0,13348893.0,65,251610514.0,5274746126.337196,238034537.0,5018502854.988797,0.7474332648870636,-0.053817271589486904,-0.053956318375471435,-0.04857926148690983,1.0
135,Sanchez Cerro,Regular,Irregular,Assassination by Unsupported Individual,1,Death,1,1889,1933,0,3.0,1931,1933,Latin America,2483.0,2397.0,5569.0,13348893.0,42,251610514.0,5274746126.337196,257259548.0,5044728874.113239,1.3935660506502396,0.017939090529829005,0.01122575108288204,-0.021803632508061777,1.0
135,Benavidez,Regular,Regular,Regular,1,OK,1,1876,1945,0,1.0,1933,1939,Latin America,3037.0,2483.0,5752.0,14282216.0,57,257259548.0,5044728874.113239,350268792.0,5943149740.776493,6.606433949349761,0.03187388527702665,0.051648364309272825,0.025441573035441114,1.0
135,Ugarteche,Regular,Regular,Regular,0,OK,1,1889,1967,0,1.0,1939,1945,Latin America,3131.0,3037.0,6338.0,19248506.0,50,350268792.0,5943149740.776493,434131070.0,5516514526.341848,5.637234770704997,0.005158599495115805,0.03990377290972965,-0.01196434082496306,1.0
135,Bustamante,Regular,Irregular,"Removed by Military, without Foreign Support",0,Exile,1,1894,1989,0,3.0,1945,1948,Latin America,3282.0,3131.0,7010.0,21948310.0,51,434131070.0,5516514526.341848,529832059.0,6499684837.63634,3.252566735112936,0.012056850846374978,0.055110654139543636,0.04455577460186888,1.0
135,Odria,Irregular,Regular,Regular,0,OK,1,1897,1974,1,1.0,1948,1950,Latin America,3679.0,3282.0,7376.0,24208032.0,51,529832059.0,6499684837.63634,604047804.132,8767224010.95815,1.5879534565366187,0.06048141377209015,0.07003704652383069,0.1744345479792847,1.0
135,Noriega,Regular,Regular,Regular,0,OK,1,1900,1957,0,1.0,1950,1951,Latin America,3867.0,3679.0,7632.5,28079967.5,50,604047804.132,8767224010.95815,637484504.19,9334940849.93543,0.15605749486652978,0.051100842620277254,0.055354393856373196,0.06475445799807211,1.0
135,Odria,Regular,Regular,Regular,1,Exile,1,1897,1974,0,1.0,1950,1956,Latin America,4385.0,3679.0,7632.5,28079967.5,53,604047804.132,8767224010.95815,813934456.329,11951387652.483673,6.0013689253935665,0.027414281831242965,0.049638136669994504,0.051884213252607295,1.0
135,Ugarteche,Regular,Irregular,"Removed by Military, without Foreign Support",1,Imprisonment,1,1889,1967,0,3.0,1956,1962,Latin America,5230.0,4385.0,8904.9,39047986.5,67,813934456.329,11951387652.483673,1127021110.899,15291081770.15114,5.973990417522245,0.03211706575446597,0.06410971877311444,0.046573310352144626,1.0
135,Perez Godoy,Irregular,Irregular,Removed in Military Power Struggle Short of Coup,0,Imprisonment,1,1905,1982,1,3.0,1962,1963,Latin America,5314.0,5230.0,10516.5,55001295.0,57,1127021110.899,15291081770.15114,1163421978.836,15991243735.72246,0.621492128678987,0.016061185468451145,0.03229830176647175,0.045788909908131226,1.0
135,Lindley Lopez,Irregular,Regular,Regular,0,OK,1,1908,1995,1,1.0,1963,1964,Latin America,5523.0,5314.0,10825.8,57528301.199999996,55,1163421978.836,15991243735.72246,1249245419.046,17168846684.352207,0.4024640657084189,0.039330071509220854,0.0737681097411158,0.07364048526126377,1.0
135,Belaunde,Regular,Irregular,"Removed by Military, without Foreign Support",0,Exile,1,1913,2002,0,3.0,1963,1968,Latin America,5874.0,5314.0,10825.8,57528301.199999996,50,1163421978.836,15991243735.72246,1532849525.322,20870428352.946007,5.1854893908282,0.017563668297578716,0.05292254991543869,0.05085266972620409,1.0
135,Velasco Alvarado,Irregular,Irregular,"Removed by Military, without Foreign Support",0,OK,1,1910,1977,1,3.0,1968,1975,Latin America,6896.0,5874.0,12476.0,73284024.0,58,1532849525.322,20870428352.946007,2368100930.0820003,28234680865.07181,6.9021218343600275,0.024855294518215856,0.0778430154299478,0.050407977036672894,1.0
135,Morales Bermudez,Irregular,Regular,Regular,0,OK,1,1921,-777,1,1.0,1975,1980,Latin America,6795.0,6896.0,15161.199,104551628.304,54,2368100930.0820003,28234680865.07181,3087260751.627,35105310712.72682,4.91170431211499,-0.0029292343387471,0.06073726101869292,0.04866801845920232,1.0
135,Belaunde,Regular,Regular,Regular,1,OK,1,1913,2002,0,1.0,1980,1985,Latin America,5844.0,6795.0,17295.298,117521549.91,67,3087260751.627,35105310712.72682,3205813055.943,40098894653.77975,4.999315537303217,-0.027991169977924946,0.0076800966198609984,0.028449165323824264,1.0
135,Garcia Perez,Regular,Regular,Regular,0,OK,1,1949,-777,0,1.0,1985,1990,Latin America,4795.0,5844.0,19432.0,113560608.0,36,3205813055.943,40098894653.77975,3546778466.3650002,46715156894.540726,4.999315537303217,-0.035900068446269674,0.021271696413483143,0.032999723797310844,1.0
135,Fujimori,Regular,Regular,Regular,0,Exile,1,1938,-777,0,1.0,1990,2000,Latin America,6038.244426976612,4795.0,21600.0,103572000.0,52,3546778466.3650002,46715156894.540726,5194943343.847668,62796055415.77486,10.321697467488022,0.023570848933104793,0.042244863078184466,0.03129390893124842,1.0
135,Valentin Paniagua,Regular,Regular,Regular,0,OK,1,1936,2006,0,1.0,2000,2001,Latin America,6010.225032486101,6038.244426976612,21291.22,128561590.50853299,64,5194943343.847668,62796055415.77486,5279021630.963469,64760587194.60295,0.676249144421629,-0.00464032134329162,0.01618463986048546,0.031284318191976634,1.0
135,Alejandro Toledo,Regular,Regular,Regular,0,OK,1,1946,-777,0,1.0,2001,2006,Latin America,7560.897175590482,6010.225032486101,21630.64,130005013.99669515,55,5279021630.963469,64760587194.60295,6563879628.943458,82618841699.03532,4.999315537303217,0.05160113422451849,0.0486778834336957,0.05515161389988341,1.0
135,Garcia Perez,Regular,Regular,Regular,1,OK,1,1949,-777,0,1.0,2006,2011,Latin America,10044.0,7560.897175590482,23380.2,176775288.1447406,57,6563879628.943458,82618841699.03532,8156972484.557,99528621997.01219,4.999315537303217,0.065682756073603,0.04854119653836406,0.040934440498635816,1.0
135,Ollanta Humala,Regular,Still in Office,Still in Office,0,Leader Still in Office,1,1962,-777,0,-888.0,2011,2015,Latin America,11713.570189017371,10044.0,24363.99,244711915.56,49,8156972484.557,99528621997.01219,8738737945.986675,113181872475.00757,4.427104722792608,0.03324512522933833,0.014264249696344811,0.027435827411345537,1.0
140,M. D. da Fonseca,Irregular,Irregular,Unknown,0,OK,1,1823,1892,1,3.0,1889,1891,Latin America,1152.0,991.0,13938.0,13812558.0,66,28945202.0,1714730856.0219688,33056924.0,1755379986.2233455,2.020533880903491,0.054154053144971424,0.0473506455404941,0.0079019456724303,1.0
140,Peixoto,Regular,Regular,Regular,0,OK,1,1839,1895,0,1.0,1891,1894,Latin America,850.0,1152.0,14539.0,16748928.0,52,33056924.0,1755379986.2233455,29888966.0,1864405397.3313825,2.9787816563997263,-0.08738425925925926,-0.031944472510509435,0.020703097897833162,1.0
140,de Moraes Barros,Regular,Regular,Regular,0,OK,1,1841,1902,0,1.0,1894,1898,Latin America,923.0,850.0,15607.0,13265950.0,53,29888966.0,1864405397.3313825,64064436.0,2145898307.1412191,4.0,0.017176470588235303,0.2286828523944254,0.03019653453189437,1.0
140,de Campos Salles,Regular,Regular,Regular,0,OK,1,1841,1913,0,1.0,1898,1902,Latin America,921.0,923.0,17154.0,15833142.0,57,64064436.0,2145898307.1412191,99363364.0,2427437019.6413016,3.997262149212868,-0.0005417118093174467,0.13774775134210188,0.03279963355709414,1.0
140,Rodriguez Alves,Regular,Regular,Regular,0,OK,1,1848,1919,0,1.0,1902,1906,Latin America,993.0,921.0,18782.0,17298222.0,54,99363364.0,2427437019.6413016,124281783.0,2786976251.5688505,4.0,0.01563517915309447,0.05015615010780028,0.029622950380865286,1.0
140,Moreira Penna,Regular,Natural Death,Regular,0,Missing: Natural Death within Six Months of Losing Office,1,1847,1909,0,2.0,1906,1909,Latin America,999.0,993.0,20427.0,20284011.0,59,124281783.0,2786976251.5688505,139328207.0,2939559126.60919,2.5790554414784395,0.002014098690835834,0.040355670361332585,0.018249512645882444,1.0
140,Pecanha,Regular,Regular,Regular,0,OK,1,1867,1924,0,1.0,1909,1910,Latin America,990.0,999.0,21754.0,21732246.0,42,139328207.0,2939559126.60919,145113649.0,3166254860.355937,1.4209445585215605,-0.004504504504504514,0.02076191937214833,0.03855947847666574,1.0
140,H. R. da Fonseca,Regular,Regular,Regular,0,OK,1,1885,1923,0,1.0,1910,1914,Latin America,1004.0,990.0,22216.0,21993840.0,25,145113649.0,3166254860.355937,147294375.0,3092014836.2343206,4.0,0.0028282828282828465,0.0030055422284915425,-0.004689453464480154,1.0
140,Braz Pereira Gomez,Regular,Regular,Regular,0,OK,1,1868,1966,0,1.0,1914,1918,Latin America,1041.0,1004.0,24161.0,24257644.0,46,147294375.0,3092014836.2343206,166209096.0,3237619941.9560475,4.0,0.007370517928286846,0.02568288300215129,0.009418137585591601,1.0
140,da Costa Ribeiro,Regular,Regular,Regular,0,OK,1,1868,1920,0,1.0,1918,1919,Latin America,1154.0,1041.0,26277.0,27354357.0,50,166209096.0,3237619941.9560475,172685640.0,3233683011.2296357,0.6981519507186859,0.10854947166186357,0.038966242858333056,-0.0012159953289740955,1.0
140,de Silva Pessoa,Regular,Regular,Regular,0,OK,1,1865,1942,0,1.0,1919,1922,Latin America,1301.0,1154.0,26835.0,30967590.0,54,172685640.0,3233683011.2296357,203842078.0,3715797650.1647186,3.3018480492813143,0.03184575389948008,0.045105716375721805,0.037272874092856345,1.0
140,de Silva Bernar,Regular,Regular,Regular,0,Exile,1,1875,1955,0,1.0,1922,1926,Latin America,1299.0,1301.0,28542.0,37133142.0,47,203842078.0,3715797650.1647186,244042383.0,4582082014.773711,4.0,-0.0003074558032282848,0.03944259732281576,0.04662710115932125,1.0
140,de Souza,Regular,Irregular,"Removed by Military, without Foreign Support",0,Imprisonment,1,1870,1957,0,3.0,1926,1930,Latin America,1350.0,1299.0,30953.0,40207947.0,56,244042383.0,4582082014.773711,267002454.0,5458058939.984556,3.9397672826830936,0.009815242494226328,0.02352057736626839,0.04779360792683812,1.0
140,Vargas,Irregular,Irregular,"Removed by Military, without Foreign Support",0,OK,1,1883,1954,1,3.0,1930,1945,Latin America,1792.0,1350.0,33568.0,45316800.0,47,267002454.0,5458058939.984556,434131070.0,5516514526.341848,15.014373716632443,0.02046296296296296,0.03912150747498373,0.0006693724247948674,1.0
140,Linhares,Regular,Regular,Regular,0,OK,1,1886,1957,0,1.0,1945,1946,Latin America,1934.0,1792.0,46215.0,82817280.0,59,434131070.0,5516514526.341848,475890330.0,5764995899.017727,0.2546201232032854,0.0792410714285714,0.09619044313045833,0.04504318288103071,1.0
140,Dutra,Regular,Regular,Regular,0,OK,1,1885,1974,0,1.0,1946,1951,Latin America,2279.0,1934.0,47313.0,91503342.0,61,475890330.0,5764995899.017727,637484504.19,9334940849.93543,4.999315537303217,0.03567735263702172,0.06791235879493498,0.12384900226992257,1.0
140,Vargas,Regular,Irregular,"Removed by Military, without Foreign Support",1,Suicide,1,1883,1954,0,3.0,1951,1954,Latin America,2531.0,2279.0,54995.532,125334817.428,68,637484504.19,9334940849.93543,727119295.82,10684681554.893536,3.5345653661875427,0.027643703378674833,0.03515175311747054,0.0361475430497088,1.0
140,Cafe Filho,Regular,Retired Due to Ill Health,Regular,0,Imprisonment,1,1899,1970,0,2.1,1954,1955,Latin America,2675.0,2531.0,59989.219,151832713.289,55,727119295.82,10684681554.893536,777827903.911,11398992120.516134,1.2073921971252566,0.028447254049782655,0.03486952442502156,0.03342685329238693,1.0
140,Coimbra da Luz,Regular,Irregular,"Removed by Military, without Foreign Support",0,Imprisonment,1,1894,1961,0,3.0,1955,1956,Latin America,2672.0,2675.0,61773.546,165244235.55,61,777827903.911,11398992120.516134,813934456.329,11951387652.483673,0.008213552361396304,-0.0011214953271028172,0.04641971859900185,0.048460032793015584,1.0
140,Oliveria Ramos,Regular,Regular,Regular,0,OK,1,1889,1958,0,1.0,1955,1956,Latin America,2672.0,2675.0,61773.546,165244235.55,66,777827903.911,11398992120.516134,813934456.329,11951387652.483673,0.22176591375770022,-0.0011214953271028172,0.04641971859900185,0.048460032793015584,1.0
140,Kubitschek,Regular,Regular,Regular,0,OK,1,1902,1976,0,1.0,1956,1961,Latin America,3585.0,2672.0,63631.992,170024682.62399998,54,813934456.329,11951387652.483673,1077511563.008,14545646569.21639,5.002053388090349,0.05694860279441116,0.053971812396250964,0.03617793169249809,1.0
140,Quadros,Regular,Regular,Regular,0,Exile,1,1917,1992,0,1.0,1961,1962,Latin America,3711.0,3585.0,73832.902,264690953.67000002,44,1077511563.008,14545646569.21639,1127021110.899,15291081770.15114,0.5639972621492129,0.03514644351464424,0.04594804324214241,0.05124799350702958,1.0
140,Ranieri Mazzilli,Regular,Regular,Regular,0,OK,1,1910,1975,0,1.0,1961,1962,Latin America,3711.0,3585.0,73832.902,264690953.67000002,51,1077511563.008,14545646569.21639,1127021110.899,15291081770.15114,0.03559206023271732,0.03514644351464424,0.04594804324214241,0.05124799350702958,1.0
140,Goulart,Regular,Irregular,"Removed by Military, without Foreign Support",0,Exile,1,1918,1976,0,3.0,1961,1964,Latin America,3637.0,3585.0,73832.902,264690953.67000002,43,1077511563.008,14545646569.21639,1249245419.046,17168846684.352207,2.568104038329911,0.004834960483496076,0.053126686194928885,0.06011420903276569,1.0
140,Ranieri Mazzilli,Regular,Regular,Regular,1,OK,1,1910,1975,0,1.0,1964,1965,Latin America,3617.0,3637.0,80666.939,293385657.143,54,1249245419.046,17168846684.352207,1314086558.9229999,18075505373.698357,0.03559206023271732,-0.00549903766840798,0.051904244665164745,0.05280836307848702,1.0
140,Castello Branco,Irregular,Regular,Regular,0,Missing: Natural Death within Six Months of Losing Office,1,1900,1967,1,1.0,1964,1967,Latin America,3795.0,3637.0,80666.939,293385657.143,64,1249245419.046,17168846684.352207,1443948083.726,19784467002.851566,2.9130732375085557,0.014480799193474484,0.0519520722167058,0.05078229513776352,1.0
140,Costa de Silva,Regular,Retired Due to Ill Health,Regular,0,Missing: Natural Death within Six Months of Losing Office,1,1902,1969,0,2.1,1967,1969,Latin America,4313.0,3795.0,88049.823,334149078.285,65,1443948083.726,19784467002.851566,1636456669.4099998,22012539042.756966,2.4668035592060233,0.04549846288976722,0.04444032945820919,0.03753907951431904,1.0
140,Medici,Irregular,Regular,Regular,0,OK,1,1905,1985,1,1.0,1969,1974,Latin America,6416.0,4313.0,93114.241,401601721.43299997,64,1636456669.4099998,22012539042.756966,2289146958.1499996,27746656042.65312,4.386036960985626,0.09751912821701833,0.07976872237934876,0.052098642403388865,1.0
140,Geisel,Regular,Regular,Regular,0,OK,1,1907,1996,0,1.0,1974,1979,Latin America,7736.0,6416.0,106182.0,681263712.0,67,2289146958.1499996,27746656042.65312,2914837745.91,33220383789.58506,4.999315537303217,0.04114713216957604,0.054665847077433535,0.039455044517923456,1.0
140,Figueiredo,Regular,Regular,Regular,0,OK,1,1918,1999,0,1.0,1979,1985,Latin America,7862.0,7736.0,120101.0,929101336.0,61,2914837745.91,33220383789.58506,3205813055.943,40098894653.77975,6.017796030116359,0.002326783867631838,0.014260794272893016,0.02957956221681998,1.0
140,Sarnay,Regular,Regular,Regular,0,OK,1,1930,-777,0,1.0,1985,1990,Latin America,7842.0,7862.0,137382.0,1080097284.0,55,3205813055.943,40098894653.77975,3546778466.3650002,46715156894.540726,4.982888432580425,-0.0005087763927753786,0.021271696413483143,0.032999723797310844,1.0
140,Mello,Regular,Regular,Regular,0,OK,1,1949,-777,0,1.0,1990,1992,Latin America,7812.794255396262,7842.0,151170.0,1185475140.0,41,3546778466.3650002,46715156894.540726,3858778563.7832885,47778114919.29238,2.5516769336071183,-0.001241424152160923,0.02932239311223454,0.007584676262219518,1.0
140,"Franco, Itamar",Regular,Regular,Regular,0,OK,1,1930,2011,0,1.0,1992,1994,Latin America,8615.688661235072,7812.794255396262,156388.15,1221828439.9320488,62,3858778563.7832885,47778114919.29238,4224740380.411421,50046959415.1475,2.245037645448323,0.03425553775822069,0.03161292367338553,0.015829035948695298,1.0
140,Cardoso,Regular,Regular,Regular,0,OK,1,1931,-777,0,1.0,1995,2003,Latin America,10354.595358498154,8951.694356675776,164084.6,1468835187.837402,64,4311725039.95427,51854384806.948204,5485557213.435763,69971417637.12488,8.0,0.017413227360150926,0.03024909887456147,0.03882031684093332,1.0
140,Lula da Silva,Regular,Regular,Regular,0,OK,1,1945,-777,0,1.0,2003,2011,Latin America,14831.0,10354.595358498154,183969.78,1904932630.0919266,58,5485557213.435763,69971417637.12488,8156972484.557,99528621997.01219,8.0,0.048034546622046426,0.05411007623554825,0.04693536201877362,1.0
140,Rousseff,Regular,Still in Office,Still in Office,0,Leader Still in Office,0,1947,-777,0,-888.0,2011,2015,Latin America,14583.981967466183,14831.0,200152.05,2968455053.5499997,64,8156972484.557,99528621997.01219,8738737945.986675,113181872475.00757,4.996577686516085,-0.0033311042078594476,0.014264249696344811,0.027435827411345537,1.0
145,Baptista,Regular,Regular,Regular,0,OK,1,1832,1907,0,1.0,1892,1896,Latin America,1352.0,1390.0,,,60,30778633.0,1831626029.2905164,59052464.0,1960151150.4666553,4.024640657084189,-0.005467625899280582,0.18372376057117287,0.01403399155950229,1.0
145,Fernandez Alonso,Regular,Irregular,Unknown,0,Exile,1,1849,1925,0,3.0,1896,1899,Latin America,1420.0,1352.0,,,47,59052464.0,1960151150.4666553,62175177.0,2208935645.8065176,3.14031485284052,0.012573964497041401,0.013220079182470701,0.031730269280590195,1.0
145,Jose Manuel Pando,Irregular,Regular,Regular,0,OK,1,1848,1917,1,1.0,1899,1904,Latin America,1460.0,1420.0,,,51,62175177.0,2208935645.8065176,111387273.0,2530930797.645001,4.826830937713894,0.005633802816901401,0.1583014263071579,0.029153873491042148,1.0
145,Montes,Regular,Regular,Regular,0,OK,1,1861,1933,0,1.0,1904,1909,Latin America,1651.0,1460.0,1751.0,2556460.0,43,111387273.0,2530930797.645001,139328207.0,2939559126.60919,5.193702943189596,0.021803652968036547,0.04180749028062958,0.026908962330144354,1.0
145,Villazon,Regular,Regular,Regular,0,OK,1,1848,1939,0,1.0,1909,1913,Latin America,1862.0,1651.0,1822.0,3008122.0,61,139328207.0,2939559126.60919,155476888.0,4396657850.163141,3.808350444900753,0.03195033313143547,0.02897597218056497,0.12392153557689523,1.0
145,Montes,Regular,Regular,Regular,1,OK,1,1861,1933,0,1.0,1913,1917,Latin America,1957.0,1862.0,1881.0,3502422.0,52,155476888.0,4396657850.163141,157179771.0,3244941421.8856626,4.0,0.01020408163265305,0.0021905287942218356,-0.05239054152165803,1.0
145,Gutierrez Guerra,Regular,Irregular,"Removed by Other Government Actors, without Foreign Support",0,Exile,1,1869,1929,0,3.0,1917,1920,Latin America,1932.0,1957.0,2023.0,3959011.0,48,157179771.0,3244941421.8856626,191513114.0,3564985722.0261664,2.9048596851471595,-0.004258218361437582,0.07281119951922228,0.032876227798951906,1.0
145,Saavedra,Irregular,Regular,Regular,0,OK,1,1870,1939,1,1.0,1920,1925,Latin America,2144.0,1932.0,2136.0,4126752.0,50,191513114.0,3564985722.0261664,235026569.0,4389125672.035584,5.147159479808351,0.018288474810213933,0.03786812479066056,0.03852937123597681,1.0
145,Felipe Guzman,Regular,Regular,Regular,0,Missing: No Information Found,1,1879,1932,0,1.0,1925,1926,Latin America,2157.0,2144.0,2263.0,4851872.0,46,235026569.0,4389125672.035584,244042383.0,4582082014.773711,0.3531827515400411,0.006063432835820892,0.03836082889845538,0.043962364524558595,1.0
145,Siles,Regular,Irregular,"Removed by Military, without Foreign Support",0,Exile,1,1905,1942,0,3.0,1926,1930,Latin America,2281.0,2157.0,2289.0,4937373.0,21,244042383.0,4582082014.773711,267002454.0,5458058939.984556,4.454483230663929,0.0114974501622624,0.018816461893014714,0.0382348863414705,1.0
145,Blanco Galindo,Irregular,Regular,Regular,0,OK,1,1882,1943,1,1.0,1930,1931,Latin America,2040.0,2281.0,2397.0,5467557.0,48,267002454.0,5458058939.984556,251610514.0,5274746126.337196,0.6926762491444216,-0.10565541429197722,-0.057647185519875355,-0.03358571529971033,1.0
145,Salamanca,Regular,Irregular,"Removed by Military, without Foreign Support",0,Imprisonment,1,1868,1935,0,3.0,1931,1934,Latin America,2099.0,2040.0,2425.0,4947000.0,63,251610514.0,5274746126.337196,276350304.0,5285216561.450975,3.7344284736481863,0.007230392156862719,0.024581435019046916,0.0004962530358332828,1.0
145,Tejada Sorzano,Regular,Irregular,"Removed by Military, without Foreign Support",0,Exile,1,1882,1938,0,3.0,1934,1936,Latin America,2230.0,2099.0,2511.0,5270589.0,52,276350304.0,5285216561.450975,310140444.0,5983416185.986538,1.4702258726899384,0.031205335874225804,0.06113642632359828,0.06605213016511502,1.0
145,Toro,Irregular,Irregular,Removed in Military Power Struggle Short of Coup,0,Exile,1,1898,1977,1,3.0,1936,1937,Latin America,2381.0,2230.0,2569.0,5728870.0,38,310140444.0,5983416185.986538,325433436.0,6283610123.956657,1.1526351813826146,0.03385650224215242,0.024654946324897842,0.025085497033716986,1.0
145,"Busch, G.",Irregular,Suicide,Regular,0,Missing: Natural Death within Six Months of Losing Office,1,1903,1939,1,2.2,1937,1939,Latin America,2488.0,2381.0,2599.0,6188219.0,34,325433436.0,6283610123.956657,350268792.0,5943149740.776493,2.11088295687885,0.014979700405991872,0.02543823431836915,-0.018060763184640078,1.0
145,Quintanila,Irregular,Regular,Regular,0,OK,1,1888,1964,1,1.0,1939,1940,Latin America,2667.0,2488.0,2659.0,6615592.0,51,350268792.0,5943149740.776493,358293969.0,6033654014.749514,0.6461327857631759,0.07194533762057875,0.022911481648641985,0.015228334792250386,1.0
145,Penaranda,Regular,Irregular,"Removed by Military, without Foreign Support",0,Imprisonment,1,1891,1969,0,3.0,1940,1943,Latin America,2922.0,2667.0,2690.0,7174230.0,49,358293969.0,6033654014.749514,390621517.0,5848654828.738916,3.679671457905544,0.023903262092238475,0.022556581185434355,-0.007665304704179227,1.0
145,Villarroel,Irregular,Irregular,"Popular Protest, without Foreign Support",0,Death,1,1908,1946,1,3.0,1943,1946,Latin America,2891.0,2922.0,2785.0,8137770.0,35,390621517.0,5848654828.738916,475890330.0,5764995899.017727,2.5845311430527036,-0.0035363906000456247,0.07276336921979303,-0.004767986951467258,1.0
145,Guillen,Irregular,Regular,Regular,0,OK,1,1890,1966,1,1.0,1946,1947,Latin America,2797.0,2891.0,2883.0,8334753.0,56,475890330.0,5764995899.017727,495900627.0,5916422135.694958,0.07118412046543464,-0.032514700795572504,0.04204812692874005,0.02626649512500645,1.0
145,Gutierrez,Regular,Regular,Regular,0,OK,1,1884,1954,0,1.0,1946,1947,Latin America,2797.0,2891.0,2883.0,8334753.0,62,475890330.0,5764995899.017727,495900627.0,5916422135.694958,0.5639972621492129,-0.032514700795572504,0.04204812692874005,0.02626649512500645,1.0
145,Herzog,Regular,Retired Due to Ill Health,Regular,0,OK,1,1896,1980,0,2.1,1947,1949,Latin America,3083.0,2797.0,2916.0,8156052.0,51,495900627.0,5916422135.694958,549177110.0,6839178858.225641,2.1574264202600957,0.034084137766654754,0.03581126278081248,0.05198844286670642,1.0
145,Urriolagoitia,Regular,Irregular,"Removed by Military, without Foreign Support",0,Exile,1,1894,1974,0,3.0,1949,1951,Latin America,3209.0,3083.0,2984.0,9199672.0,55,549177110.0,6839178858.225641,637484504.19,9334940849.93543,2.023271731690623,0.01362309438858252,0.053599826954428886,0.12164043098575972,1.0
145,Ballivian Rojas,Irregular,Irregular,"Removed by Rebels, without Foreign Support",0,Exile,1,1902,1993,1,3.0,1951,1952,Latin America,3237.0,3209.0,2823.667,9061147.402999999,49,637484504.19,9334940849.93543,659388635.711,9831337731.891596,0.9062286105407256,0.008725459644749245,0.03436025719375202,0.05317622146042833,1.0
145,Siles Zuazo,Irregular,Regular,Regular,0,OK,1,1914,1996,1,1.0,1952,1953,Latin America,2869.0,3237.0,2883.315,9333290.655,38,659388635.711,9831337731.891596,686448883.928,10381252161.518972,0.013689253935660506,-0.11368551127587267,0.04103839033838019,0.055934852878009256,1.0
145,Paz Estenssoro,Regular,Regular,Regular,0,OK,1,1907,2001,0,1.0,1952,1956,Latin America,2719.0,3237.0,2883.315,9333290.655,45,659388635.711,9831337731.891596,813934456.329,11951387652.483673,4.167008898015058,-0.03200494284831634,0.04687548806520079,0.04312841199046406,1.0
145,Siles Zuazo,Regular,Regular,Regular,1,OK,1,1914,1996,0,1.0,1956,1960,Latin America,2560.0,2719.0,3141.998,8543092.562,42,813934456.329,11951387652.483673,1014324872.635,14025367456.334517,4.136892539356605,-0.011695476278043394,0.04923993934592694,0.034706928838005524,1.0
145,Paz Estenssoro,Regular,Irregular,"Removed by Military, without Foreign Support",1,Exile,1,1907,2001,0,3.0,1960,1964,Latin America,2809.0,2560.0,3434.073,8791226.879999999,53,1014324872.635,14025367456.334517,1249245419.046,17168846684.352207,4.246406570841889,0.01945312499999998,0.0463205729739677,0.044825623824892344,1.0
145,Barrientos Ortuna,Irregular,Regular,Regular,0,OK,1,1919,1969,1,1.0,1964,1966,Latin America,3014.0,2809.0,3764.067,10573264.203,45,1249245419.046,17168846684.352207,1383196801.941,19030818060.72169,1.163586584531143,0.0364898540405838,0.05361291738707896,0.054225289869543114,1.0
145,Ovando Candia,Regular,Regular,Regular,0,OK,1,1918,1982,0,1.0,1966,1967,Latin America,3127.0,3014.0,3945.474,11891658.636,48,1383196801.941,19030818060.72169,1443948083.726,19784467002.851566,0.5831622176591376,0.037491705374917084,0.04392092412283599,0.03960150003668805,1.0
145,Barrientos Ortuna,Regular,Natural Death,Regular,1,Missing: Natural Death within Six Months of Losing Office,1,1919,1969,0,2.0,1966,1969,Latin America,3379.0,3014.0,3945.474,11891658.636,47,1383196801.941,19030818060.72169,1636456669.4099998,22012539042.756966,2.724161533196441,0.040367175403671775,0.06103249783728234,0.05222618338531201,1.0
145,Siles Salinas,Regular,Irregular,"Removed by Military, without Foreign Support",0,Exile,1,1925,2005,0,3.0,1969,1970,Latin America,3469.0,3379.0,4240.872,14329906.488000002,44,1636456669.4099998,22012539042.756966,1754182512.501,23271103735.64346,0.4161533196440794,0.02663509914175788,0.0719394807645255,0.057174898835698595,1.0
145,Ovando Candia,Irregular,Irregular,"Removed by Military, without Foreign Support",1,Exile,1,1918,1982,1,3.0,1969,1970,Latin America,3469.0,3379.0,4240.872,14329906.488000002,51,1636456669.4099998,22012539042.756966,1754182512.501,23271103735.64346,1.0266940451745379,0.01331754957087894,0.03596974038226275,0.028587449417849298,1.0
145,Torres,Irregular,Irregular,"Removed by Military, without Foreign Support",0,Exile,1,1921,1976,1,3.0,1970,1971,Latin America,3513.0,3469.0,4346.218,15077030.241999999,49,1754182512.501,23271103735.64346,1865020165.067,24246398728.449657,0.8733744010951403,0.012683770539060335,0.06318478936833927,0.04191013042979885,1.0
145,Banzer Suarez,Irregular,Irregular,"Removed by Military, without Foreign Support",0,Exile,1,1926,2002,1,3.0,1971,1978,Latin America,4328.0,3513.0,4454.684,15649304.892,45,1865020165.067,24246398728.449657,2740771000.139,32088474953.570343,6.913073237508556,0.03314220649831239,0.0670809166015899,0.046204659757333885,1.0
145,Pereda Asbun,Irregular,Irregular,"Removed by Military, without Foreign Support",0,Exile,1,1932,-777,1,3.0,1978,1979,Latin America,4227.0,4328.0,5204.622,22525604.016000003,46,2740771000.139,32088474953.570343,2914837745.91,33220383789.58506,0.34496919917864477,-0.023336414048059195,0.06351013848372311,0.03527462235748202,1.0
145,Padilla Aranciba,Irregular,Regular,Regular,0,OK,1,1927,-777,1,1.0,1978,1979,Latin America,4227.0,4328.0,5204.622,22525604.016000003,51,2740771000.139,32088474953.570343,2914837745.91,33220383789.58506,0.70362765229295,-0.023336414048059195,0.06351013848372311,0.03527462235748202,1.0
145,Guevara Arze,Regular,Irregular,"Removed by Military, without Foreign Support",0,OK,1,1911,1996,0,3.0,1979,1980,Latin America,4100.0,4227.0,5326.981,22517148.687,68,2914837745.91,33220383789.58506,3087260751.627,35105310712.72682,0.2327173169062286,-0.030044949136503463,0.059153551843130314,0.05674007064700759,1.0
145,Natusch Busch,Irregular,Regular,Regular,0,Exile,1,1927,1994,1,1.0,1979,1980,Latin America,4100.0,4227.0,5326.981,22517148.687,52,2914837745.91,33220383789.58506,3087260751.627,35105310712.72682,0.04106776180698152,-0.030044949136503463,0.059153551843130314,0.05674007064700759,1.0
145,Lidia Gueiler Tejada,Regular,Irregular,"Removed by Other Government Actors, with Foreign Support",0,Exile,0,1925,2011,0,3.0,1979,1980,Latin America,4100.0,4227.0,5326.981,22517148.687,54,2914837745.91,33220383789.58506,3087260751.627,35105310712.72682,0.6680355920602327,-0.030044949136503463,0.059153551843130314,0.05674007064700759,1.0
145,Garcia Meza Tejada,Irregular,Irregular,"Removed by Military, without Foreign Support",0,Exile,1,1932,-777,1,3.0,1980,1981,Latin America,4060.0,4100.0,5441.298,22309321.8,48,3087260751.627,35105310712.72682,3104329192.9090004,35740398961.4584,1.0458590006844628,-0.004878048780487809,0.0027643342521368464,0.00904547254870669,1.0
145,Torrelio Villa,Irregular,Irregular,Removed in Military Power Struggle Short of Coup,0,Exile,1,1933,1999,1,3.0,1981,1982,Latin America,3816.0,4060.0,5545.224,22513609.44,48,3104329192.9090004,35740398961.4584,3079731264.3409996,36196627164.43434,0.9527720739219713,-0.06009852216748768,-0.007923750040487954,0.012765056245396922,1.0
145,Vildoso Calderon,Irregular,Regular,Regular,0,OK,1,1937,-777,1,1.0,1982,1983,Latin America,3585.0,3816.0,5642.224,21530726.784,45,3079731264.3409996,36196627164.43434,3006650568.852,37212432698.472725,0.22176591375770022,-0.06053459119496851,-0.023729568983882454,0.028063541098008127,1.0
145,Siles Zuazo,Irregular,Regular,Regular,2,OK,1,1914,1996,1,1.0,1982,1985,Latin America,3476.0,3816.0,5642.224,21530726.784,68,3079731264.3409996,36196627164.43434,3205813055.943,40098894653.77975,2.8227241615331966,-0.029699510831586323,0.013646406215357398,0.03593582970790946,1.0
145,Paz Estenssoro,Regular,Regular,Regular,2,OK,1,1907,2001,0,1.0,1985,1989,Latin America,3408.0,3476.0,5934.935,20629834.060000002,78,3205813055.943,40098894653.77975,3526756992.264,46016341267.83971,4.0,-0.003912543153049475,0.020022623323342436,0.02951426299977662,1.0
145,Paz Zamora,Regular,Regular,Regular,0,OK,1,1939,-777,0,1.0,1989,1993,Latin America,3670.2744123593734,3408.0,6423.135,21890044.080000002,50,3526756992.264,46016341267.83971,4007569260.1471987,48709321632.52854,4.0,0.01539169086616039,0.027266538008593643,0.011704452333636216,1.0
145,Gonzalo Sanchez de Lozada,Regular,Regular,Regular,0,OK,1,1930,-777,0,1.0,1993,1997,Latin America,4079.537865918379,3670.2744123593734,7049.12,25872204.765650705,63,4007569260.1471987,48709321632.52854,4764813624.333422,56142944592.630035,4.0,0.022301517956305483,0.03779070628755195,0.03052238344102598,1.0
145,Banzer Suarez,Regular,Retired Due to Ill Health,Regular,1,Missing: Natural Death within Six Months of Losing Office,1,1926,2002,0,2.1,1997,2001,Latin America,4166.491663823036,4079.537865918379,7677.67,31321345.48702556,71,4764813624.333422,56142944592.630035,5279021630.963469,64760587194.60295,4.002737850787132,0.0042629239272955035,0.021583551726096405,0.03069893346172714,1.0
145,Jorge Quiroga Ramirez,Regular,Regular,Regular,0,OK,1,1960,-777,0,1.0,2001,2002,Latin America,4193.754879231691,4166.491663823036,8351.14,34794955.19341911,41,5279021630.963469,64760587194.60295,5340359249.454948,67072928019.09664,0.9965776865160849,0.006543446527297103,0.011619126190298479,0.03570598916197598,1.0
145,Gonzalo Sanchez de Lozada,Regular,Regular,Regular,1,Exile,1,1930,-777,0,1.0,2002,2003,Latin America,4230.372476124638,4193.754879231691,8529.38,35770128.9918212,72,5340359249.454948,67072928019.09664,5485557213.435763,69971417637.12488,1.1909650924024642,0.004365729274532049,0.013594400413758145,0.021607000794739428,1.0
145,Carlos Mesa,Regular,Regular,Regular,0,OK,1,1953,-777,0,1.0,2003,2005,Latin America,4445.347739995699,4230.372476124638,8710.72,36849590.1352284,50,5485557213.435763,69971417637.12488,6172307899.750509,77968730835.80147,1.6454483230663928,0.025408550320845102,0.06259625591295348,0.05714699993753902,1.0
145,Enrique Rodriguez,Regular,Regular,Regular,0,OK,1,1956,-777,0,1.0,2005,2006,Latin America,4581.902166317692,4445.347739995699,9080.52,40366069.05998575,49,6172307899.750509,77968730835.80147,6563879628.943458,82618841699.03532,0.621492128678987,0.030718502647922197,0.0634400836045097,0.059640715109583686,1.0
145,Juan Morales,Regular,Still in Office,Still in Office,0,Leader Still in Office,1,1959,-777,0,-888.0,2006,2015,Latin America,6176.26705563787,4581.902166317692,9268.47,42467222.771450534,47,6563879628.943458,82618841699.03532,8738737945.986675,113181872475.00757,9.938398357289527,0.03479700856645551,0.033133732487310864,0.03699280956674209,1.0
155,F.  Errazuriz Zanartu,Regular,Regular,Regular,0,OK,1,1825,1877,0,1.0,1871,1876,Latin America,1988.0,1836.0,1975.0,3626100.0,46,18645503.0,891261334.0910999,21022083.0,994588638.0127813,5.002053388090349,0.013798111837327523,0.021243549539353628,0.01932229825480118,1.0
155,Pinto,Regular,Regular,Regular,0,OK,1,1825,1884,0,1.0,1876,1881,Latin America,2488.0,1988.0,2132.0,4238416.0,51,21022083.0,994588638.0127813,24317574.0,1168068272.6993976,4.999315537303217,0.05030181086519114,0.031352659011002836,0.03488470068052134,1.0
155,Santa Maria,Regular,Regular,Regular,0,OK,1,1825,1889,0,1.0,1881,1886,Latin America,2625.0,2488.0,2298.0,5717424.0,56,24317574.0,1168068272.6993976,28392644.0,1592248032.1179183,4.999315537303217,0.0110128617363344,0.03351543209038863,0.07262927507452015,1.0
155,Balmaceda,Regular,Irregular,Unknown,0,Exile,1,1840,1891,0,3.0,1886,1891,Latin America,3038.0,2625.0,2469.0,6481125.0,46,28392644.0,1592248032.1179183,33056924.0,1755379986.2233455,4.941820670773443,0.031466666666666664,0.03285555230432222,0.020490771640450812,1.0
155,J. Montt-Alvarez,Irregular,Regular,Regular,0,OK,1,1845,1922,1,1.0,1891,1896,Latin America,3379.0,3038.0,2643.0,8029434.0,46,33056924.0,1755379986.2233455,59052464.0,1960151150.4666553,5.0513347022587265,0.018707482993197282,0.13106452372882607,0.019442244779896128,1.0
155,F. Errazuriz Echaurren,Regular,Retired Due to Ill Health,Regular,0,Missing: Natural Death within Six Months of Losing Office,1,1850,1901,0,2.1,1896,1901,Latin America,3416.0,3379.0,2818.0,9522022.0,46,59052464.0,1960151150.4666553,97485100.0,2383409478.9599314,4.61327857631759,0.0021899970405445226,0.1301643772222612,0.04318629493368516,1.0
155,A. Zanartu Zanartu,Regular,Regular,Regular,0,Missing: Natural Death within Six Months of Losing Office,1,1847,1902,0,1.0,1901,1902,Latin America,3604.0,3416.0,2994.0,10227504.0,54,97485100.0,2383409478.9599314,99363364.0,2427437019.6413016,0.29842573579739906,0.05503512880562056,0.019267190575790627,0.01847250381020671,1.0
155,Riesco Errazuriz,Regular,Regular,Regular,0,OK,1,1854,1916,0,1.0,1901,1906,Latin America,3668.0,3416.0,2994.0,10227504.0,47,97485100.0,2383409478.9599314,124281783.0,2786976251.5688505,5.084188911704312,0.01229508196721311,0.04581329693802779,0.028220551005572265,1.0
155,P. Montt,Regular,Natural Death,Regular,0,Missing: Natural Death within Six Months of Losing Office,1,1848,1910,0,2.0,1906,1910,Latin America,4485.0,3668.0,3172.0,11634896.0,58,124281783.0,2786976251.5688505,145113649.0,3166254860.355937,3.909650924024641,0.0556842966194111,0.0419045042184501,0.03402241125786254,1.0
155,Albano,Regular,Natural Death,Regular,0,Missing: Natural Death within Six Months of Losing Office,1,1845,1910,0,2.0,1910,1911,Latin America,4481.0,4485.0,3317.0,14876745.0,65,145113649.0,3166254860.355937,147401920.0,3482522324.7243567,0.057494866529774126,-0.0008918617614269708,0.015768819926787137,0.09988692582152603,1.0
155,Figueroa Larrain,Regular,Regular,Regular,0,OK,1,1866,1931,0,1.0,1910,1911,Latin America,4481.0,4485.0,3317.0,14876745.0,44,145113649.0,3166254860.355937,147401920.0,3482522324.7243567,1.0321697467488022,-0.0004459308807134854,0.007884409963393568,0.049943462910763015,1.0
155,Lucco,Regular,Regular,Regular,0,OK,1,1835,1919,0,1.0,1911,1915,Latin America,3813.0,4481.0,3354.0,15029274.0,76,147401920.0,3482522324.7243567,148598033.0,3112087731.959568,4.262833675564682,-0.0298147734880607,0.001622927299725818,-0.021273924944277777,1.0
155,Sanfuentes,Regular,Regular,Regular,0,OK,1,1858,1930,0,1.0,1915,1920,Latin America,4248.0,3813.0,3509.0,13379817.0,57,148598033.0,3112087731.959568,191513114.0,3564985722.0261664,5.002053388090349,0.019013899816417507,0.04813329864198135,0.024254778414265377,1.0
155,Alessandri y Palma,Regular,Irregular,"Removed by Military, without Foreign Support",0,Exile,1,1868,1950,0,3.0,1920,1924,Latin America,4779.0,4248.0,3723.0,15815304.0,52,191513114.0,3564985722.0261664,228277553.0,4177978439.109769,3.7097878165639973,0.03125,0.04799206465829803,0.04298703872053705,1.0
155,Altamirano,Irregular,Irregular,"Removed by Military, without Foreign Support",0,Imprisonment,1,1867,1938,1,3.0,1924,1925,Latin America,4903.0,4779.0,3917.0,18719343.0,57,228277553.0,4177978439.109769,235026569.0,4389125672.035584,0.3750855578370979,0.02594685080560777,0.02956495683130078,0.05053813369386506,1.0
155,Ibanez del Campo,Irregular,Regular,Regular,0,OK,1,1877,1960,1,1.0,1925,1926,Latin America,4702.0,4903.0,3970.0,19464910.0,48,235026569.0,4389125672.035584,244042383.0,4582082014.773711,0.15605749486652978,-0.04099530899449322,0.03836082889845538,0.043962364524558595,1.0
155,Alessandri y Palma,Regular,Regular,Regular,1,Exile,1,1868,1950,0,1.0,1925,1926,Latin America,4702.0,4903.0,3970.0,19464910.0,57,235026569.0,4389125672.035584,244042383.0,4582082014.773711,0.5311430527036276,-0.04099530899449322,0.03836082889845538,0.043962364524558595,1.0
155,Barros Borgono,Regular,Regular,Regular,0,OK,1,1858,1943,0,1.0,1925,1926,Latin America,4702.0,4903.0,3970.0,19464910.0,67,235026569.0,4389125672.035584,244042383.0,4582082014.773711,0.2272416153319644,-0.04099530899449322,0.03836082889845538,0.043962364524558595,1.0
155,Figueroa Larrain,Irregular,Irregular,"Removed by Military, without Foreign Support",1,Exile,1,1866,1931,1,3.0,1925,1927,Latin America,4544.0,4903.0,3970.0,19464910.0,59,235026569.0,4389125672.035584,252940663.0,4698671884.768971,1.2922655715263518,-0.03661023862941054,0.038110784827905975,0.035262855960766504,1.0
155,Ibanez del Campo,Irregular,Regular,Regular,1,Exile,1,1877,1960,1,1.0,1927,1931,Latin America,3904.0,4544.0,4081.0,18544064.0,50,252940663.0,4698671884.768971,251610514.0,5274746126.337196,4.295687885010267,-0.02816901408450705,-0.001051747855978391,0.024520726524259073,1.0
155,Opazo Letelier,Regular,Regular,Regular,0,OK,1,1876,1957,0,1.0,1931,1932,Latin America,2950.0,3904.0,4332.0,16912128.0,55,251610514.0,5274746126.337196,238034537.0,5018502854.988797,0.0027378507871321013,-0.24436475409836067,-0.053956318375471435,-0.04857926148690983,1.0
155,Montero Rodriquez,Regular,Regular,Regular,0,OK,1,1878,1948,0,1.0,1931,1932,Latin America,2950.0,3904.0,4332.0,16912128.0,53,251610514.0,5274746126.337196,238034537.0,5018502854.988797,0.05475701574264202,-0.24436475409836067,-0.053956318375471435,-0.04857926148690983,1.0
155,Trucco Franzani,Regular,Regular,Regular,0,OK,1,1875,1954,0,1.0,1931,1932,Latin America,2950.0,3904.0,4332.0,16912128.0,56,251610514.0,5274746126.337196,238034537.0,5018502854.988797,0.2464065708418891,-0.24436475409836067,-0.053956318375471435,-0.04857926148690983,1.0
155,Montero Rodriquez,Regular,Irregular,"Removed by Military, without Foreign Support",1,Exile,1,1878,1948,0,3.0,1931,1932,Latin America,2950.0,3904.0,4332.0,16912128.0,53,251610514.0,5274746126.337196,238034537.0,5018502854.988797,0.5530458590006845,-0.24436475409836067,-0.053956318375471435,-0.04857926148690983,1.0
155,Davila,Irregular,Irregular,Removed in Military Power Struggle Short of Coup,0,Exile,1,1887,1955,1,3.0,1932,1933,Latin America,3618.0,2950.0,4401.0,12982950.0,45,238034537.0,5018502854.988797,257259548.0,5044728874.113239,0.019164955509924708,0.22644067796610168,0.0807656369630092,0.005225865139913521,1.0
155,Grove Vallejo,Irregular,Irregular,"Removed by Military, without Foreign Support",0,Imprisonment,1,1878,1954,1,3.0,1932,1933,Latin America,3618.0,2950.0,4401.0,12982950.0,54,238034537.0,5018502854.988797,257259548.0,5044728874.113239,0.013689253935660506,0.22644067796610168,0.0807656369630092,0.005225865139913521,1.0
155,Davila,Irregular,Irregular,"Removed by Military, without Foreign Support",1,Exile,1,1887,1955,1,3.0,1932,1933,Latin America,3618.0,2950.0,4401.0,12982950.0,45,238034537.0,5018502854.988797,257259548.0,5044728874.113239,0.24093086926762491,0.22644067796610168,0.0807656369630092,0.005225865139913521,1.0
155,Blanche,Irregular,Regular,Regular,0,OK,1,1879,1970,1,1.0,1932,1933,Latin America,3618.0,2950.0,4401.0,12982950.0,53,238034537.0,5018502854.988797,257259548.0,5044728874.113239,0.05201916495550993,0.22644067796610168,0.0807656369630092,0.005225865139913521,1.0
155,Ovandel Urrutia,Regular,Regular,Regular,0,OK,1,1874,1954,0,1.0,1932,1933,Latin America,3618.0,2950.0,4401.0,12982950.0,58,238034537.0,5018502854.988797,257259548.0,5044728874.113239,0.2299794661190965,0.22644067796610168,0.0807656369630092,0.005225865139913521,1.0
155,Alessandri y Palma,Regular,Regular,Regular,2,Exile,1,1868,1950,0,1.0,1932,1938,Latin America,5070.0,2950.0,4401.0,12982950.0,64,238034537.0,5018502854.988797,336590382.0,6269649368.577917,5.9958932238193015,0.11977401129943503,0.06900668438154696,0.04155112091332772,1.0
155,Aguirre Cerda,Regular,Natural Death,Regular,0,Missing: Natural Death within Six Months of Losing Office,1,1879,1941,0,2.0,1938,1941,Latin America,5091.0,5070.0,4875.0,24716250.0,59,336590382.0,6269649368.577917,376295581.0,5616296626.636931,2.921286789869952,0.0013806706114398715,0.039320987886496774,-0.03473627223958453,1.0
155,Mendez Arancibia,Regular,Regular,Regular,0,OK,1,1884,1959,0,1.0,1941,1942,Latin America,5161.0,5091.0,5151.0,26223741.0,57,376295581.0,5616296626.636931,378518382.0,5685375444.6349,0.34770704996577684,0.013749754468670217,0.005907061130223656,0.012299709682416449,1.0
155,Rios Morales,Regular,Retired Due to Ill Health,Regular,0,Missing: Natural Death within Six Months of Losing Office,1,1888,1946,0,2.1,1942,1946,Latin America,5918.0,5161.0,5248.0,27084928.0,54,378518382.0,5685375444.6349,475890330.0,5764995899.017727,3.7973990417522243,0.036669250145320686,0.06431124129659838,0.003501108025238786,1.0
155,Duhalde Vasquez,Regular,Regular,Regular,0,OK,1,1888,1985,0,1.0,1946,1947,Latin America,5187.0,5918.0,5656.0,33472208.0,58,475890330.0,5764995899.017727,495900627.0,5916422135.694958,0.5420944558521561,-0.12352145995268671,0.04204812692874005,0.02626649512500645,1.0
155,Bielech,Regular,Regular,Regular,0,OK,1,1895,1977,0,1.0,1946,1947,Latin America,5187.0,5918.0,5656.0,33472208.0,51,475890330.0,5764995899.017727,495900627.0,5916422135.694958,0.09308692676249145,-0.12352145995268671,0.04204812692874005,0.02626649512500645,1.0
155,Duhalde Vasquez,Regular,Regular,Regular,1,OK,1,1888,1985,0,1.0,1946,1947,Latin America,5187.0,5918.0,5656.0,33472208.0,58,475890330.0,5764995899.017727,495900627.0,5916422135.694958,0.11225188227241616,-0.12352145995268671,0.04204812692874005,0.02626649512500645,1.0
155,Iribarren,Regular,Regular,Regular,0,OK,1,1885,1966,0,1.0,1946,1947,Latin America,5187.0,5918.0,5656.0,33472208.0,61,475890330.0,5764995899.017727,495900627.0,5916422135.694958,0.04654346338124572,-0.12352145995268671,0.04204812692874005,0.02626649512500645,1.0
155,Gonzalez Videla,Regular,Regular,Regular,0,OK,1,1898,1980,0,1.0,1946,1952,Latin America,6252.0,5918.0,5656.0,33472208.0,48,475890330.0,5764995899.017727,659388635.711,9831337731.891596,6.0013689253935665,0.008062569400859365,0.05508421167750981,0.10076433466740478,1.0
155,Ibanez Campo,Regular,Regular,Regular,1,OK,1,1877,1960,0,1.0,1952,1958,Latin America,6958.0,6252.0,6377.619,39872873.988,75,659388635.711,9831337731.891596,917164941.4790001,12754499113.886679,5.9986310746064335,0.01882064406056727,0.06515538075913992,0.04955516501945142,1.0
155,Alessandri Rodriguez,Regular,Regular,Regular,0,OK,1,1896,1986,0,1.0,1958,1964,Latin America,7320.0,6958.0,7219.783,50235250.114,62,917164941.4790001,12754499113.886679,1249245419.046,17168846684.352207,6.0013689253935665,0.007432349197224163,0.05172468558093413,0.04944302993509764,1.0
155,Frei Montalva,Regular,Regular,Regular,0,OK,1,1911,1982,0,1.0,1964,1970,Latin America,8195.0,7320.0,8330.423,60978696.36000001,53,1249245419.046,17168846684.352207,1754182512.501,23271103735.64346,5.9986310746064335,0.019922586520947177,0.0673656120402401,0.059237691417491356,1.0
155,Allende,Regular,Irregular,"Removed by Military, without Foreign Support",0,Suicide,1,1908,1973,0,3.0,1970,1973,Latin America,7911.0,8195.0,9368.558,76775332.81,62,1754182512.501,23271103735.64346,2156414926.1,28100062467.301537,2.8528405201916494,-0.011551759202765929,0.07643302235894926,0.06916959886553416,1.0
155,Pinochet,Irregular,Regular,Regular,0,OK,1,1915,2006,1,1.0,1973,1990,Latin America,10203.0,7911.0,9896.635,78292279.485,58,2156414926.1,28100062467.301537,3546778466.3650002,46715156894.540726,16.49555099247091,0.017042539427602667,0.037926880218612846,0.03896808257339918,1.0
155,Aylwin,Regular,Regular,Regular,0,OK,1,1918,-777,0,1.0,1990,1994,Latin America,12692.551132186198,10203.0,13129.0,133955187.0,72,3546778466.3650002,46715156894.540726,4224740380.411421,50046959415.1475,4.0,0.04880037503060271,0.038229729907052555,0.014264331930333895,1.0
155,Frei Ruiz-Tagle,Regular,Regular,Regular,0,OK,1,1942,-777,0,1.0,1994,2000,Latin America,15211.623295604435,12692.551132186198,14098.25,178942758.99934405,52,4224740380.411421,50046959415.1475,5194943343.847668,62796055415.77486,6.0013689253935665,0.02835264937435051,0.03280684985772732,0.036391809811123235,1.0
155,Ricardo Lagos Escobar,Regular,Regular,Regular,0,OK,1,1928,-777,0,1.0,2000,2006,Latin America,17920.803131219684,15211.623295604435,15339.62,233340520.9377197,72,5194943343.847668,62796055415.77486,6563879628.943458,82618841699.03532,5.9958932238193015,0.029683220773223867,0.043918871181948226,0.052611548480269756,1.0
155,Michelle Bachelet,Regular,Regular,Regular,0,OK,0,1951,-777,0,1.0,2006,2010,Latin America,18909.847276205317,17920.803131219684,16364.13,293258352.14368594,55,6563879628.943458,82618841699.03532,7742585828.810348,95439312780.60913,4.0,0.011037944424071355,0.03591492429780034,0.03103522348637213,1.0
155,Sebastian Piñera,Regular,Regular,Regular,0,OK,1,1949,-777,0,1.0,2010,2014,Latin America,21337.759460089786,18909.847276205317,16999.47,321457381.47643405,61,7742585828.810348,95439312780.60913,8731076632.536161,109801891452.69542,4.0,0.02567881324921717,0.025533867510970733,0.030097825002370328,1.0
155,Michelle Bachelet,Regular,Still in Office,Still in Office,1,Leader Still in Office,0,1951,-777,0,-888.0,2014,2015,Latin America,21574.0177869608,21337.759460089786,17720.43,378114272.86935884,63,8731076632.536161,109801891452.69542,8738737945.986675,113181872475.00757,1.8069815195071868,0.00553615592379586,0.0004387381861913342,0.015391269574660749,1.0
160,Roca,Regular,Regular,Regular,0,OK,1,1843,1914,0,1.0,1880,1886,Latin America,3771.0,2557.0,,,37,23748900.0,1129603158.4191873,28392644.0,1592248032.1179183,6.056125941136208,0.06782501815743898,0.02793358850304647,0.05850915369836291,1.0
160,Celman,Regular,Regular,Regular,0,OK,1,1844,1909,0,1.0,1886,1890,Latin America,3851.0,3771.0,,,42,28392644.0,1592248032.1179183,69483632.0,2439288281.1040273,3.813826146475017,0.005303632988597207,0.36181015758870505,0.13299439407367708,1.0
160,Pellegrini,Regular,Regular,Regular,0,OK,1,1846,1906,0,1.0,1890,1892,Latin America,4251.0,3851.0,3376.0,13000976.0,44,69483632.0,2439288281.1040273,30778633.0,1831626029.2905164,2.187542778918549,0.03462304163420756,-0.18567921626971562,-0.08303819007655815,1.0
160,L.S. Pena,Regular,Regular,Regular,0,Missing: No Information Found,1,1822,1907,0,1.0,1892,1895,Latin America,5384.0,4251.0,,,70,30778633.0,1831626029.2905164,56508304.0,1958952104.1774433,2.2806297056810405,0.08884184113541911,0.2786529538202687,0.0231717743052325,1.0
160,J. Evaristo Uriburu,Regular,Regular,Regular,0,OK,1,1831,1914,0,1.0,1895,1898,Latin America,4741.0,5384.0,,,64,56508304.0,1958952104.1774433,64064436.0,2145898307.1412191,3.7180013689253935,-0.029856983655274894,0.03342929916990606,0.023857934372810252,1.0
160,Roca,Regular,Regular,Regular,1,OK,1,1843,1914,0,1.0,1898,1904,Latin America,5086.0,4741.0,,,55,64064436.0,2145898307.1412191,111387273.0,2530930797.645001,5.9986310746064335,0.012128242986711668,0.12311260337950998,0.029904530674671543,1.0
160,Quintana,Regular,Natural Death,Regular,0,Missing: Natural Death within Six Months of Losing Office,1,1835,1906,0,2.0,1904,1906,Latin America,5608.0,5086.0,5455.0,27744130.0,69,111387273.0,2530930797.645001,124281783.0,2786976251.5688505,1.4127310061601643,0.05131734172237512,0.057881433186716014,0.05058325857073942,1.0
160,Alcorta,Regular,Regular,Regular,0,OK,1,1860,1931,0,1.0,1906,1910,Latin America,6092.0,5608.0,5881.0,32980648.0,46,124281783.0,2786976251.5688505,145113649.0,3166254860.355937,4.58590006844627,0.0172610556348074,0.03352360337476008,0.027217929006290033,1.0
160,R.S. Pena,Regular,Retired Due to Ill Health,Regular,0,OK,1,1851,1914,0,2.1,1910,1913,Latin America,6052.0,6092.0,6836.0,41644912.0,59,145113649.0,3166254860.355937,155476888.0,4396657850.163141,2.9842573579739904,-0.0021886627270737424,0.023804879994437995,0.1295329491857864,1.0
160,de la Plaza,Regular,Regular,Regular,0,OK,1,1840,1919,0,1.0,1913,1916,Latin America,4927.0,6052.0,7653.0,46315956.0,73,155476888.0,4396657850.163141,154776992.0,3334816155.24101,3.0171115674195756,-0.04647224058162591,-0.0011254019954399785,-0.06037777620577928,1.0
160,Irigoyen,Regular,Regular,Regular,0,OK,1,1852,1933,0,1.0,1916,1922,Latin America,5796.0,4927.0,8226.0,40529502.0,64,154776992.0,3334816155.24101,203842078.0,3715797650.1647186,5.9986310746064335,0.029395846018537324,0.05283417275180883,0.019040604598495214,1.0
160,de Alvear,Regular,Regular,Regular,0,OK,1,1868,1942,0,1.0,1922,1928,Latin America,6840.0,5796.0,9368.0,54296928.0,54,203842078.0,3715797650.1647186,272421476.0,4861352558.274555,6.0013689253935665,0.02573203194321207,0.04806199462479409,0.04404187648681395,1.0
160,Irigoyen,Regular,Irregular,"Removed by Military, without Foreign Support",1,Imprisonment,1,1852,1933,0,3.0,1928,1930,Latin America,6503.0,6840.0,11282.0,77168880.0,76,272421476.0,4861352558.274555,267002454.0,5458058939.984556,1.9000684462696784,-0.02463450292397662,-0.009946025694391292,0.06137246523031348,1.0
160,J. Felix Uriburu,Irregular,Regular,Regular,0,Exile,1,1868,1932,1,1.0,1930,1932,Latin America,5614.0,6503.0,11896.0,77359688.0,62,267002454.0,5458058939.984556,238034537.0,5018502854.988797,1.4565366187542779,-0.06835306781485467,-0.05424653699999327,-0.040266703770425294,1.0
160,Justo,Regular,Regular,Regular,0,OK,1,1876,1943,0,1.0,1932,1938,Latin America,6491.0,5614.0,12402.0,69624828.0,56,238034537.0,5018502854.988797,336590382.0,6269649368.577917,6.0013689253935665,0.02231665733625121,0.05914858661275454,0.03561524649713805,1.0
160,Ortiz,Regular,Retired Due to Ill Health,Regular,0,Missing: Natural Death within Six Months of Losing Office,1,1886,1942,0,2.1,1938,1942,Latin America,6829.0,6491.0,13724.0,89082484.0,52,336590382.0,6269649368.577917,378518382.0,5685375444.6349,4.334017796030117,0.010414419966106925,0.024913367845430613,-0.01863816904566522,1.0
160,Castillo,Regular,Irregular,"Removed by Military, without Foreign Support",0,OK,1,1873,1944,0,3.0,1942,1943,Latin America,6666.0,6829.0,14638.0,99962902.0,69,378518382.0,5685375444.6349,390621517.0,5848654828.738916,0.9390828199863107,-0.023868794845511743,0.03197502572015121,0.028719191141210798,1.0
160,Rawson,Irregular,Irregular,Removed in Military Power Struggle Short of Coup,0,Exile,1,1885,1952,1,3.0,1943,1944,Latin America,7299.0,6666.0,14877.0,99170082.0,58,390621517.0,5848654828.738916,415891044.0,5921553827.78953,0.0054757015742642025,0.09495949594959496,0.06469056593213729,0.01246423343234504,1.0
160,Ramirez,Irregular,Regular,Regular,0,OK,1,1884,1962,1,1.0,1943,1944,Latin America,7299.0,6666.0,14877.0,99170082.0,59,390621517.0,5848654828.738916,415891044.0,5921553827.78953,0.7173169062286106,0.09495949594959496,0.06469056593213729,0.01246423343234504,1.0
160,Farrell,Regular,Regular,Regular,0,OK,1,1887,1980,0,1.0,1944,1946,Latin America,7436.0,7299.0,15130.0,110433870.0,57,415891044.0,5921553827.78953,475890330.0,5764995899.017727,2.2340862422997945,0.006256564826231899,0.048088946103874264,-0.008812885566008307,1.0
160,Peron,Regular,Irregular,"Removed by Military, without Foreign Support",0,Exile,1,1895,1974,0,3.0,1946,1955,Latin America,8348.0,7436.0,15654.0,116403144.0,51,475890330.0,5764995899.017727,777827903.911,11398992120.516134,9.295003422313483,0.01226465841850457,0.06344688153486959,0.09772767093309398,1.0
160,Lonardi,Irregular,Irregular,"Removed by Military, without Foreign Support",0,Exile,1,1896,1956,1,3.0,1955,1956,Latin America,8424.0,8348.0,18927.821,158009449.708,59,777827903.911,11398992120.516134,813934456.329,11951387652.483673,0.14784394250513347,0.009103977000479047,0.04641971859900185,0.048460032793015584,1.0
160,Aramburu,Irregular,Regular,Regular,0,OK,1,1903,1970,1,1.0,1955,1958,Latin America,9083.0,8348.0,18927.821,158009449.708,52,777827903.911,11398992120.516134,917164941.4790001,12754499113.886679,2.4640657084188913,0.0293483469094394,0.05971202492967868,0.03963821184187196,1.0
160,Frondizi,Regular,Irregular,"Removed by Military, without Foreign Support",0,Imprisonment,1,1908,1995,0,3.0,1958,1962,Latin America,9049.0,9083.0,19946.539,181174413.73700002,50,917164941.4790001,12754499113.886679,1127021110.899,15291081770.15114,3.909650924024641,-0.0009358141583177271,0.05720240709418917,0.04971937027112877,1.0
160,Guido,Regular,Regular,Regular,0,OK,1,1910,1975,0,1.0,1962,1963,Latin America,8695.0,9049.0,21283.783,192596952.36699998,52,1127021110.899,15291081770.15114,1163421978.836,15991243735.72246,1.538672142368241,-0.019560172394739728,0.016149150883235874,0.022894454954065613,1.0
160,Arturo Illia,Regular,Irregular,"Removed by Military, without Foreign Support",0,OK,1,1900,1983,0,3.0,1963,1966,Latin America,10076.0,8695.0,21616.403,187954624.08499998,63,1163421978.836,15991243735.72246,1383196801.941,19030818060.72169,2.7104722792607805,0.05294230400613379,0.06296793055399215,0.06335913943973392,1.0
160,Ongania,Irregular,Irregular,"Removed by Military, without Foreign Support",0,OK,1,1914,1995,1,3.0,1966,1970,Latin America,11639.0,10076.0,22611.604,227834521.90399998,52,1383196801.941,19030818060.72169,1754182512.501,23271103735.64346,3.9452429842573578,0.03878026994839223,0.06705222822222523,0.05570288231163101,1.0
160,Lanusse,Irregular,Regular,Regular,0,OK,1,1918,1996,1,1.0,1970,1971,Latin America,12003.0,11639.0,23962.313,278897361.00699997,52,1754182512.501,23271103735.64346,1865020165.067,24246398728.449657,0.02737850787132101,0.0312741644471175,0.06318478936833927,0.04191013042979885,1.0
160,Levingston,Regular,Irregular,Removed in Military Power Struggle Short of Coup,0,Imprisonment,1,1920,-777,0,3.0,1970,1971,Latin America,12003.0,11639.0,23962.313,278897361.00699997,50,1754182512.501,23271103735.64346,1865020165.067,24246398728.449657,0.758384668035592,0.0312741644471175,0.06318478936833927,0.04191013042979885,1.0
160,Lanusse,Irregular,Regular,Regular,1,OK,1,1918,1996,1,1.0,1971,1973,Latin America,12691.0,12003.0,24363.816,292438883.448,53,1865020165.067,24246398728.449657,2156414926.1,28100062467.301537,2.1683778234086244,0.019106334527479268,0.05208071678276497,0.052979190600790295,1.0
160,Campora,Regular,Regular,Regular,0,OK,1,1909,1980,0,1.0,1973,1974,Latin America,13284.0,12691.0,25209.829,319937939.83900005,64,2156414926.1,28100062467.301537,2289146958.1499996,27746656042.65312,0.13415468856947296,0.046726026317863045,0.06155217645894018,-0.012576713132209538,1.0
160,Lastiri,Regular,Regular,Regular,0,OK,1,1915,1978,0,1.0,1973,1974,Latin America,13284.0,12691.0,25209.829,319937939.83900005,58,2156414926.1,28100062467.301537,2289146958.1499996,27746656042.65312,0.24914442162902123,0.046726026317863045,0.06155217645894018,-0.012576713132209538,1.0
160,Peron,Regular,Natural Death,Regular,1,Missing: Natural Death within Six Months of Losing Office,1,1895,1974,0,2.0,1973,1974,Latin America,13284.0,12691.0,25209.829,319937939.83900005,78,2156414926.1,28100062467.301537,2289146958.1499996,27746656042.65312,0.7173169062286106,0.046726026317863045,0.06155217645894018,-0.012576713132209538,1.0
160,"Peron, Isabel",Regular,Irregular,"Removed by Military, without Foreign Support",0,Imprisonment,0,1931,-777,0,3.0,1974,1976,Latin America,12696.0,13284.0,25646.371,340686392.36399996,43,2289146958.1499996,27746656042.65312,2505485432.207,29537559377.26344,1.7440109514031485,-0.022131887985546495,0.047253076803735805,0.03227241747360987,1.0
160,Videla,Irregular,Regular,Regular,0,OK,1,1925,-777,1,1.0,1976,1981,Latin America,12125.0,12696.0,26531.28,336841130.88,51,2505485432.207,29537559377.26344,3104329192.9090004,35740398961.4584,4.999315537303217,-0.008994959042218031,0.0478026136575457,0.0419996757685376,1.0
160,Viola,Regular,Retired Due to Ill Health,Regular,0,OK,1,1924,1994,0,2.1,1981,1982,Latin America,11550.0,12125.0,28848.0,349782000.0,57,3104329192.9090004,35740398961.4584,3079731264.3409996,36196627164.43434,0.6461327857631759,-0.04742268041237119,-0.007923750040487954,0.012765056245396922,1.0
160,Liendo,Regular,Irregular,Removed in Military Power Struggle Short of Coup,0,OK,1,1924,2007,0,3.0,1981,1982,Latin America,11550.0,12125.0,28848.0,349782000.0,57,3104329192.9090004,35740398961.4584,3079731264.3409996,36196627164.43434,0.057494866529774126,-0.04742268041237119,-0.007923750040487954,0.012765056245396922,1.0
160,Galtieri,Irregular,Irregular,Removed in Military Power Struggle Short of Coup,0,Imprisonment,1,1926,2003,1,3.0,1981,1982,Latin America,11550.0,12125.0,28848.0,349782000.0,55,3104329192.9090004,35740398961.4584,3079731264.3409996,36196627164.43434,0.5119780971937029,-0.04742268041237119,-0.007923750040487954,0.012765056245396922,1.0
160,Saint-Jean,Irregular,Regular,Regular,0,OK,1,1926,1987,1,1.0,1982,1983,Latin America,11775.0,11550.0,29330.0,338761500.0,56,3079731264.3409996,36196627164.43434,3006650568.852,37212432698.472725,0.03559206023271732,0.01948051948051943,-0.023729568983882454,0.028063541098008127,1.0
160,Bignone,Regular,Regular,Regular,0,Imprisonment,1,1928,-777,0,1.0,1982,1983,Latin America,11775.0,11550.0,29330.0,338761500.0,54,3079731264.3409996,36196627164.43434,3006650568.852,37212432698.472725,1.4428473648186173,0.009740259740259716,-0.011864784491941227,0.014031770549004063,1.0
160,Alfonsin,Regular,Regular,Regular,0,OK,1,1926,2009,0,1.0,1983,1989,Latin America,10393.0,11775.0,29784.0,350706600.0,57,3006650568.852,37212432698.472725,3526756992.264,46016341267.83971,5.577002053388091,-0.01956121726822363,0.028830887366834184,0.039430856530772274,1.0
160,Menem,Regular,Regular,Regular,0,OK,1,1930,-777,0,1.0,1989,1999,Latin America,14577.832273029322,10393.0,32572.0,338520796.0,59,3526756992.264,46016341267.83971,4960253908.381425,59628765673.01684,10.42299794661191,0.036605339896865215,0.03695119957260309,0.026892471101526816,1.0
160,de la Rua,Regular,Regular,Regular,0,OK,1,1937,-777,0,1.0,1999,2001,Latin America,13651.98098793502,14577.832273029322,36923.91,538270566.8444302,62,4960253908.381425,59628765673.01684,5279021630.963469,64760587194.60295,2.0314852840520192,-0.021170300854840507,0.02142146541083423,0.028687616699000735,1.0
160,Ramon Puerta,Regular,Regular,Regular,0,OK,1,1951,-777,0,1.0,2001,2002,Latin America,12094.7728377935,13651.98098793502,37713.74,514867261.4639244,50,5279021630.963469,64760587194.60295,5340359249.454948,67072928019.09664,0.0054757015742642025,-0.11406462926645644,0.011619126190298479,0.03570598916197598,1.0
160,Adolfo Rodriguez Saa,Regular,Regular,Regular,0,OK,1,1947,-777,0,1.0,2001,2002,Latin America,12094.7728377935,13651.98098793502,37713.74,514867261.4639244,54,5279021630.963469,64760587194.60295,5340359249.454948,67072928019.09664,0.024640657084188913,-0.11406462926645644,0.011619126190298479,0.03570598916197598,1.0
160,Eduardo Duhalde,Regular,Regular,Regular,0,OK,1,1941,-777,0,1.0,2002,2003,Latin America,13088.565010832575,12094.7728377935,38079.14,460558548.15853596,61,5340359249.454948,67072928019.09664,5485557213.435763,69971417637.12488,1.3908281998631074,0.04108354023540206,0.013594400413758145,0.021607000794739428,1.0
160,Nestor Kirchner,Regular,Regular,Regular,0,OK,1,1950,2010,0,1.0,2003,2007,Latin America,17891.943410848908,13088.565010832575,38438.45,503104151.74063736,53,5485557213.435763,69971417637.12488,6992107294.041285,87408786989.82104,4.544832306639288,0.07339809056288264,0.05492787777021198,0.04984140651009015,1.0
160,Fernandez de Kirchner,Regular,Regular,Regular,0,Missing: Left Office after 2014-12-31,0,1953,-777,0,1.0,2007,2015,Latin America,19423.666977703655,17891.943410848908,39946.76,714725169.3667628,54,6992107294.041285,87408786989.82104,8738737945.986675,113181872475.00757,8.0,0.009512186771455378,0.02775559130846925,0.032761879710722974,1.0
160,Mauricio Macri,Regular,Still in Office,Still in Office,0,Leader Still in Office,0,1959,-777,0,-888.0,2015,2016,Latin America,18819.642886952533,19423.666977703655,43779.41,850356680.3203492,56,8738737945.986675,113181872475.00757,8639974547.529724,116773716558.88167,0.057494866529774126,-0.031097325311666313,-0.01130179198270942,0.03173515338922517,1.0
211,Jules Malou,Regular,Regular,Regular,0,OK,1,1810,1886,0,1.0,1871,1878,Western Europe,4689.0,4275.0,5137.0,21960675.0,61,618952864.3422998,891261334.0910999,702594714.8729267,1038709456.9097267,6.532511978097194,0.013834586466165406,0.019304920420372258,0.023633940730749887,1.0
211,Walthere Frere-Orban,Regular,Regular,Regular,1,OK,1,1812,1896,0,1.0,1878,1884,Western Europe,4999.0,4689.0,5442.0,25517538.0,66,702594714.8729267,1038709456.9097267,780686272.1917186,1488902516.1597185,5.993155373032169,0.011018696239425604,0.0185245622798144,0.07223596169509632,1.0
211,Jules Malou,Regular,Regular,Regular,1,OK,1,1810,1886,0,1.0,1884,1885,Western Europe,5002.0,4999.0,5807.0,29029193.0,74,780686272.1917186,1488902516.1597185,784275294.8881987,1569887596.480446,0.3613963039014374,0.000600120024004891,0.004597266308275394,0.054392466559603836,1.0
211,Auguste Marie Franaois Beernaert,Regular,Regular,Regular,0,OK,1,1829,1912,0,1.0,1884,1894,Western Europe,5528.0,4999.0,5807.0,29029193.0,55,780686272.1917186,1488902516.1597185,942166308.6700835,1864405397.3313825,9.412731006160165,0.01058211642328466,0.020684369923019363,0.025220111934540036,1.0
211,Jules Philippe Marie de Burlet,Regular,Regular,Regular,0,Missing: Natural Death within Six Months of Losing Office,1,1844,1897,0,1.0,1894,1896,Western Europe,5660.0,5528.0,6370.0,35213360.0,50,942166308.6700835,1864405397.3313825,992559529.5499187,1960151150.4666553,1.919233401779603,0.01193921852387847,0.026743272613392266,0.025677289196952113,1.0
211,Paul de Smet de Nayer,Regular,Regular,Regular,0,OK,1,1843,1913,0,1.0,1896,1899,Western Europe,5828.0,5660.0,6494.0,36756040.0,53,992559529.5499187,1960151150.4666553,1084987186.5836372,2208935645.8065176,2.9130732375085557,0.009893992932862158,0.031040172497472412,0.042307025707453594,1.0
211,Julius Vandenpeereboom,Regular,Regular,Regular,0,OK,1,1843,1917,0,1.0,1899,1900,Western Europe,5947.0,5828.0,6662.0,38826136.0,56,1084987186.5836372,2208935645.8065176,1098015228.650166,3063830824.5552855,0.5284052019164955,0.02041866849691143,0.012007553847295682,0.3870167880950792,1.0
211,Paul de Smet de Nayer,Regular,Regular,Regular,1,OK,1,1843,1913,0,1.0,1899,1907,Western Europe,6268.0,5828.0,6662.0,38826136.0,56,1084987186.5836372,2208935645.8065176,1260769464.3497787,2822827774.268756,7.737166324435318,0.00943719972546328,0.020251653653122564,0.03473913610994406,1.0
211,Jules de Trooz,Regular,Natural Death,Regular,0,Missing: Natural Death within Six Months of Losing Office,1,1857,1907,0,2.0,1907,1908,Western Europe,6269.0,6268.0,7338.0,45994584.0,50,1260769464.3497787,2822827774.268756,1258557827.5476794,2760330548.1963253,0.6652977412731006,0.00015954052329281154,-0.0017541960403044676,-0.0221399359330805,1.0
211,Frans Schollaert,Regular,Regular,Regular,0,OK,1,1851,1917,0,1.0,1908,1911,Western Europe,6612.0,6269.0,7411.0,46459559.0,57,1258557827.5476794,2760330548.1963253,1361917529.135463,3482522324.7243567,3.436002737850787,0.013678417610464177,0.020531377129722694,0.06540808826319106,1.0
211,"Charles, baron de Broqueville",Regular,Foreign,Unknown,0,Exile,1,1860,1940,0,4.0,1911,1914,Western Europe,6253.0,6612.0,7517.0,49702404.0,51,1361917529.135463,3482522324.7243567,1354458323.1900258,3092014836.2343206,3.1238877481177276,-0.013573805202661826,-0.0013692469965806697,-0.028033380124917434,1.0
211,Von der Golt,Foreign Imposition,Regular,Regular,0,OK,1,1843,1916,2,1.0,1914,1915,Western Europe,6150.0,6253.0,7723.0,48291919.0,71,1354458323.1900258,3092014836.2343206,1348854071.6452322,3112087731.959568,0.2546201232032854,-0.016472093395170306,-0.004137633066179869,0.006491849744709954,1.0
211,Von Bissing,Regular,Natural Death,Regular,0,Missing: Natural Death within Six Months of Losing Office,1,1844,1917,0,2.0,1914,1917,Western Europe,5609.0,6253.0,7723.0,48291919.0,70,1354458323.1900258,3092014836.2343206,1336726010.6665368,3244941421.8856626,2.3901437371663246,-0.034330188176342036,-0.004363937036646466,0.016486184979800738,1.0
211,Von Falkenhausen,Regular,Foreign,Unknown,0,OK,1,1844,1936,0,4.0,1917,1918,Western Europe,4560.0,5609.0,7729.0,43351961.0,73,1336726010.6665368,3244941421.8856626,1276591570.3354573,3237619941.9560475,1.566050650239562,-0.09351042966660722,-0.022493181045042443,-0.0011281374573104963,1.0
211,Geraard Cooreman,Regular,Regular,Regular,0,OK,1,1852,1926,0,1.0,1918,1919,Western Europe,5402.0,4560.0,7660.0,34929600.0,66,1276591570.3354573,3237619941.9560475,1202528297.9692886,3233683011.2296357,0.0054757015742642025,0.1846491228070175,-0.0580164197282822,-0.0012159953289740955,1.0
211,Delacroix,Regular,Regular,Regular,0,OK,1,1876,1929,0,1.0,1918,1920,Western Europe,6315.0,4560.0,7660.0,34929600.0,42,1276591570.3354573,3237619941.9560475,1253465965.7360284,3564985722.0261664,1.949349760438056,0.19243421052631582,-0.00905755808545411,0.05055654862817793,1.0
211,de Wiart,Regular,Regular,Regular,0,OK,1,1869,1951,0,1.0,1920,1921,Western Europe,6465.0,6315.0,7552.0,47690880.0,51,1253465965.7360284,3564985722.0261664,1261420789.5717978,3494210458.682645,1.002053388090349,0.01187648456057011,0.003173131163197729,-0.009926444151829084,1.0
211,Theunis,Regular,Regular,Regular,0,OK,1,1873,1944,0,1.0,1921,1925,Western Europe,7438.0,6465.0,7504.0,48513360.0,48,1261420789.5717978,3494210458.682645,1571703454.783999,4389125672.035584,3.3045859000684463,0.03762567672080436,0.06149467881323123,0.06402842816244764,1.0
211,van der Vyvere,Regular,Regular,Regular,0,OK,1,1871,1961,0,1.0,1925,1926,Western Europe,7626.0,7438.0,7779.0,57860202.0,54,1571703454.783999,4389125672.035584,1588596213.1365623,4582082014.773711,0.024640657084188913,0.025275611723581504,0.010748057021281454,0.043962364524558595,1.0
211,Poullet,Regular,Retired Due to Ill Health,Regular,0,OK,1,1868,1937,0,2.1,1925,1926,Western Europe,7626.0,7438.0,7779.0,57860202.0,57,1571703454.783999,4389125672.035584,1588596213.1365623,4582082014.773711,0.8843258042436687,0.025275611723581504,0.010748057021281454,0.043962364524558595,1.0
211,Jasper,Regular,Regular,Regular,0,OK,1,1870,1939,0,1.0,1926,1931,Western Europe,7747.0,7626.0,7844.0,59818344.0,56,1588596213.1365623,4582082014.773711,1676095510.981353,5274746126.337196,5.002053388090349,0.002644461928490253,0.009179938984414196,0.025194664395289206,1.0
211,Renkin,Regular,Regular,Regular,0,OK,1,1862,1934,0,1.0,1931,1932,Western Europe,7343.0,7747.0,8126.0,62952122.0,69,1676095510.981353,5274746126.337196,1630336766.220339,5018502854.988797,1.3716632443531827,-0.026074609526268222,-0.013650398936461028,-0.024289630743454915,1.0
211,"Charles, baron de Broqueville",Regular,Regular,Regular,1,OK,1,1860,1940,0,1.0,1932,1934,Western Europe,7371.0,7343.0,8186.0,60109798.0,72,1630336766.220339,5018502854.988797,1750170813.498129,5285216561.450975,2.0588637919233403,0.0012710517953606892,0.024500878133623265,0.01771535682845086,1.0
211,Theunis,Regular,Regular,Regular,1,OK,1,1873,1944,0,1.0,1934,1935,Western Europe,7801.0,7371.0,8262.0,60899202.0,61,1750170813.498129,5285216561.450975,1810972054.2332587,5630779125.9489,0.32854209445585214,0.05833672500339171,0.034740175225299375,0.06538285810620703,1.0
211,van ZeeLand,Regular,Regular,Regular,0,OK,1,1893,1973,0,1.0,1935,1937,Western Europe,7908.0,7801.0,8288.0,64654688.0,42,1810972054.2332587,5630779125.9489,1954264520.2823267,6283610123.956657,2.5845311430527036,0.004572063410673843,0.026374871571340774,0.03864657586485968,1.0
211,Janson,Regular,Regular,Regular,0,OK,1,1872,1944,0,1.0,1937,1938,Western Europe,7702.0,7908.0,8346.0,66000168.0,65,1954264520.2823267,6283610123.956657,2007403755.1872306,6269649368.577917,0.4654346338124572,-0.026049570055639903,0.02719142385966622,-0.002221773009995376,1.0
211,Spaak,Regular,Regular,Regular,0,OK,1,1899,1972,0,1.0,1938,1939,Western Europe,8209.0,7702.0,8374.0,64496548.0,39,2007403755.1872306,6269649368.577917,2126876505.509273,5943149740.776493,0.7392197125256673,0.06582705790703702,0.05951605401420568,-0.052076218079717074,1.0
211,Pierlot,Regular,Foreign,Removed through Threat of Foreign Force,0,Exile,1,1883,1963,0,4.0,1939,1940,Western Europe,7272.0,8209.0,8392.0,68889928.0,56,2126876505.509273,5943149740.776493,2091568654.234436,6033654014.749514,1.297741273100616,-0.05707150688268975,-0.008300399948793169,0.007614167396125193,1.0
211,Pierlot,Regular,Regular,Regular,1,OK,1,1883,1963,0,1.0,1944,1945,Western Europe,6907.0,6554.0,8291.0,54339214.0,61,2002685406.139349,5921553827.78953,1747100826.3508208,5516514526.341848,0.42984257357973993,0.053860238022581663,-0.1276209328759369,-0.06840084768745225,1.0
211,van Acker,Regular,Regular,Regular,0,OK,1,1898,1975,0,1.0,1945,1946,Western Europe,7291.0,6907.0,8339.0,57597473.0,47,1747100826.3508208,5516514526.341848,1669149353.4137225,5764995899.017727,1.0184804928131417,0.02779788620240331,-0.0223088077577972,0.022521591440515354,1.0
211,Spaak,Regular,Regular,Regular,1,OK,1,1899,1972,0,1.0,1946,1947,Western Europe,7651.0,7291.0,8367.0,61003797.0,47,1669149353.4137225,5764995899.017727,1781099018.6128783,5916422135.694958,0.024640657084188913,0.0493759429433549,0.06706989100178351,0.02626649512500645,1.0
211,van Acker,Regular,Regular,Regular,1,OK,1,1898,1975,0,1.0,1946,1947,Western Europe,7651.0,7291.0,8367.0,61003797.0,48,1669149353.4137225,5764995899.017727,1781099018.6128783,5916422135.694958,0.2737850787132101,0.0493759429433549,0.06706989100178351,0.02626649512500645,1.0
211,Huysman,Regular,Regular,Regular,0,OK,1,1871,1968,0,1.0,1946,1947,Western Europe,7651.0,7291.0,8367.0,61003797.0,75,1669149353.4137225,5764995899.017727,1781099018.6128783,5916422135.694958,0.6078028747433265,0.0493759429433549,0.06706989100178351,0.02626649512500645,1.0
211,Spaak,Regular,Regular,Regular,2,OK,1,1899,1972,0,1.0,1947,1949,Western Europe,8278.0,7651.0,8450.0,64650950.0,48,1781099018.6128783,5916422135.694958,2063932110.5669043,6839178858.225641,2.2778918548939084,0.027316690628675994,0.05293231669479681,0.05198844286670642,1.0
211,"Eyskens, G.",Regular,Regular,Regular,0,OK,1,1905,1988,0,1.0,1949,1950,Western Europe,8706.0,8278.0,8614.0,71306692.0,44,2063932110.5669043,6839178858.225641,2207094034.171331,8767224010.95815,0.6023271731690623,0.05170330997825556,0.06936367861688253,0.28191178980698894,1.0
211,Duvieusart,Regular,Regular,Regular,0,OK,1,1900,1977,0,1.0,1950,1951,Western Europe,9161.0,8706.0,8639.369,75214346.514,50,2207094034.171331,8767224010.95815,2335597921.60858,9334940849.93543,0.17522245037645448,0.05226280725936139,0.05822311394425794,0.06475445799807211,1.0
211,Pholien,Regular,Regular,Regular,0,OK,1,1884,1968,0,1.0,1950,1952,Western Europe,9035.0,8706.0,8639.369,75214346.514,66,2207094034.171331,8767224010.95815,2423157959.4102974,9831337731.891596,1.4017796030116358,0.01889501493223067,0.04894760302319634,0.060687038428777984,1.0
211,van Houtte,Regular,Regular,Regular,0,OK,1,1907,1991,0,1.0,1952,1954,Western Europe,9610.0,9035.0,8730.405,78879209.17500001,45,2423157959.4102974,9831337731.891596,2689503197.9355354,10684681554.893536,2.239561943874059,0.021213798192215434,0.03663886038889741,0.02893278094576431,1.0
211,van Acker,Regular,Regular,Regular,2,OK,1,1898,1975,0,1.0,1954,1958,Western Europe,10268.0,9610.0,8819.38,84754241.8,56,2689503197.9355354,10684681554.893536,3199437985.087188,12754499113.886679,4.112251882272417,0.013694068678459948,0.037920370389823564,0.038743645252490966,1.0
211,"Eyskens, G.",Regular,Regular,Regular,1,OK,1,1905,1988,0,1.0,1958,1961,Western Europe,11561.0,10268.0,9052.707,92953195.476,53,3199437985.087188,12754499113.886679,3755916911.1986747,14545646569.21639,2.754277891854894,0.04197506817296456,0.05797673723794361,0.04681086622417988,1.0
211,Lefevre,Regular,Regular,Regular,0,OK,1,1914,1973,0,1.0,1961,1965,Western Europe,13643.0,11561.0,9165.8,105965813.8,47,3755916911.1986747,14545646569.21639,4551506105.075526,18075505373.698357,4.254620123203286,0.03601764553239337,0.042364579019557966,0.04853491782142383,1.0
211,Harmel,Regular,Regular,Regular,0,OK,1,1911,2009,0,1.0,1965,1966,Western Europe,13989.0,13643.0,9448.1,128900428.30000001,54,4551506105.075526,18075505373.698357,4721025354.358864,19030818060.72169,0.5448323066392882,0.025360990984387488,0.037244649434678534,0.052851229731778915,1.0
211,Vanden Boeynants,Regular,Regular,Regular,0,OK,1,1919,2001,0,1.0,1966,1968,Western Europe,15009.0,13989.0,9507.8,133004614.19999999,47,4721025354.358864,19030818060.72169,5144807139.722397,20870428352.946007,2.245037645448323,0.024304810922867997,0.029921592136918623,0.03222160123568455,1.0
211,"Eyskens, G.",Regular,Regular,Regular,2,OK,1,1905,1988,0,1.0,1968,1973,Western Europe,19399.0,15009.0,9589.8,143933308.2,63,5144807139.722397,20870428352.946007,6477801404.395305,28100062467.301537,4.610540725530458,0.058498234392697725,0.05181901783571359,0.06928112822691554,1.0
211,Leburton,Regular,Regular,Regular,0,OK,1,1915,1997,0,1.0,1973,1974,Western Europe,20153.0,19399.0,9738.4,188915221.6,58,6477801404.395305,28100062467.301537,6614147085.960016,27746656042.65312,1.2402464065708418,0.019433991442857845,0.010524070826885668,-0.006288356566104769,1.0
211,Tindemans,Regular,Regular,Regular,0,OK,1,1922,-777,0,1.0,1974,1978,Western Europe,21605.0,20153.0,9767.8,196850473.39999998,52,6614147085.960016,27746656042.65312,7285217921.226475,32088474953.570343,4.487337440109514,0.014409765295489495,0.020291984031953404,0.03129615982728029,1.0
211,Vanden Boeynants,Regular,Regular,Regular,1,OK,1,1919,2001,0,1.0,1978,1979,Western Europe,22094.0,21605.0,9829.7,212370668.50000003,59,7285217921.226475,32088474953.570343,7552789376.557966,33220383789.58506,0.4517453798767967,0.022633649618143847,0.036727996090808235,0.03527462235748202,1.0
211,Martens,Regular,Regular,Regular,0,OK,1,1936,-777,0,1.0,1979,1981,Western Europe,22760.0,22094.0,9837.2,217343096.8,43,7552789376.557966,33220383789.58506,7687644422.970206,35740398961.4584,2.0095824777549622,0.0100479768262877,0.0059516663177358415,0.025285832415773053,1.0
211,"Eyskens, M.",Regular,Regular,Regular,0,OK,1,1933,-777,0,1.0,1981,1982,Western Europe,23071.0,22760.0,9852.4,224240624.0,48,7687644422.970206,35740398961.4584,7754525135.294905,36196627164.43434,0.6981519507186859,0.013664323374340981,0.008699766618349702,0.012765056245396922,1.0
211,Martens,Regular,Regular,Regular,1,OK,1,1936,-777,0,1.0,1981,1992,Western Europe,28199.57377624236,22760.0,9852.4,224240624.0,45,7687644422.970206,35740398961.4584,10002507196.711634,47778114919.29238,10.220396988364135,0.02172700821314252,0.027374063986536867,0.030619071027401003,1.0
211,Dehaene,Regular,Regular,Regular,0,OK,1,1940,-777,0,1.0,1992,1999,Western Europe,32571.67449971978,28199.57377624236,10048.32,283358341.16729164,52,10002507196.711634,47778114919.29238,12169619615.69527,59628765673.01684,7.345653661875428,0.019380172011504104,0.027082115218273528,0.031004390749150484,1.0
211,Verhofstadt,Regular,Regular,Regular,0,OK,1,1953,-777,0,1.0,1999,2008,Western Europe,38117.34841552228,32571.67449971978,10227.34,333121589.4779641,46,12169619615.69527,59628765673.01684,15533762209.928125,90277694082.64677,8.68993839835729,0.01891784810295902,0.03071530856226132,0.05711063194957106,1.0
211,Leterme,Regular,Regular,Regular,0,OK,1,1960,-777,0,1.0,2008,2009,Western Europe,36998.64926229877,38117.34841552228,10711.41,408290546.99150956,48,15533762209.928125,90277694082.64677,14958221818.962029,90134685455.90204,0.7802874743326489,-0.02934881883777496,-0.037050933520679896,-0.0015840970263797383,1.0
211,van Rompuy,Regular,Regular,Regular,0,OK,1,1947,-777,0,1.0,2008,2009,Western Europe,36998.64926229877,38117.34841552228,10711.41,408290546.99150956,61,15533762209.928125,90277694082.64677,14958221818.962029,90134685455.90204,0.9034907597535934,-0.02934881883777496,-0.037050933520679896,-0.0015840970263797383,1.0
211,Leterme,Regular,Regular,Regular,1,OK,1,1960,-777,0,1.0,2009,2011,Western Europe,38130.0,36998.64926229877,10797.42,399489955.51773,49,14958221818.962029,90134685455.90204,15705849653.539999,99528621997.01219,2.028747433264887,0.010192721088100765,0.016660354499940782,0.03474036842234315,1.0
211,Di Rupo,Regular,Regular,Regular,0,OK,1,1951,-777,0,1.0,2011,2014,Western Europe,38599.42407791561,38130.0,11039.45,420934228.5,60,15705849653.539999,99528621997.01219,15922305627.96356,109801891452.69542,2.847364818617385,0.004103716040874265,0.004593956587267985,0.03440641579461645,1.0
211,Charles Michel,Regular,Still in Office,Still in Office,0,Leader Still in Office,1,1975,-777,0,-888.0,2014,2015,Western Europe,39160.32302813663,38599.42407791561,11210.47,432717685.64275056,39,15922305627.96356,109801891452.69542,16218715225.380728,113181872475.00757,1.2210814510609171,0.007265638848507172,0.009307998613485968,0.015391269574660749,1.0
212,Bech,Regular,Regular,Regular,1,OK,1,1887,1975,0,1.0,1953,1958,Western Europe,15093.0,13256.0,301.101,3991394.856,66,2549125467.1776023,10381252161.518972,3199437985.087188,12754499113.886679,4.240930869267625,0.027715751357875674,0.05102240170466095,0.04572178607056312,1.0
212,Frieden,Regular,Natural Death,Regular,0,Missing: Natural Death within Six Months of Losing Office,1,1892,1959,0,2.0,1958,1959,Western Europe,15382.0,15093.0,310.291,4683222.063,66,3199437985.087188,12754499113.886679,3353343631.0628824,13330790435.611374,0.9007529089664613,0.019147949380507567,0.0481039628500568,0.04518337541748285,1.0
212,Werner,Regular,Regular,Regular,0,OK,1,1913,2002,0,1.0,1959,1974,Western Europe,24503.0,15382.0,312.129,4801168.278,46,3353343631.0628824,13330790435.611374,6614147085.960016,27746656042.65312,15.222450376454484,0.03706036276166948,0.06077522567124263,0.06758726009473781,1.0
212,Thorn G.,Regular,Regular,Regular,0,OK,1,1928,2007,0,1.0,1974,1979,Western Europe,24836.0,24503.0,355.05,8699790.15,46,6614147085.960016,27746656042.65312,7552789376.557966,33220383789.58506,5.092402464065708,0.0022650287719870876,0.023652389300262772,0.032879203764936214,1.0
212,Werner,Regular,Regular,Regular,1,OK,1,1913,2002,0,1.0,1979,1984,Western Europe,27303.0,24836.0,363.0,9015468.0,66,7552789376.557966,33220383789.58506,8078486192.1707735,38795331361.618996,5.004791238877481,0.01655526923283405,0.011600500367110356,0.02796951216932127,1.0
212,Santer,Regular,Regular,Regular,0,OK,1,1937,-777,0,1.0,1984,1995,Western Europe,40838.56460274642,27303.0,366.272,10000324.416,47,8078486192.1707735,38795331361.618996,10692216620.49292,51854384806.948204,10.50239561943874,0.04506852261571794,0.029412918641920263,0.030601276885151633,1.0
212,Juncker,Regular,Regular,Regular,0,OK,1,1954,-777,0,1.0,1995,2013,Western Europe,53973.39435153653,40838.56460274642,410.64,16769948.168471789,41,10692216620.49292,51854384806.948204,15657249414.207613,106221801332.0274,18.872005475701574,0.01692779449053406,0.024439975800510962,0.055182276014983225,1.0
212,Xavier Bettel,Regular,Still in Office,Still in Office,0,Leader Still in Office,1,1973,-777,0,-888.0,2013,2015,Western Europe,54251.44801924006,53973.39435153653,546.84,29514810.96719424,40,15657249414.207613,106221801332.0274,16218715225.380728,113181872475.00757,2.0725530458590007,0.0017172267376313055,0.01195326621170197,0.021841313979178434,1.0
225,Petipierre,Regular,Regular,Regular,0,OK,1,1899,1994,0,1.0,1950,1951,Sub Saharan Africa,623.0,604.0,277.384,167539.93600000002,51,237299984.04612374,8767224010.95815,250479450.25150287,9334940849.93543,0.9965776865160849,0.0314569536423841,0.05553926292223199,0.06475445799807211,1.0
225,von Steiger,Regular,Regular,Regular,1,OK,1,1881,1962,0,1.0,1951,1952,Sub Saharan Africa,628.0,623.0,283.699,176744.477,70,250479450.25150287,9334940849.93543,260041709.82658002,9831337731.891596,0.9965776865160849,0.008025682182985605,0.03817582466536007,0.05317622146042833,1.0
225,Kobelt,Regular,Regular,Regular,1,OK,1,1891,1968,0,1.0,1952,1953,Sub Saharan Africa,638.0,628.0,290.243,182272.604,61,260041709.82658002,9831337731.891596,270613997.6115531,10381252161.518972,0.999315537303217,0.015923566878981,0.04065612317356182,0.055934852878009256,1.0
225,Etter,Regular,Regular,Regular,3,OK,1,1891,1977,0,1.0,1953,1954,Sub Saharan Africa,658.0,638.0,297.025,189501.94999999998,62,270613997.6115531,10381252161.518972,284854295.3417392,10684681554.893536,0.9965776865160849,0.03134796238244508,0.0526221771817843,0.029228592914765095,1.0
225,Rubattel,Regular,Regular,Regular,0,OK,1,1896,1961,0,1.0,1954,1955,Sub Saharan Africa,663.0,658.0,304.057,200069.50600000002,58,284854295.3417392,10684681554.893536,295628092.9050395,11398992120.516134,0.9965776865160849,0.0075987841945288626,0.03782213482291019,0.06685370658477385,1.0
225,Petipierre,Regular,Regular,Regular,1,OK,1,1899,1994,0,1.0,1955,1956,Sub Saharan Africa,673.0,663.0,311.346,206422.39800000002,56,295628092.9050395,11398992120.516134,306332626.59168077,11951387652.483673,0.9965776865160849,0.015082956259426794,0.03620946027642824,0.048460032793015584,1.0
225,Feldmann,Regular,Regular,Regular,0,OK,1,1897,1958,0,1.0,1956,1957,Sub Saharan Africa,682.0,673.0,318.904,214622.392,59,306332626.59168077,11951387652.483673,316729492.8749976,12402988214.360376,0.999315537303217,0.013372956909361022,0.033939794134874024,0.03778645417654536,1.0
225,Streuli,Regular,Regular,Regular,0,OK,1,1892,1970,0,1.0,1957,1958,Sub Saharan Africa,684.0,682.0,326.741,222837.362,65,316729492.8749976,12402988214.360376,321959446.35335255,12754499113.886679,0.9965776865160849,0.0029325513196480912,0.016512366533605327,0.028340823473436583,1.0
225,Holenstein,Regular,Regular,Regular,0,OK,1,1896,1962,0,1.0,1958,1959,Sub Saharan Africa,706.0,684.0,334.837,229028.508,62,321959446.35335255,12754499113.886679,338155458.0343405,13330790435.611374,0.9965776865160849,0.032163742690058506,0.05030450842312839,0.04518337541748285,1.0
225,Chaudet,Regular,Regular,Regular,0,OK,1,1901,1977,0,1.0,1959,1960,Sub Saharan Africa,783.0,706.0,343.201,242299.90600000002,58,338155458.0343405,13330790435.611374,351991631.13564414,14025367456.334517,0.9965776865160849,0.10906515580736542,0.040916604397668976,0.052103213539961946,1.0
225,Petipierre,Regular,Regular,Regular,2,OK,1,1899,1994,0,1.0,1960,1961,Sub Saharan Africa,861.0,783.0,351.842,275492.28599999996,61,351991631.13564414,14025367456.334517,361504848.81833506,14545646569.21639,0.999315537303217,0.09961685823754785,0.027026829166358457,0.0370955780304274,1.0
225,Friedrich,Regular,Regular,Regular,0,OK,1,1899,1985,0,1.0,1961,1962,Sub Saharan Africa,1017.0,861.0,360.775,310627.27499999997,62,361504848.81833506,14545646569.21639,381937754.3571376,15291081770.15114,0.9965776865160849,0.1811846689895471,0.05652180214343572,0.05124799350702958,1.0
225,Chaudet,Regular,Regular,Regular,1,OK,1,1901,1977,0,1.0,1962,1963,Sub Saharan Africa,1047.0,1017.0,370.006,376296.10199999996,61,381937754.3571376,15291081770.15114,403664305.93668383,15991243735.72246,0.9965776865160849,0.029498525073746285,0.056885058708363356,0.045788909908131226,1.0
225,Spuhler,Regular,Regular,Regular,0,OK,1,1902,1990,0,1.0,1963,1964,Sub Saharan Africa,1172.0,1047.0,379.526,397363.722,61,403664305.93668383,15991243735.72246,423671335.0837482,17168846684.352207,0.9965776865160849,0.11938872970391601,0.04956353299714977,0.07364048526126377,1.0
225,von Moos,Regular,Regular,Regular,0,OK,1,1910,1990,0,1.0,1964,1965,Sub Saharan Africa,1320.0,1172.0,389.347,456314.68399999995,54,423671335.0837482,17168846684.352207,444424491.52914023,18075505373.698357,0.999315537303217,0.12627986348122877,0.04898409386438596,0.05280836307848702,1.0
225,Tschudi,Regular,Regular,Regular,0,OK,1,1923,2002,0,1.0,1965,1966,Sub Saharan Africa,1341.0,1320.0,399.481,527314.92,42,444424491.52914023,18075505373.698357,457928856.9221287,19030818060.72169,0.9965776865160849,0.015909090909090873,0.030386186293477335,0.052851229731778915,1.0
225,Schaffner,Regular,Regular,Regular,0,OK,1,1908,2004,0,1.0,1966,1967,Sub Saharan Africa,1431.0,1341.0,409.941,549730.8809999999,58,457928856.9221287,19030818060.72169,463822259.78161573,19784467002.851566,0.9965776865160849,0.06711409395973145,0.012869690936488043,0.03960150003668805,1.0
225,Bonvin,Regular,Regular,Regular,0,OK,1,1907,1982,0,1.0,1967,1968,Sub Saharan Africa,1329.0,1431.0,420.69,602007.39,60,463822259.78161573,19784467002.851566,480887689.63563466,20870428352.946007,0.9965776865160849,-0.07127882599580715,0.03679303762189834,0.05488959343397615,1.0
225,Spuhler,Regular,Regular,Regular,1,OK,1,1902,1990,0,1.0,1968,1969,Sub Saharan Africa,1350.0,1329.0,431.797,573858.213,66,480887689.63563466,20870428352.946007,519882562.9212525,22012539042.756966,0.999315537303217,0.015801354401805856,0.0810893564673365,0.05472387391846434,1.0
225,von Moos,Regular,Regular,Regular,1,OK,1,1910,1990,0,1.0,1969,1970,Sub Saharan Africa,1704.0,1350.0,443.277,598423.95,59,519882562.9212525,22012539042.756966,565334207.4652337,23271103735.64346,0.9965776865160849,0.26222222222222213,0.08742675324324312,0.057174898835698595,1.0
225,Tschudi,Regular,Regular,Regular,1,OK,1,1923,2002,0,1.0,1970,1971,Sub Saharan Africa,1722.0,1704.0,455.145,775567.08,47,565334207.4652337,23271103735.64346,599365594.6681284,24246398728.449657,0.9965776865160849,0.010563380281690238,0.06019693617246302,0.04191013042979885,1.0
225,Gnagi,Regular,Regular,Regular,0,OK,1,1917,1985,0,1.0,1971,1972,Sub Saharan Africa,1889.0,1722.0,467.416,804890.352,54,599365594.6681284,24246398728.449657,616066469.4245605,25373866516.69958,0.9965776865160849,0.09698025551684086,0.027864253312170018,0.04650042263501186,1.0
225,Nello Celio,Regular,Regular,Regular,0,OK,1,1914,1980,0,1.0,1972,1973,Sub Saharan Africa,1902.0,1889.0,480.105,906918.3450000001,58,616066469.4245605,25373866516.69958,642111995.4363545,28100062467.301537,0.999315537303217,0.006881948120698755,0.042277136160521644,0.10744109293740212,1.0
225,Bonvin,Regular,Regular,Regular,1,OK,1,1907,1982,0,1.0,1973,1974,Sub Saharan Africa,2204.0,1902.0,493.232,938127.2640000001,66,642111995.4363545,28100062467.301537,675462577.2497042,27746656042.65312,0.9965776865160849,0.15878023133543628,0.051938886129492046,-0.012576713132209538,1.0
225,Brugger,Regular,Regular,Regular,0,OK,1,1914,1998,0,1.0,1974,1975,Sub Saharan Africa,2856.0,2204.0,506.812,1117013.648,60,675462577.2497042,27746656042.65312,665776256.744163,28234680865.07181,0.9965776865160849,0.295825771324864,-0.01434027706609775,0.017588599565601104,1.0
225,Graber,Regular,Regular,Regular,0,OK,1,1908,2003,0,1.0,1975,1976,Sub Saharan Africa,3142.0,2856.0,520.864,1487587.584,67,665776256.744163,28234680865.07181,697451798.0894887,29537559377.26344,0.9965776865160849,0.10014005602240905,0.04757685637548592,0.046144616205078925,1.0
225,Gnagi,Regular,Regular,Regular,1,OK,1,1917,1985,0,1.0,1976,1977,Sub Saharan Africa,3083.0,3142.0,535.618,1682911.756,59,697451798.0894887,29537559377.26344,712389585.4312688,30733214214.56724,0.999315537303217,-0.01877784850413744,0.02141766267245826,0.0404791344481954,1.0
225,Furgler,Regular,Regular,Regular,0,OK,1,1924,2008,0,1.0,1977,1978,Sub Saharan Africa,3030.0,3083.0,551.42,1700027.8599999999,53,712389585.4312688,30733214214.56724,716385709.2549777,32088474953.570343,0.9965776865160849,-0.01719104768083035,0.005609464126696606,0.04409759192582996,1.0
225,Ritschard,Regular,Regular,Regular,0,OK,1,1918,1983,0,1.0,1978,1979,Sub Saharan Africa,2990.0,3030.0,568.347,1722091.41,60,716385709.2549777,32088474953.570343,740920005.9122581,33220383789.58506,0.9965776865160849,-0.01320132013201325,0.034247328415855094,0.03527462235748202,1.0
225,Hurlimann,Regular,Regular,Regular,0,OK,1,1918,1994,0,1.0,1979,1980,Sub Saharan Africa,2946.0,2990.0,588.291,1758990.09,61,740920005.9122581,33220383789.58506,765603906.5307871,35105310712.72682,0.9965776865160849,-0.014715719063545185,0.03331520328991111,0.05674007064700759,1.0
225,Chevallaz,Regular,Regular,Regular,0,OK,1,1915,2002,0,1.0,1980,1981,Sub Saharan Africa,3049.0,2946.0,611.456,1801349.3760000002,65,765603906.5307871,35105310712.72682,774792450.1940928,35740398961.4584,0.999315537303217,0.03496266123557357,0.012001693806582114,0.01809094509741338,1.0
225,Furgler,Regular,Regular,Regular,1,OK,1,1924,2008,0,1.0,1981,1982,Sub Saharan Africa,3005.0,3049.0,631.276,1924760.5239999997,57,774792450.1940928,35740398961.4584,782317088.1298428,36196627164.43434,0.9965776865160849,-0.014430960970810092,0.009711811122920855,0.012765056245396922,1.0
225,Honegger,Regular,Regular,Regular,0,OK,1,1917,1999,0,1.0,1982,1983,Sub Saharan Africa,2888.0,3005.0,649.864,1952841.32,65,782317088.1298428,36196627164.43434,772478186.509066,37212432698.472725,0.9965776865160849,-0.03893510815307821,-0.012576616016782949,0.028063541098008127,1.0
225,Aubert,Regular,Regular,Regular,0,OK,1,1927,-777,0,1.0,1983,1984,Sub Saharan Africa,2858.0,2888.0,672.532,1942272.4160000002,56,772478186.509066,37212432698.472725,779059557.5341594,38795331361.618996,0.9965776865160849,-0.010387811634348987,0.008519814721028585,0.042536823001395385,1.0
225,Schlumpf,Regular,Regular,Regular,0,OK,1,1925,2012,0,1.0,1984,1985,Sub Saharan Africa,2812.0,2858.0,696.517,1990645.5860000001,59,779059557.5341594,38795331361.618996,795004765.5246563,40098894653.77975,0.999315537303217,-0.016095171448565426,0.020467251619331606,0.033601035135129464,1.0
225,Furgler,Regular,Regular,Regular,2,OK,1,1924,-777,0,1.0,1985,1986,Sub Saharan Africa,3210.0,2812.0,721.809,2029726.9079999998,61,795004765.5246563,40098894653.77975,815068387.0967947,41482688664.595215,0.9965776865160849,0.14153627311522055,0.025237108558585408,0.03450953006967805,1.0
225,Egli,Regular,Regular,Regular,0,OK,1,1924,-777,0,1.0,1986,1987,Sub Saharan Africa,3403.0,3210.0,749.671,2406443.91,62,815068387.0967947,41482688664.595215,830345540.6775396,42930313200.45056,0.9965776865160849,0.06012461059190022,0.01874340094965632,0.03489707592388691,1.0
225,Aubert,Regular,Regular,Regular,1,OK,1,1927,-777,0,1.0,1987,1988,Sub Saharan Africa,3492.0,3403.0,777.809,2646884.027,60,830345540.6775396,42930313200.45056,870108511.5732503,44671815935.24714,0.9965776865160849,0.02615339406406103,0.04788725771112734,0.040565805487258855,1.0
225,Stich,Regular,Regular,Regular,0,OK,1,1927,2012,0,1.0,1988,1989,Sub Saharan Africa,3668.0,3492.0,815.127,2846423.4839999997,61,870108511.5732503,44671815935.24714,897789523.357768,46016341267.83971,0.999315537303217,0.05040091638029787,0.03181328698241037,0.030097843672652225,1.0
225,Delamuraz,Regular,Regular,Regular,0,OK,1,1936,1998,0,1.0,1989,1990,Sub Saharan Africa,3881.0,3668.0,849.082,3114432.776,53,897789523.357768,46016341267.83971,905424191.4405546,46715156894.540726,0.9965776865160849,0.05806979280261726,0.008503850717964001,0.015186249220326742,1.0
225,Koller,Regular,Regular,Regular,0,OK,1,1933,-777,0,1.0,1990,1991,Sub Saharan Africa,3851.2898253408503,3881.0,881.354,3420534.8740000003,57,905424191.4405546,46715156894.540726,918484388.4303116,47192014400.92255,0.9965776865160849,-0.007655288497590784,0.014424395894456765,0.010207768486325097,1.0
225,Cotti,Regular,Regular,Regular,0,OK,1,1939,-777,0,1.0,1991,1992,Sub Saharan Africa,3901.400080273145,3851.2898253408503,921.478,3548878.845675436,52,918484388.4303116,47192014400.92255,922782911.790749,47778114919.29238,0.9965776865160849,0.013011291594462016,0.004680017880090093,0.012419485071999414,1.0
225,Felber,Regular,Regular,Regular,0,OK,1,1933,-777,0,1.0,1992,1993,Sub Saharan Africa,3982.279378771353,3901.400080273145,956.68,3732391.428795712,59,922782911.790749,47778114919.29238,942107221.5998513,48709321632.52854,0.999315537303217,0.020730839399722756,0.02094133903238582,0.01949023553585505,1.0
225,Ogi,Regular,Regular,Regular,0,OK,1,1942,-777,0,1.0,1993,1994,Sub Saharan Africa,4134.208101060545,3982.279378771353,984.309,3919793.4330390515,51,942107221.5998513,48709321632.52854,971492078.7846111,50046959415.1475,0.9965776865160849,0.038151196297047996,0.0311905656925755,0.027461638507518593,1.0
225,Stich,Regular,Regular,Regular,1,OK,1,1927,2012,0,1.0,1994,1995,Sub Saharan Africa,4383.677498614182,4134.208101060545,987.944,4084366.0881941593,67,971492078.7846111,50046959415.1475,1022880148.6746541,51854384806.948204,0.9965776865160849,0.06034272863275558,0.05289602562105533,0.03611458943604995,1.0
225,Villiger,Regular,Regular,Regular,0,OK,1,1941,-777,0,1.0,1995,1996,Sub Saharan Africa,4514.549089619057,4383.677498614182,993.789,4356450.477670289,54,1022880148.6746541,51854384806.948204,1092586232.6235435,53971480867.83615,0.9965776865160849,0.029854292667799598,0.06814687335481828,0.040827715317997004,1.0
225,Delamuraz,Regular,Regular,Regular,1,OK,1,1936,1998,0,1.0,1996,1997,Sub Saharan Africa,4620.918494284041,4514.549089619057,1018.491,4598027.616835203,60,1092586232.6235435,53971480867.83615,1151928646.4213567,56142944592.630035,0.999315537303217,0.023561468167346833,0.05431371183885303,0.040233539822842834,1.0
225,Koller,Regular,Regular,Regular,1,OK,1,1933,-777,0,1.0,1997,1998,Sub Saharan Africa,4712.536264487054,4620.918494284041,1031.563,4766768.544719129,64,1151928646.4213567,56142944592.630035,1200031003.9771411,57448919778.54096,0.9965776865160849,0.01982674447003152,0.04175810516148015,0.023261608299796288,1.0
225,Cotti,Regular,Regular,Regular,1,OK,1,1939,-777,0,1.0,1998,1999,Sub Saharan Africa,4827.286285655636,4712.536264487054,1032.922,4867682.383386496,59,1200031003.9771411,57448919778.54096,1247035825.4717863,59628765673.01684,0.9965776865160849,0.024349949735839704,0.03916967256584347,0.03794407106136943,1.0
225,Dreifuss,Regular,Regular,Regular,0,OK,0,1940,-777,0,1.0,1999,2000,Sub Saharan Africa,4894.520737984168,4827.286285655636,1033.082,4986982.570557696,59,1247035825.4717863,59628765673.01684,1310948754.0093677,62796055415.77486,0.9965776865160849,0.013928001852369976,0.05125187844014145,0.05311680875848279,1.0
225,Ogi,Regular,Regular,Regular,1,OK,1,1942,-777,0,1.0,2000,2001,Sub Saharan Africa,4976.904948171795,4894.520737984168,1031.828,5050303.544032727,58,1310948754.0093677,62796055415.77486,1396210953.9824247,64760587194.60295,0.999315537303217,0.01683192586115334,0.06503854533771336,0.031284318191976634,1.0
225,Leuenberger,Regular,Regular,Regular,0,OK,1,1946,-777,0,1.0,2001,2002,Sub Saharan Africa,5136.724846010962,4976.904948171795,1029.857,5125500.39920936,55,1396210953.9824247,64760587194.60295,1503265358.2641668,67072928019.09664,0.9965776865160849,0.032112306645091904,0.07667494942393183,0.03570598916197598,1.0
225,Villiger,Regular,Regular,Regular,1,OK,1,1941,-777,0,1.0,2002,2003,Sub Saharan Africa,5377.557617340607,5136.724846010962,1027.991,5280506.911175655,61,1503265358.2641668,67072928019.09664,1599876650.8805447,69971417637.12488,0.9965776865160849,0.04688449908245884,0.0642676238664448,0.043214001589478857,1.0
225,Pascal Couchepin,Regular,Regular,Regular,0,OK,1,1942,-777,0,1.0,2003,2004,Sub Saharan Africa,5559.470083461372,5377.557617340607,1026.252,5518729.259911032,61,1599876650.8805447,69971417637.12488,1727736948.4801033,74015814861.56413,0.9965776865160849,0.03382808313093033,0.07991884719936793,0.05780070435922413,1.0
225,Joseph Deiss,Regular,Regular,Regular,0,OK,1,1946,-777,0,1.0,2004,2005,Sub Saharan Africa,5867.2334289240525,5559.470083461372,1024.634,5696422.06949736,58,1727736948.4801033,74015814861.56413,1865357237.5802345,77968730835.80147,0.999315537303217,0.055358395825931606,0.07965349657029464,0.053406369728289826,1.0
225,Schmid,Regular,Regular,Regular,0,OK,1,1947,-777,0,1.0,2005,2006,Sub Saharan Africa,6187.7661584555235,5867.2334289240525,1023.13,6002942.538135066,58,1865357237.5802345,77968730835.80147,2018949156.3975878,82618841699.03532,0.9965776865160849,0.054630982969131825,0.08233914433280076,0.059640715109583686,1.0
225,Leuenberger,Regular,Regular,Regular,1,OK,1,1946,-777,0,1.0,2006,2007,Sub Saharan Africa,6467.820388739696,6187.7661584555235,1021.329,6319745.022849221,60,2018949156.3975878,82618841699.03532,2201714512.3442316,87408786989.82104,0.9965776865160849,0.045259342889272025,0.09052499185900853,0.05797642755915877,1.0
225,Calmy-Rey,Regular,Regular,Regular,0,OK,0,1945,-777,0,1.0,2007,2008,Sub Saharan Africa,6791.392164676074,6467.820388739696,1018.811,6589486.558072278,62,2201714512.3442316,87408786989.82104,2372014239.789819,90277694082.64677,0.9965776865160849,0.05002794704993785,0.07734868734832645,0.03282172412665818,1.0
225,Pascal Couchepin,Regular,Regular,Regular,1,OK,1,1942,-777,0,1.0,2008,2009,Sub Saharan Africa,7011.0953016053345,6791.392164676074,1016.974,6906669.255279286,66,2372014239.789819,90277694082.64677,2508753646.0003195,90134685455.90204,0.999315537303217,0.032350235651535275,0.057646958402162385,-0.0015840970263797383,1.0
225,Hans-Rudolf Merz,Regular,Regular,Regular,0,OK,1,1942,-777,0,1.0,2009,2010,Sub Saharan Africa,7192.751951767251,7011.0953016053345,1017.183,7131566.952172819,67,2508753646.0003195,90134685455.90204,2732230766.461506,95439312780.60913,0.9965776865160849,0.025909881744200947,0.08907894197482236,0.05885223094612502,1.0
225,Doris Leuthard,Regular,Regular,Regular,0,OK,0,1963,-777,0,1.0,2010,2011,Sub Saharan Africa,7389.0,7192.751951767251,1019.398,7332276.954127632,47,2732230766.461506,95439312780.60913,2920877102.875,99528621997.01219,0.9965776865160849,0.02728413958228204,0.06904480350970088,0.042847219843287654,1.0
225,Calmy-Rey,Regular,Regular,Regular,1,OK,0,1945,-777,0,1.0,2011,2012,Sub Saharan Africa,7552.0,7389.0,1024.153,7567466.517,66,2920877102.875,99528621997.01219,3037907344.1720467,102883604981.64182,0.9965776865160849,0.0220598186493437,0.040066814581775745,0.03370872536274372,1.0
225,Eveline Widmer-Schlumpf,Regular,Regular,Regular,0,OK,0,1956,-777,0,1.0,2012,2013,Sub Saharan Africa,7805.0,7552.0,1031.925,7793097.6,56,3037907344.1720467,102883604981.64182,3181616146.239904,106221801332.0274,0.999315537303217,0.033501059322033955,0.04730519590847626,0.032446339248913825,1.0
225,Ueli Maurer,Regular,Regular,Regular,0,OK,1,1950,-777,0,1.0,2013,2014,Sub Saharan Africa,7927.0,7805.0,1041.209,8126636.245,63,3181616146.239904,106221801332.0274,3339346770.483352,109801891452.69542,0.9965776865160849,0.01563100576553489,0.04957562980369512,0.03370391083349644,1.0
225,Didier Burkhalter,Regular,Regular,Regular,0,Missing: Left Office after 2014-12-31,1,1960,-777,0,1.0,2014,2015,Sub Saharan Africa,7969.0,7927.0,1050.527,8327527.529,54,3339346770.483352,109801891452.69542,3445106737.2706604,113181872475.00757,0.9965776865160849,0.005298347420209515,0.03167085482769427,0.030782539149321497,1.0
225,Simonetta Sommaruga,Regular,Still in Office,Still in Office,0,Leader Still in Office,0,1960,-777,0,-888.0,2015,2016,Sub Saharan Africa,7993.149505711394,7969.0,1059.815,8445665.735000001,55,3445106737.2706604,113181872475.00757,3492460877.5528216,116773716558.88167,0.9965776865160849,0.003030431134570799,0.01374533327802685,0.03173515338922517,1.0
290,Ochab,Regular,Regular,Regular,0,OK,1,1906,1989,0,1.0,1956,1957,Eastern Europe,4721.0,4565.0,27743.876,126650793.94,50,2080182839.704803,11951387652.483673,2177517477.036767,12402988214.360376,0.5886379192334018,0.03417305585980279,0.046791385581171685,0.03778645417654536,1.0
290,Gomulka,Regular,Irregular,"Popular Protest, without Foreign Support",0,OK,1,1905,1982,0,3.0,1956,1970,Eastern Europe,7058.0,4565.0,27743.876,126650793.94,51,2080182839.704803,11951387652.483673,4329441038.271064,23271103735.64346,14.16290212183436,0.03640744797371303,0.07208527236594424,0.0631431061246258,1.0
290,Gierek,Regular,Natural Death,Regular,0,Missing: Natural Death within Six Months of Losing Office,1,1913,2001,0,2.0,1970,1980,Eastern Europe,9149.0,7058.0,32526.0,229568508.0,57,4329441038.271064,23271103735.64346,7009938245.912627,35105310712.72682,9.713894592744696,0.02962595636157552,0.061913239698767296,0.05085365572479213,1.0
290,Kania,Regular,Regular,Regular,0,OK,1,1927,-777,0,1.0,1980,1981,Eastern Europe,8584.0,9149.0,35578.016,325503268.384,53,7009938245.912627,35105310712.72682,7076156686.201849,35740398961.4584,1.1143052703627652,-0.030877691550989184,0.004723182855985386,0.00904547254870669,1.0
290,Jaruzelski,Regular,Regular,Regular,0,OK,1,1923,-777,0,1.0,1981,1990,Eastern Europe,8150.0,8584.0,35901.961,308182433.22400004,58,7076156686.201849,35740398961.4584,7833175413.821,46715156894.540726,9.177275838466803,-0.005055917986952474,0.010698162310273585,0.030706870242039684,1.0
290,Walesa,Regular,Regular,Regular,0,OK,1,1943,-777,0,1.0,1990,1995,Eastern Europe,9408.274536717501,8150.0,38119.408,310673175.20000005,47,7833175413.821,46715156894.540726,5419076683.2884445,51854384806.948204,5.002053388090349,0.025731585617944825,-0.05136483828923059,0.0183353335906562,1.0
290,Kwasniewski,Regular,Regular,Regular,0,OK,1,1954,-777,0,1.0,1995,2005,Eastern Europe,15580.93671792739,9408.274536717501,38363.47,360934057.94112575,41,5419076683.2884445,51854384806.948204,9406050257.104614,77968730835.80147,10.001368925393566,0.05964442312910013,0.0668844831430308,0.045782655912453736,1.0
290,Kaczynski,Regular,Natural Death,Regular,0,Missing: Natural Death within Six Months of Losing Office,1,1949,2010,0,2.0,2005,2010,Eastern Europe,20608.69309473939,15580.93671792739,38249.21,595958520.5207155,56,9406050257.104614,77968730835.80147,12280534834.274876,95439312780.60913,4.295687885010267,0.06453727998300733,0.06111990683866684,0.04481432943060186,1.0
290,Komorowski,Regular,Regular,Regular,0,OK,1,1952,-777,0,1.0,2010,2011,Eastern Europe,21837.0,20608.69309473939,38606.03,795619823.8763016,58,12280534834.274876,95439312780.60913,13001385251.611,99528621997.01219,0.243668720054757,0.059601397313939986,0.05869861753286476,0.042847219843287654,1.0
290,Borusewicz,Regular,Regular,Regular,0,OK,1,1949,-777,0,1.0,2010,2011,Eastern Europe,21837.0,20608.69309473939,38606.03,795619823.8763016,61,12280534834.274876,95439312780.60913,13001385251.611,99528621997.01219,0.0,0.059601397313939986,0.05869861753286476,0.042847219843287654,1.0
290,Schetyna,Regular,Regular,Regular,0,OK,1,1963,-777,0,1.0,2010,2011,Eastern Europe,21837.0,20608.69309473939,38606.03,795619823.8763016,47,12280534834.274876,95439312780.60913,13001385251.611,99528621997.01219,0.07939767282683094,0.059601397313939986,0.05869861753286476,0.042847219843287654,1.0
290,Komorowski,Regular,Regular,Regular,1,Missing: Left Office after 2014-12-31,1,1952,-777,0,1.0,2010,2015,Eastern Europe,24285.1415102141,20608.69309473939,38606.03,795619823.8763016,58,12280534834.274876,95439312780.60913,13748749519.361681,113181872475.00757,4.999315537303217,0.03567861774226886,0.02391124987470463,0.03718082030867951,1.0
305,Renner,Irregular,Regular,Regular,0,OK,1,1870,1950,1,1.0,1918,1920,Western Offshoots,7597.0,7336.0,5032.0,36914752.0,48,1204290778.3005948,3237619941.9560475,1191161692.3117025,3564985722.0261664,1.5797399041752225,0.01778898582333699,-0.0054509617716325676,0.05055654862817793,1.0
305,Mayr,Regular,Regular,Regular,0,OK,1,1864,1922,0,1.0,1920,1921,Western Offshoots,7828.0,7597.0,5358.0,40704726.0,56,1191161692.3117025,3564985722.0261664,1155693063.447896,3494210458.682645,0.9007529089664613,0.03040673950243522,-0.029776502294136087,-0.019852888303658167,1.0
305,Schober,Regular,Regular,Regular,0,OK,1,1870,1932,0,1.0,1921,1922,Western Offshoots,8072.0,7828.0,5461.0,42748708.0,51,1155693063.447896,3494210458.682645,1216343688.6680598,3715797650.1647186,0.9226557152635181,0.031170158405723125,0.05247987302027979,0.06341552522443505,1.0
305,Seipel,Regular,Regular,Regular,0,OK,1,1876,1932,0,1.0,1922,1924,Western Offshoots,8635.0,8072.0,5574.0,44993328.0,46,1216343688.6680598,3715797650.1647186,1395516916.9595828,4177978439.109769,2.4722792607802875,0.023249091509745634,0.049101590271667384,0.04146088605628299,1.0
305,Ramek,Regular,Regular,Regular,0,OK,1,1881,1941,0,1.0,1924,1926,Western Offshoots,8883.0,8635.0,5819.0,50247065.0,43,1395516916.9595828,4177978439.109769,1507299279.0289705,4582082014.773711,1.9000684462696784,0.014360162130862775,0.04005052203628179,0.048361137037132185,1.0
305,Seipel,Regular,Regular,Regular,1,OK,1,1876,1932,0,1.0,1926,1929,Western Offshoots,8389.0,8883.0,6064.0,53866512.0,50,1507299279.0289705,4582082014.773711,1610542861.8412397,5654440675.939672,2.4531143052703626,-0.01853728094862846,0.022831914061725172,0.07801101898717833,1.0
305,Streeruwitz,Regular,Regular,Regular,0,OK,1,1874,1952,0,1.0,1929,1930,Western Offshoots,7504.0,8389.0,6396.0,53656044.0,55,1610542861.8412397,5654440675.939672,1463406549.2860653,5458058939.984556,0.3942505133470226,-0.10549529145309333,-0.09135820973243891,-0.034730532551299764,1.0
305,Schober,Regular,Regular,Regular,1,OK,1,1870,1932,0,1.0,1929,1930,Western Offshoots,7504.0,8389.0,6396.0,53656044.0,59,1610542861.8412397,5654440675.939672,1463406549.2860653,5458058939.984556,0.9965776865160849,-0.10549529145309333,-0.09135820973243891,-0.034730532551299764,1.0
305,Vaugoin,Regular,Regular,Regular,0,OK,1,1873,1949,0,1.0,1930,1931,Western Offshoots,6940.0,7504.0,6469.0,48543376.0,57,1463406549.2860653,5458058939.984556,1361835476.6813493,5274746126.337196,0.16427104722792607,-0.07515991471215355,-0.06940728306448285,-0.03358571529971033,1.0
305,Ender,Regular,Regular,Regular,0,OK,1,1875,1960,0,1.0,1930,1931,Western Offshoots,6940.0,7504.0,6469.0,48543376.0,55,1463406549.2860653,5458058939.984556,1361835476.6813493,5274746126.337196,0.5311430527036276,-0.07515991471215355,-0.06940728306448285,-0.03358571529971033,1.0
305,Buresch,Regular,Regular,Regular,0,OK,1,1878,1936,0,1.0,1931,1932,Western Offshoots,7275.0,6940.0,6527.0,45297380.0,53,1361835476.6813493,5274746126.337196,1172777378.9933,5018502854.988797,0.8788501026694046,0.04827089337175794,-0.13882594551638805,-0.04857926148690983,1.0
305,Dollfuss,Regular,Irregular,"Removed by Rebels, without Foreign Support",0,Death,1,1882,1934,0,3.0,1932,1934,Western Offshoots,8066.0,7275.0,6579.0,47862225.0,50,1172777378.9933,5018502854.988797,1231111690.7667131,5285216561.450975,2.1793292265571527,0.03624284077892326,0.01658010372593381,0.01771535682845086,1.0
305,Schuschnigg,Regular,Foreign,Removed through Threat of Foreign Force,0,Imprisonment,1,1897,1977,0,4.0,1934,1938,Western Offshoots,9382.0,8066.0,6682.0,53897012.0,37,1231111690.7667131,5285216561.450975,1537683523.832198,6269649368.577917,3.6139630390143735,0.04078849491693526,0.0622550811930308,0.046565395934158316,1.0
305,Seyss-Inquart,Regular,Foreign,"Irregular, Other",0,OK,1,1892,1946,0,4.0,1938,1939,Western Offshoots,9318.0,9382.0,6904.0,64773328.0,46,1537683523.832198,6269649368.577917,1639122109.3805273,5943149740.776493,1.1334702258726899,-0.003410786612662531,0.03298422073728324,-0.026038109039858537,1.0
305,Renner,Irregular,Regular,Regular,1,OK,1,1870,1950,1,1.0,1945,1946,Western Offshoots,10512.0,11026.0,7389.0,81471114.0,75,2555812784.84346,5516514526.341848,2342126996.3995733,5764995899.017727,0.5831622176591376,-0.046617086885543224,-0.0836077625525199,0.04504318288103071,1.0
305,Figl,Regular,Regular,Regular,0,OK,1,1902,1965,0,1.0,1945,1953,Western Offshoots,11963.0,11026.0,7389.0,81471114.0,43,2555812784.84346,5516514526.341848,3034661133.164,10381252161.518972,7.342915811088296,0.010622619263558869,0.02341957278523185,0.11023123414131261,1.0
305,Raab,Regular,Regular,Regular,0,OK,1,1891,1964,0,1.0,1953,1961,Western Offshoots,13793.0,11963.0,8857.924,105967344.812,62,3034661133.164,10381252161.518972,3784937088.512,14545646569.21639,8.02464065708419,0.01699685140293683,0.027470610846012197,0.04457174168828342,1.0
305,Gorbach,Regular,Regular,Regular,0,OK,1,1898,1972,0,1.0,1961,1964,Western Offshoots,15699.0,13793.0,10598.814,146189441.502,63,3784937088.512,14545646569.21639,4440172878.91,17168846684.352207,2.8747433264887063,0.046062012131757646,0.05770556419433973,0.06011420903276569,1.0
305,Klaus,Regular,Regular,Regular,0,OK,1,1910,2001,0,1.0,1964,1970,Western Offshoots,19166.0,15699.0,11218.304,176116154.496,54,4440172878.91,17168846684.352207,5623470695.412,23271103735.64346,5.916495550992471,0.036807015308830716,0.04441635677905117,0.059237691417491356,1.0
305,Kreisky,Regular,Regular,Regular,0,OK,1,1911,1990,0,1.0,1970,1983,Western Offshoots,22697.0,19166.0,12660.16,242644626.56,59,5623470695.412,23271103735.64346,8135374862.205999,37212432698.472725,13.092402464065708,0.013159463931664703,0.03190587022102837,0.042791662266771606,1.0
305,Sinowatz,Regular,Regular,Regular,0,OK,1,1929,-777,0,1.0,1983,1986,Western Offshoots,25116.0,22697.0,15348.0,348353556.0,54,8135374862.205999,37212432698.472725,9365363334.35,41482688664.595215,3.0636550308008212,0.026644490461294468,0.03779753523891327,0.02868836875516706,1.0
305,Vranitzky,Regular,Regular,Regular,0,OK,1,1937,-777,0,1.0,1986,1997,Western Offshoots,32857.993780602534,25116.0,15900.0,399344400.0,49,9365363334.35,41482688664.595215,13053957064.951847,56142944592.630035,10.620123203285422,0.02802267942420816,0.03580498596910649,0.03212787265763072,1.0
305,Klima,Regular,Regular,Regular,0,OK,1,1947,-777,0,1.0,1997,2000,Western Offshoots,36603.04499594468,32857.993780602534,18305.22,601472804.9125612,50,13053957064.951847,56142944592.630035,14882100957.497591,62796055415.77486,3.0171115674195756,0.02849421696549992,0.03501129740678538,0.029625765407476412,1.0
305,Schussel,Regular,Regular,Regular,0,OK,1,1945,-777,0,1.0,2000,2007,Western Offshoots,44033.58376177127,36603.04499594468,18907.15,692059262.1950755,55,14882100957.497591,62796055415.77486,17760613050.722805,87408786989.82104,6.93223819301848,0.029000470810361088,0.027631583369330488,0.05599244231660377,1.0
305,Gusenbauer,Regular,Regular,Regular,0,OK,1,1960,-777,0,1.0,2007,2008,Western Offshoots,44421.64047072811,44033.58376177127,20694.45,911250797.4787874,47,17760613050.722805,87408786989.82104,17760313843.58983,90277694082.64677,1.891854893908282,0.004406372089270416,-8.423333477336481e-06,0.01641086206332909,1.0
305,Faymann,Regular,Still in Office,Still in Office,0,Leader Still in Office,1,1960,-777,0,-888.0,2008,2015,Western Offshoots,48145.53099929047,44421.64047072811,21113.35,937889642.8326473,48,17760313843.58983,90277694082.64677,19805745934.47515,113181872475.00757,7.077344284736482,0.010478818682462449,0.014396086331151553,0.03171350717513985,1.0
310,Gero,Irregular,Irregular,"Popular Protest, without Foreign Support",0,Exile,1,1898,1980,1,3.0,1956,1957,Eastern Europe,5051.0,4632.0,9911.0,45907752.0,58,2080182839.704803,11951387652.483673,2177517477.036767,12402988214.360376,0.27104722792607805,0.0904576856649395,0.046791385581171685,0.03778645417654536,1.0
310,Nagy,Irregular,Foreign,Removed through Threat of Foreign Force,0,Imprisonment,1,1896,1958,1,4.0,1956,1957,Eastern Europe,5051.0,4632.0,9911.0,45907752.0,60,2080182839.704803,11951387652.483673,2177517477.036767,12402988214.360376,0.02737850787132101,0.0904576856649395,0.046791385581171685,0.03778645417654536,1.0
310,Kadar,Foreign Imposition,Regular,Regular,0,OK,1,1912,1989,2,1.0,1956,1988,Eastern Europe,11207.0,4632.0,9911.0,45907752.0,44,2080182839.704803,11951387652.483673,8045337676.024826,44671815935.24714,31.54551676933607,0.0443585384283247,0.08961283838946299,0.08555603864325036,1.0
310,Grosz,Regular,Regular,Regular,0,OK,1,1930,1996,0,1.0,1988,1989,Eastern Europe,11003.0,11207.0,10442.5,117029097.5,58,8045337676.024826,44671815935.24714,8127570374.057793,46016341267.83971,1.377138945927447,-0.009101454448112778,0.005110580894449046,0.015048921836326112,1.0
310,Szuros,Regular,Regular,Regular,0,OK,1,1933,-777,0,1.0,1989,1990,Eastern Europe,10296.0,11003.0,10397.959,114408742.877,56,8127570374.057793,46016341267.83971,7833175413.821,46715156894.540726,0.5366187542778919,-0.06425520312642008,-0.03622176698419799,0.015186249220326742,1.0
310,Antall,Regular,Natural Death,Regular,0,Missing: Natural Death within Six Months of Losing Office,1,1932,1993,0,2.0,1990,1993,Eastern Europe,9294.464013631381,10296.0,10371.878,106788855.88800001,58,7833175413.821,46715156894.540726,6025166797.226061,48709321632.52854,3.6112251882272415,-0.024318569987583027,-0.057703565957582637,0.010671936425738826,1.0
310,Boross,Regular,Regular,Regular,0,OK,1,1928,-777,0,1.0,1993,1994,Eastern Europe,9772.223487554455,9294.464013631381,10300.83,95740693.74553454,65,6025166797.226061,48709321632.52854,5486506564.154744,50046959415.1475,0.5886379192334018,0.05140258472380821,-0.08940171304789635,0.027461638507518593,1.0
310,Horn,Regular,Regular,Regular,0,OK,1,1932,-777,0,1.0,1994,1998,Eastern Europe,11663.028515253676,9772.223487554455,10267.81,100339334.0477465,62,5486506564.154744,50046959415.1475,5667997926.22733,57448919778.54096,3.975359342915811,0.048371924519206966,0.008269896333412408,0.036975075258783574,1.0
310,Orban,Regular,Regular,Regular,0,OK,1,1963,-777,0,1.0,1998,2002,Eastern Europe,14899.306265101266,11663.028515253676,10273.38,119818723.8880368,35,5667997926.22733,57448919778.54096,7372352468.581502,67072928019.09664,3.890485968514716,0.06937044151128868,0.07517445156726643,0.04188071889626094,1.0
310,Peter Medgyessy,Regular,Regular,Regular,0,OK,1,1942,-777,0,1.0,2002,2004,Eastern Europe,16999.005514218454,14899.306265101266,10165.35,151456662.94194716,60,7372352468.581502,67072928019.09664,8712417451.024088,74015814861.56413,2.3436002737850785,0.04697532470656762,0.0605896597299842,0.03450416855958512,1.0
310,Ferenc Gyurcsany,Regular,Regular,Regular,0,OK,1,1961,-777,0,1.0,2004,2009,Eastern Europe,19461.070328242917,16999.005514218454,10113.85,171925391.91997832,43,8712417451.024088,74015814861.56413,11639006715.551857,90134685455.90204,4.539356605065024,0.028967162955093117,0.06718202567724227,0.04355520674733073,1.0
310,Bajnai,Regular,Regular,Regular,0,OK,1,1968,-777,0,1.0,2009,2010,Eastern Europe,20036.334653663314,19461.070328242917,10029.3,195180912.64304668,41,11639006715.551857,90134685455.90204,12280534834.274876,95439312780.60913,1.1225188227241616,0.014779873761248008,0.027559401519453464,0.02942611547306251,1.0
310,Orban,Regular,Still in Office,Still in Office,1,Leader Still in Office,1,1963,-777,0,-888.0,2010,2015,Eastern Europe,22993.37507631797,20036.334653663314,10006.65,200496588.16208,47,12280534834.274876,95439312780.60913,13748749519.361681,113181872475.00757,5.590691307323751,0.02459731677282277,0.01992604156225386,0.03098401692389959,1.0
315,Calfa,Regular,Regular,Regular,0,OK,1,1946,-777,0,1.0,1989,1992,Eastern Europe,12810.431670604981,14027.0,10314.343,144679289.261,43,8127570374.057793,46016341267.83971,6490489413.913117,47778114919.29238,2.537987679671458,-0.02891015730127655,-0.06714105547745801,0.012761942119635364,1.0
315,Strasky,Regular,Regular,Regular,0,OK,1,1940,-777,0,1.0,1992,1993,Eastern Europe,12974.197268474312,12810.431670604981,10264.81,131496647.11674272,52,6490489413.913117,47778114919.29238,6025166797.226061,48709321632.52854,0.5010266940451745,0.012783768890872738,-0.07169299370392368,0.01949023553585505,1.0
325,Minghetti,Regular,Regular,Regular,1,OK,1,1818,1886,0,1.0,1873,1876,Western Europe,2662.0,2581.0,28387.0,73266847.0,55,646534234.6954694,943174079.4074694,681766578.0511813,994588638.0127813,2.6036960985626285,0.010461061604029412,0.018164721714134302,0.018170756147727635,1.0
325,Depretis,Regular,Regular,Regular,0,OK,1,1813,1887,0,1.0,1876,1878,Western Europe,2745.0,2662.0,28837.0,76764094.0,63,681766578.0511813,994588638.0127813,702594714.8729267,1038709456.9097267,1.9603011635865846,0.015589782118707762,0.015275123108324129,0.022180435815705835,1.0
325,Cairoli,Regular,Regular,Regular,0,OK,1,1825,1889,0,1.0,1878,1879,Western Europe,2753.0,2745.0,29252.0,80296740.0,53,702594714.8729267,1038709456.9097267,689754871.096389,1058886143.5363891,0.7145790554414785,0.0029143897996357637,-0.018274893768393752,0.019424764540692863,1.0
325,Depretis,Regular,Regular,Regular,1,OK,1,1813,1887,0,1.0,1878,1879,Western Europe,2753.0,2745.0,29252.0,80296740.0,65,702594714.8729267,1038709456.9097267,689754871.096389,1058886143.5363891,0.5393566050650239,0.0029143897996357637,-0.018274893768393752,0.019424764540692863,1.0
325,Cairoli,Regular,Regular,Regular,1,OK,1,1825,1889,0,1.0,1879,1881,Western Europe,2880.0,2753.0,29425.0,81007025.0,54,689754871.096389,1058886143.5363891,738616938.5681975,1168068272.6993976,1.839835728952772,0.023065746458408976,0.035419878509984626,0.05155517891582284,1.0
325,Depretis,Regular,Natural Death,Regular,2,Missing: Natural Death within Six Months of Losing Office,1,1813,1887,0,2.0,1881,1887,Western Europe,3081.0,2880.0,29672.0,85455360.0,68,738616938.5681975,1168068272.6993976,818286589.3749187,1991721219.4037962,6.168377823408624,0.0099702380952381,0.015409040995914827,0.10073444285934986,1.0
325,Crispi,Regular,Regular,Regular,0,OK,1,1819,1901,0,1.0,1887,1891,Western Europe,3014.0,3081.0,31049.0,95661969.0,68,818286589.3749187,1991721219.4037962,879995372.1780128,1755379986.2233455,3.482546201232033,-0.005436546575787071,0.018853047209973495,-0.029665451027729328,1.0
325,Rudini,Regular,Regular,Regular,0,OK,1,1839,1908,0,1.0,1891,1892,Western Europe,3017.0,3014.0,31892.0,96122488.0,52,879995372.1780128,1755379986.2233455,893223423.7109936,1831626029.2905164,1.2347707049965777,0.0004976775049767568,0.0075159778967024415,0.021717817129501493,1.0
325,Giolitti,Regular,Regular,Regular,0,OK,1,1842,1928,0,1.0,1892,1893,Western Europe,3064.0,3017.0,32091.0,96818547.0,50,893223423.7109936,1831626029.2905164,908058421.5081134,1828684347.56283,1.5277207392197125,0.0077891945641365146,0.00830419209982547,-0.0008030246569562527,1.0
325,Crispi,Regular,Regular,Regular,1,OK,1,1819,1901,0,1.0,1893,1896,Western Europe,3153.0,3064.0,32303.0,98976392.0,74,908058421.5081134,1828684347.56283,992559529.5499187,1960151150.4666553,2.2340862422997945,0.009682332463011312,0.031018968985668288,0.0239638227849505,1.0
325,Rudini,Regular,Regular,Regular,1,OK,1,1839,1908,0,1.0,1896,1898,Western Europe,3145.0,3153.0,32863.0,103617039.0,57,992559529.5499187,1960151150.4666553,1048481434.2765558,2145898307.1412191,2.272416153319644,-0.0008457553652605846,0.018780369694633592,0.03158721656581479,1.0
325,Pelloux,Regular,Regular,Regular,0,OK,1,1839,1924,0,1.0,1898,1900,Western Europe,3264.0,3145.0,33285.0,104681325.0,59,1048481434.2765558,2145898307.1412191,1098015228.650166,3063830824.5552855,1.9685147159479808,0.018918918918918948,0.023621684063384607,0.21388071241757545,1.0
325,Saracco,Regular,Regular,Regular,0,OK,1,1821,1907,0,1.0,1900,1901,Western Europe,3317.0,3264.0,33672.0,109905408.0,79,1098015228.650166,3063830824.5552855,1097140341.2080421,2383409478.9599314,0.6324435318275154,0.016237745098039325,-0.0007967898980776322,-0.22208189177485582,1.0
325,Zanardelli,Regular,Retired Due to Ill Health,Regular,0,Missing: Natural Death within Six Months of Losing Office,1,1826,1903,0,2.1,1901,1903,Western Europe,3402.0,3317.0,33877.0,112370009.0,75,1097140341.2080421,2383409478.9599314,1135107288.5347915,2510448213.9828224,2.6776180698151952,0.00854185508994069,0.011535123296060323,0.017767087603473525,1.0
325,Giolitti,Regular,Regular,Regular,1,OK,1,1842,1928,0,1.0,1903,1905,Western Europe,3532.0,3402.0,34436.0,117151272.0,61,1135107288.5347915,2510448213.9828224,1184178249.5197396,2615939534.0905447,1.3333333333333333,0.019106407995296837,0.021615120209601324,0.021010455328285826,1.0
325,Fortis,Regular,Regular,Regular,0,OK,1,1842,1909,0,1.0,1905,1906,Western Europe,3652.0,3532.0,35011.0,123658852.0,63,1184178249.5197396,2615939534.0905447,1223296773.968082,2786976251.5688505,0.8514715947980835,0.033975084937712285,0.033034321027435976,0.06538251945405471,1.0
325,Sonnino,Regular,Regular,Regular,0,OK,1,1847,1922,0,1.0,1906,1907,Western Europe,3716.0,3652.0,35297.0,128904644.0,59,1223296773.968082,2786976251.5688505,1260769464.3497787,2822827774.268756,0.2683093771389459,0.017524644030668224,0.030632542469759105,0.012863949838009425,1.0
325,Giolitti,Regular,Regular,Regular,2,OK,1,1842,1928,0,1.0,1906,1909,Western Europe,3826.0,3652.0,35297.0,128904644.0,64,1223296773.968082,2786976251.5688505,1290377484.5501473,2939559126.60919,3.512662559890486,0.01191128148959475,0.013709001774866059,0.013687134484411834,1.0
325,Sonnino,Regular,Regular,Regular,1,OK,1,1847,1922,0,1.0,1909,1910,Western Europe,3829.0,3826.0,36213.0,138550938.0,62,1290377484.5501473,2939559126.60919,1304775896.488697,3166254860.355937,0.27652292950034224,0.000784108729743771,0.011158294461073526,0.07711895695333149,1.0
325,Luzzati,Regular,Regular,Regular,0,OK,1,1841,1927,0,1.0,1910,1911,Western Europe,3870.0,3829.0,36572.0,140034188.0,69,1304775896.488697,3166254860.355937,1361917529.135463,3482522324.7243567,0.971937029431896,0.010707756594411144,0.043794212324538506,0.09988692582152603,1.0
325,Giolitti,Regular,Regular,Regular,3,OK,1,1842,1928,0,1.0,1911,1914,Western Europe,3835.0,3870.0,36917.0,142868790.0,69,1361917529.135463,3482522324.7243567,1354458323.1900258,3092014836.2343206,2.954140999315537,-0.0030146425495262883,-0.0018256626621075596,-0.03737784016655658,1.0
325,Salandra,Regular,Regular,Regular,0,OK,1,1853,1931,0,1.0,1914,1916,Western Europe,3942.0,3835.0,37526.0,143912210.0,61,1354458323.1900258,3092014836.2343206,1389771145.553635,3334816155.24101,2.2286105407255303,0.00930030421555846,0.00869051530514923,0.026175092064175527,1.0
325,Boselli,Regular,Regular,Regular,0,OK,1,1838,1932,0,1.0,1916,1917,Western Europe,3955.0,3942.0,38142.0,150355764.0,78,1389771145.553635,3334816155.24101,1336726010.6665368,3244941421.8856626,1.3689253935660506,0.0016489091831557445,-0.01908412584935587,-0.013475215599831503,1.0
325,Orlando,Regular,Regular,Regular,0,OK,1,1860,1952,0,1.0,1917,1919,Western Europe,3701.0,3955.0,37981.0,150214855.0,57,1336726010.6665368,3244941421.8856626,1202528297.9692886,3233683011.2296357,1.6344969199178645,-0.03211125158027811,-0.050196417076650124,-0.0017347633119189632,1.0
325,Nitti,Regular,Regular,Regular,0,OK,1,1868,1953,0,1.0,1919,1920,Western Europe,3789.0,3701.0,37250.0,137862250.0,51,1202528297.9692886,3233683011.2296357,1253465965.7360284,3564985722.0261664,0.9637234770704997,0.023777357470953886,0.04235881006106745,0.10245367577651043,1.0
325,Giolitti,Regular,Regular,Regular,4,OK,1,1842,1928,0,1.0,1920,1921,Western Europe,3660.0,3789.0,37398.0,141701022.0,78,1253465965.7360284,3564985722.0261664,1261420789.5717978,3494210458.682645,1.0266940451745379,-0.01702296120348379,0.003173131163197729,-0.009926444151829084,1.0
325,Bonomi,Regular,Regular,Regular,0,OK,1,1873,1951,0,1.0,1921,1922,Western Europe,3928.0,3660.0,37691.0,137949060.0,48,1261420789.5717978,3494210458.682645,1388511639.7295265,3715797650.1647186,0.6680355920602327,0.0732240437158469,0.10075214488962958,0.06341552522443505,1.0
325,Facta,Regular,Regular,Regular,0,OK,1,1861,1930,0,1.0,1922,1923,Western Europe,4248.0,3928.0,38086.0,149601808.0,61,1388511639.7295265,3715797650.1647186,1380847621.4286804,3902172216.269208,0.6680355920602327,0.08146639511201625,-0.005519592404957474,0.050157350763227804,1.0
325,Mussolini,Regular,Irregular,"Removed by Other Government Actors, without Foreign Support",0,Death,1,1883,1945,0,3.0,1922,1943,Western Europe,3931.0,3928.0,38086.0,149601808.0,39,1388511639.7295265,3715797650.1647186,2078242951.69498,5848654828.738916,20.733744010951405,3.636892638928894e-05,0.02365435567773057,0.027333196560541978,1.0
325,Badoglio,Irregular,Regular,Regular,0,OK,1,1871,1956,1,1.0,1943,1944,Western Europe,3162.0,3931.0,45177.0,177590787.0,72,2078242951.69498,5848654828.738916,2002685406.139349,5921553827.78953,0.8542094455852156,-0.19562452302213174,-0.03635645461663062,0.01246423343234504,1.0
325,Bonomi,Regular,Regular,Regular,1,OK,1,1873,1951,0,1.0,1944,1945,Western Europe,2831.0,3162.0,45290.0,143206980.0,71,2002685406.139349,5921553827.78953,1747100826.3508208,5516514526.341848,1.0294318959616702,-0.05234029095509174,-0.06381046643796845,-0.034200423843726124,1.0
325,Parri,Regular,Regular,Regular,0,OK,1,1890,1981,0,1.0,1945,1946,Western Europe,3805.0,2831.0,45442.0,128646302.0,55,1747100826.3508208,5516514526.341848,1669149353.4137225,5764995899.017727,0.4353182751540041,0.34404803956199226,-0.0446176155155944,0.04504318288103071,1.0
325,de Gasperi,Regular,Regular,Regular,0,OK,1,1881,1954,0,1.0,1945,1953,Western Europe,6790.0,2831.0,45442.0,128646302.0,64,1747100826.3508208,5516514526.341848,2549125467.1776023,10381252161.518972,7.630390143737166,0.17480572235959024,0.05738253831219739,0.11023123414131261,1.0
325,Pella,Regular,Regular,Regular,0,OK,1,1902,1981,0,1.0,1953,1954,Western Europe,7092.0,6790.0,47957.0,325628030.0,51,2549125467.1776023,10381252161.518972,2689503197.9355354,10684681554.893536,0.3942505133470226,0.04447717231222392,0.05506897662175869,0.029228592914765095,1.0
325,Fanfani,Regular,Regular,Regular,0,OK,1,1908,1999,0,1.0,1954,1955,Western Europe,7453.0,7092.0,48299.0,342536508.0,46,2689503197.9355354,10684681554.893536,2857227492.4186954,11398992120.516134,0.03559206023271732,0.05090242526790756,0.06236255625645115,0.06685370658477385,1.0
325,Scelba,Regular,Regular,Regular,0,OK,1,1901,1991,0,1.0,1954,1955,Western Europe,7453.0,7092.0,48299.0,342536508.0,53,2689503197.9355354,10684681554.893536,2857227492.4186954,11398992120.516134,1.3634496919917864,0.02545121263395378,0.031181278128225576,0.03342685329238693,1.0
325,Segni,Regular,Regular,Regular,0,OK,1,1891,1972,0,1.0,1955,1957,Western Europe,8158.0,7453.0,48633.0,362461749.0,64,2857227492.4186954,11398992120.516134,3117964447.0946364,12402988214.360376,1.834360027378508,0.04729639071514824,0.04562761547125227,0.04403880988904407,1.0
325,Zoli,Regular,Regular,Regular,0,OK,1,1887,1960,0,1.0,1957,1958,Western Europe,8544.0,8158.0,49182.0,401226756.0,70,3117964447.0946364,12402988214.360376,3199437985.087188,12754499113.886679,1.0841889117043122,0.023657759254719246,0.013065180725275627,0.014170411736718291,1.0
325,Fanfani,Regular,Regular,Regular,1,OK,1,1908,1999,0,1.0,1958,1959,Western Europe,9011.0,8544.0,49476.0,422722944.0,50,3199437985.087188,12754499113.886679,3353343631.0628824,13330790435.611374,0.5694729637234771,0.054658239700374533,0.0481039628500568,0.04518337541748285,1.0
325,Segni,Regular,Regular,Regular,1,OK,1,1891,1972,0,1.0,1959,1960,Western Europe,9430.0,9011.0,49832.0,449036152.0,68,3353343631.0628824,13330790435.611374,3566870622.5748286,14025367456.334517,1.0239561943874058,0.023249361891022113,0.03183792283230247,0.026051606769980973,1.0
325,Tambroni,Regular,Regular,Regular,0,OK,1,1901,1963,0,1.0,1960,1961,Western Europe,10158.0,9430.0,50197.6,473363368.0,59,3566870622.5748286,14025367456.334517,3755916911.1986747,14545646569.21639,0.31759069130732376,0.07720042417815476,0.053000601543371495,0.0370955780304274,1.0
325,Fanfani,Regular,Regular,Regular,2,OK,1,1908,1999,0,1.0,1960,1963,Western Europe,11576.0,9430.0,50197.6,473363368.0,52,3566870622.5748286,14025367456.334517,4123973043.0297213,15991243735.72246,2.8035592060232717,0.07585719335454222,0.05206266962501852,0.046721919776394394,1.0
325,Leone,Regular,Regular,Regular,0,OK,1,1908,2001,0,1.0,1963,1964,Western Europe,11934.0,11576.0,51198.3,592671520.8000001,55,4123973043.0297213,15991243735.72246,4366299249.677136,17168846684.352207,0.3750855578370979,0.030926053904630324,0.05876037600609241,0.07364048526126377,1.0
325,Moro,Regular,Regular,Regular,0,OK,1,1916,1978,0,1.0,1963,1968,Western Europe,14513.0,11576.0,51198.3,592671520.8000001,47,4123973043.0297213,15991243735.72246,5144807139.722397,20870428352.946007,4.501026694045175,0.05074291637871457,0.04950731181029781,0.06102320367144491,1.0
325,Leone,Regular,Regular,Regular,1,OK,1,1908,2001,0,1.0,1968,1969,Western Europe,15248.0,14513.0,52986.6,768994525.8,60,5144807139.722397,20870428352.946007,5439590876.9001665,22012539042.756966,0.4024640657084189,0.05064424998277417,0.0572973348022674,0.05472387391846434,1.0
325,Rumor,Regular,Regular,Regular,0,OK,1,1915,1990,0,1.0,1968,1970,Western Europe,15492.0,14513.0,52986.6,768994525.8,53,5144807139.722397,20870428352.946007,5672272868.802098,23271103735.64346,1.5605749486652978,0.03372838145111279,0.05126195353439067,0.05751380235467429,1.0
325,Colombo,Regular,Regular,Regular,0,OK,1,1920,-777,0,1.0,1970,1972,Western Europe,16035.0,15492.0,53661.1,831317761.1999999,50,5672272868.802098,23271103735.64346,6128081587.469166,25373866516.69958,1.4428473648186173,0.0175251742835012,0.04017866640143919,0.04517969592124249,1.0
325,Andreotti,Regular,Regular,Regular,0,OK,1,1919,-777,0,1.0,1972,1973,Western Europe,16950.0,16035.0,54365.564,871751818.74,53,6128081587.469166,25373866516.69958,6477801404.395305,28100062467.301537,1.3141683778234086,0.02853133769878391,0.028534200461793224,0.05372054646870106,1.0
325,Rumor,Regular,Regular,Regular,1,OK,1,1915,1990,0,1.0,1973,1974,Western Europe,17607.0,16950.0,54796.843,928806488.85,58,6477801404.395305,28100062467.301537,6614147085.960016,27746656042.65312,1.377138945927447,0.019380530973451382,0.010524070826885668,-0.006288356566104769,1.0
325,Moro,Regular,Regular,Regular,1,OK,1,1916,1978,0,1.0,1974,1976,Western Europe,18147.0,17607.0,55226.259,972368742.2129999,58,6614147085.960016,27746656042.65312,6875798601.395606,29537559377.26344,1.6837782340862424,0.015334810018742595,0.019779686786146833,0.03227241747360987,1.0
325,Andreotti,Regular,Regular,Regular,1,OK,1,1919,-777,0,1.0,1976,1979,Western Europe,20275.0,18147.0,55838.536,1013301912.792,57,6875798601.395606,29537559377.26344,7552789376.557966,33220383789.58506,3.0143737166324436,0.02931614040888303,0.02461498708764348,0.031170689877279445,1.0
325,Cossiga,Regular,Regular,Regular,0,OK,1,1928,-777,0,1.0,1979,1980,Western Europe,20959.0,20275.0,56367.71,1142855320.25,51,7552789376.557966,33220383789.58506,7673220767.468521,35105310712.72682,1.2046543463381245,0.016868064118372383,0.007972643278279734,0.028370035323503795,1.0
325,Forlani,Regular,Regular,Regular,0,OK,1,1925,-777,0,1.0,1980,1981,Western Europe,21041.0,20959.0,56451.247,1183161685.8730001,55,7673220767.468521,35105310712.72682,7687644422.970206,35740398961.4584,0.6023271731690623,0.003912400400782445,0.0018797394130554146,0.01809094509741338,1.0
325,Spadolini,Regular,Regular,Regular,0,OK,1,1925,1994,0,1.0,1981,1982,Western Europe,21123.0,21041.0,56502.489,1188868871.049,56,7687644422.970206,35740398961.4584,7754525135.294905,36196627164.43434,1.4236824093086926,0.0019485765885651762,0.004349883309174851,0.006382528122698461,1.0
325,Fanfani,Regular,Regular,Regular,3,OK,1,1908,1999,0,1.0,1982,1983,Western Europe,21345.0,21123.0,56535.636,1194202239.228,74,7754525135.294905,36196627164.43434,7894302421.952583,37212432698.472725,0.676249144421629,0.010509870756994832,0.01802525418629175,0.028063541098008127,1.0
325,Craxi,Regular,Regular,Regular,0,OK,1,1934,2000,0,1.0,1983,1987,Western Europe,23824.0,21345.0,56630.129,1208770103.505,49,7894302421.952583,37212432698.472725,8791521677.45914,42930313200.45056,3.704312114989733,0.029034902787538064,0.028413506588357895,0.03841377791872036,1.0
325,Fanfani,Regular,Regular,Regular,4,OK,1,1908,1999,0,1.0,1987,1988,Western Europe,24743.0,23824.0,56729.703,1351528444.272,79,8791521677.45914,42930313200.45056,9152658470.280657,44671815935.24714,0.2792607802874743,0.038574546675621324,0.0410778481895171,0.040565805487258855,1.0
325,Goria,Regular,Regular,Regular,0,OK,1,1943,1994,0,1.0,1987,1988,Western Europe,24743.0,23824.0,56729.703,1351528444.272,44,8791521677.45914,42930313200.45056,9152658470.280657,44671815935.24714,0.7091033538672142,0.038574546675621324,0.0410778481895171,0.040565805487258855,1.0
325,Mita,Regular,Regular,Regular,0,OK,1,1928,-777,0,1.0,1988,1989,Western Europe,25454.0,24743.0,56734.027,1403770030.061,60,9152658470.280657,44671815935.24714,9473954827.195541,46016341267.83971,1.2457221081451062,0.01436769995554299,0.0175520783364832,0.015048921836326112,1.0
325,Andreotti,Regular,Regular,Regular,2,OK,1,1919,-777,0,1.0,1989,1992,Western Europe,26960.610843483308,25454.0,56737.529,1444197063.1660001,70,9473954827.195541,46016341267.83971,10002507196.711634,47778114919.29238,2.9322381930184807,0.019729850494792034,0.01859668178555,0.012761942119635364,1.0
325,Amato,Regular,Regular,Regular,0,OK,1,1938,-777,0,1.0,1992,1993,Western Europe,26902.398223124954,26960.610843483308,56820.82,1531924015.827613,54,10002507196.711634,47778114919.29238,10036021182.921669,48709321632.52854,0.8350444900752909,-0.0021591729021386286,0.0033505585700606133,0.01949023553585505,1.0
325,Ciampi,Regular,Regular,Regular,0,OK,1,1920,-777,0,1.0,1993,1994,Western Europe,27668.257997101344,26902.398223124954,56855.53,1529550109.2468274,73,10036021182.921669,48709321632.52854,10371409076.842821,50046959415.1475,1.0321697467488022,0.014234042772403588,0.016709206158905032,0.013730819253759297,1.0
325,Berlusconi,Regular,Regular,Regular,0,OK,1,1936,-777,0,1.0,1994,1995,Western Europe,28666.35229534556,27668.257997101344,56867.14,1573414701.0772817,58,10371409076.842821,50046959415.1475,10692216620.49292,51854384806.948204,0.6872005475701575,0.03607362264544389,0.03093191496673242,0.03611458943604995,1.0
325,Dini,Regular,Regular,Regular,0,OK,1,1931,-777,0,1.0,1995,1996,Western Europe,29231.2756037388,28666.35229534556,56868.04,1630199268.9858031,64,10692216620.49292,51854384806.948204,10955380438.13993,53971480867.83615,1.3333333333333333,0.009853421575457322,0.012306326507761978,0.020413857658998502,1.0
325,Prodi,Regular,Regular,Regular,0,OK,1,1939,-777,0,1.0,1996,1998,Western Europe,30649.629116416458,29231.2756037388,56884.04,1662793050.694102,57,10955380438.13993,53971480867.83615,11737168626.134588,57448919778.54096,2.425735797399042,0.016173926537965233,0.023787039084252132,0.021477014988837473,1.0
325,D'Alema,Regular,Regular,Regular,0,OK,1,1949,-777,0,1.0,1998,2000,Western Europe,32716.980050789483,30649.629116416458,56930.46,1744897484.4269824,49,11737168626.134588,57448919778.54096,12716982889.102804,62796055415.77486,1.514031485284052,0.03372554569128072,0.041739805151410625,0.04653817389296866,1.0
325,Amato,Regular,Regular,Regular,1,OK,1,1938,-777,0,1.0,2000,2001,Western Europe,33511.43329684468,32716.980050789483,56965.88,1863751559.5356674,62,12716982889.102804,62796055415.77486,13075135897.277853,64760587194.60295,1.1252566735112937,0.012141298567623027,0.01408168161026424,0.015642159095988317,1.0
325,Berlusconi,Regular,Regular,Regular,1,OK,1,1936,-777,0,1.0,2001,2006,Western Europe,35713.80418293189,33511.43329684468,57003.59,1910272003.9656825,65,13075135897.277853,64760587194.60295,14868686219.330584,82618841699.03532,4.930869267624915,0.013143996955179916,0.02743451901599179,0.05515161389988341,1.0
325,Prodi,Regular,Regular,Regular,1,OK,1,1939,-777,0,1.0,2006,2008,Western Europe,35942.93934612822,35713.80418293189,58424.29,2086553652.5868258,67,14868686219.330584,82618841699.03532,15533762209.928125,90277694082.64677,1.9767282683093772,0.003207935536951867,0.022364988432296284,0.046350518998506396,1.0
325,Berlusconi,Regular,Regular,Regular,2,OK,1,1936,-777,0,1.0,2008,2011,Western Europe,35151.0,35942.93934612822,59235.93,2129113439.1014972,72,15533762209.928125,90277694082.64677,15705849653.539999,99528621997.01219,3.5236139630390144,-0.00550830956326287,0.0027695712295294217,0.025617977974427553,1.0
325,Monti,Regular,Regular,Regular,0,OK,1,1943,-777,0,1.0,2011,2013,Western Europe,33317.24412503938,35151.0,60051.87,2110883282.3700001,68,15705849653.539999,99528621997.01219,15657249414.207613,106221801332.0274,1.4483230663928817,-0.026083978762490634,-0.0015472018516817787,0.03362439467521283,1.0
325,Letta,Regular,Regular,Regular,0,OK,1,1966,-777,0,1.0,2013,2014,Western Europe,33310.70502999905,33317.24412503938,60336.79,2010255562.1512349,47,15657249414.207613,106221801332.0274,15922305627.96356,109801891452.69542,0.8213552361396304,-0.00019626758491153584,0.016928657565832284,0.03370391083349644,1.0
325,Renzi,Regular,Still in Office,Still in Office,0,Leader Still in Office,1,1975,-777,0,-888.0,2014,2015,Western Europe,33620.74085374743,33310.70502999905,60345.89,2010164141.5627694,39,15922305627.96356,109801891452.69542,16218715225.380728,113181872475.00757,1.8535249828884326,0.004653696513916006,0.009307998613485968,0.015391269574660749,1.0
338,Olivier,Regular,Regular,Regular,0,OK,1,1911,1980,0,1.0,1962,1971,Western Europe,3987.0,2260.0,329.011,743564.8600000001,51,3938314250.74158,15291081770.15114,5862304481.569884,24246398728.449657,9.295003422313483,0.07641592920353983,0.048853141428874536,0.05856562075143492,1.0
338,Mintoff,Regular,Regular,Regular,0,OK,1,1916,-777,0,1.0,1971,1984,Western Europe,9797.0,3987.0,325.468,1297640.916,55,5862304481.569884,24246398728.449657,8078486192.1707735,38795331361.618996,13.505817932922655,0.10408828693253071,0.027002809920913213,0.04286036394256138,1.0
338,Bonnici,Regular,Regular,Regular,0,OK,1,1933,-777,0,1.0,1984,1987,Western Europe,10943.0,9797.0,351.379,3442460.063,51,8078486192.1707735,38795331361.618996,8791521677.45914,42930313200.45056,2.3846680355920604,0.03899152801878129,0.029421167461605318,0.035528173912547846,1.0
338,Adami,Regular,Regular,Regular,0,OK,1,1934,-777,0,1.0,1987,1996,Western Europe,16932.04784205388,10943.0,349.047,3819621.3210000005,53,8791521677.45914,42930313200.45056,10955380438.13993,53971480867.83615,9.464750171115675,0.054729487727806614,0.02461301740549393,0.025718814619013108,1.0
338,Sant,Regular,Regular,Regular,0,OK,1,1948,-777,0,1.0,1996,1998,Western Europe,18488.66584927667,16932.04784205388,379.77,6430283.808976801,48,10955380438.13993,53971480867.83615,11737168626.134588,57448919778.54096,1.8562628336755647,0.04596661968307936,0.0356805586263782,0.03221552248325621,1.0
338,Adami,Regular,Regular,Regular,1,OK,1,1934,-777,0,1.0,1998,2004,Western Europe,21233.001014352474,18488.66584927667,385.03,7118691.011946996,64,11737168626.134588,57448919778.54096,13966035843.2006,74015814861.56413,5.544147843942505,0.02473889667908058,0.03164970031050333,0.04806268231235289,1.0
338,Gonzi,Regular,Regular,Regular,0,OK,1,1953,-777,0,1.0,2004,2013,Western Europe,25611.12142374041,21233.001014352474,400.91,8512522.43666405,51,13966035843.2006,74015814861.56413,15657249414.207613,106221801332.0274,8.966461327857632,0.022910460134038732,0.013454971841008486,0.04834700459429578,1.0
338,Muscat,Regular,Still in Office,Still in Office,0,Leader Still in Office,1,1974,-777,0,-888.0,2013,2015,Western Europe,28906.48112712545,25611.12142374041,425.81,10905471.613442903,39,15657249414.207613,106221801332.0274,16218715225.380728,113181872475.00757,2.8062970568104038,0.04288969687377538,0.01195326621170197,0.021841313979178434,1.0
339,Alia,Regular,Regular,Regular,0,Imprisonment,1,1925,-777,0,1.0,1985,1992,Eastern Europe,2841.7651646645454,3846.0,2956.697,11371456.662,60,7611918756.589334,40098894653.77975,6490489413.913117,47778114919.29238,6.973305954825462,-0.03730164309246916,-0.021046492603747993,0.027358147299913118,1.0
339,Berisha,Regular,Regular,Regular,0,OK,1,1944,-777,0,1.0,1992,1997,Eastern Europe,3526.985640715551,2841.7651646645454,3077.55,8745674.382513372,48,6490489413.913117,47778114919.29238,5650661969.326844,56142944592.630035,5.28952772073922,0.04018749124495258,-0.02156559110385949,0.029179432492148567,1.0
339,Fatos Nano,Regular,Regular,Regular,0,OK,1,1952,-777,0,1.0,1997,1998,Eastern Europe,3873.373152052455,3526.985640715551,3124.52,11020137.174128555,45,5650661969.326844,56142944592.630035,5667997926.22733,57448919778.54096,1.1909650924024642,0.049105319190728136,0.0015339757531586118,0.011630804149898144,1.0
339,Majko,Regular,Regular,Regular,0,OK,1,1967,-777,0,1.0,1998,1999,Eastern Europe,4432.042637455317,3873.373152052455,3104.85,12026242.631150065,31,5667997926.22733,57448919778.54096,5958705754.281805,59628765673.01684,1.0732375085557837,0.0721166620761583,0.025644666056535814,0.018972035530684717,1.0
339,Meta,Regular,Regular,Regular,0,OK,1,1969,-777,0,1.0,1999,2002,Eastern Europe,5608.962344601074,4432.042637455317,3085.19,13673693.62465077,30,5958705754.281805,59628765673.01684,7372352468.581502,67072928019.09664,2.31895961670089,0.08851597359041441,0.07908018802482841,0.04161393281726348,1.0
339,Majko,Regular,Regular,Regular,1,OK,1,1967,-777,0,1.0,2002,2003,Eastern Europe,6004.645238992147,5608.962344601074,3037.51,17037279.211349208,35,7372352468.581502,67072928019.09664,7986208856.843878,69971417637.12488,0.4353182751540041,0.07054475856339804,0.0832646554649179,0.043214001589478857,1.0
339,Fatos Nano,Regular,Regular,Regular,2,OK,1,1952,-777,0,1.0,2002,2005,Eastern Europe,6858.467047357238,5608.962344601074,3037.51,17037279.211349208,50,7372352468.581502,67072928019.09664,9406050257.104614,77968730835.80147,3.1156741957563314,0.05569232890103459,0.0689636651662428,0.04061177563920659,1.0
339,Berisha,Regular,Regular,Regular,1,OK,1,1944,-777,0,1.0,2005,2013,Eastern Europe,9748.72726226394,6858.467047357238,2998.17,20562850.14737505,61,9406050257.104614,77968730835.80147,13637044159.270945,106221801332.0274,8.010951403148528,0.04682387793964349,0.04997957917766291,0.04026267994213331,1.0
339,Rama,Regular,Still in Office,Still in Office,0,Leader Still in Office,1,1964,-777,0,-888.0,2013,2015,Eastern Europe,10192.529179769423,9748.72726226394,2882.28,28098561.61347811,49,13637044159.270945,106221801332.0274,13748749519.361681,113181872475.00757,2.291581108829569,0.01517469599077422,0.002730439206280059,0.021841313979178434,1.0
345,Kolisevski,Regular,Regular,Regular,0,OK,1,1914,2000,0,1.0,1980,1981,Eastern Europe,10106.0,10037.0,21615.0,216949755.0,66,7009938245.912627,35105310712.72682,7076156686.201849,35740398961.4584,0.030116358658453114,0.006874564112782755,0.009446365711970772,0.01809094509741338,1.0
345,Mijatovic,Regular,Regular,Regular,0,OK,1,1912,1993,0,1.0,1980,1981,Eastern Europe,10106.0,10037.0,21615.0,216949755.0,68,7009938245.912627,35105310712.72682,7076156686.201849,35740398961.4584,0.999315537303217,0.006874564112782755,0.009446365711970772,0.01809094509741338,1.0
345,Kraigher,Regular,Regular,Regular,0,OK,1,1914,2001,0,1.0,1981,1982,Eastern Europe,10080.0,10106.0,21707.0,219370942.0,67,7076156686.201849,35740398961.4584,7196757057.577577,36196627164.43434,1.002053388090349,-0.0012863645359192377,0.008521601253607902,0.006382528122698461,1.0
345,Stambolic,Regular,Regular,Regular,0,OK,1,1912,-777,0,1.0,1982,1983,Eastern Europe,9907.0,10080.0,21885.0,220600800.0,70,7196757057.577577,36196627164.43434,7381969034.428931,37212432698.472725,0.9911019849418207,-0.017162698412698463,0.025735477155831132,0.028063541098008127,1.0
345,Spiljac,Regular,Regular,Regular,0,OK,1,1916,2007,0,1.0,1983,1984,Eastern Europe,10029.0,9907.0,22018.0,218132326.0,67,7381969034.428931,37212432698.472725,7489891963.88179,38795331361.618996,1.0075290896646132,0.006157262541637176,0.0073099012573416555,0.021268411500697693,1.0
345,Djuranovic,Regular,Regular,Regular,0,OK,1,1926,1997,0,1.0,1984,1985,Eastern Europe,10009.0,10029.0,22087.0,221510523.0,58,7489891963.88179,38795331361.618996,7611918756.589334,40098894653.77975,0.999315537303217,-0.001994216771363022,0.01629219664262016,0.033601035135129464,1.0
345,Vlajkovic,Regular,Regular,Regular,0,OK,1,1922,2001,0,1.0,1985,1986,Eastern Europe,10299.0,10009.0,22216.0,222359944.0,63,7611918756.589334,40098894653.77975,7838646176.662942,41482688664.595215,0.999315537303217,0.02897392346887795,0.029785843402143408,0.03450953006967805,1.0
345,Hasani,Regular,Regular,Regular,0,OK,1,1922,-777,0,1.0,1986,1987,Eastern Europe,10119.0,10299.0,22339.0,230069361.0,64,7838646176.662942,41482688664.595215,7886429293.475011,42930313200.45056,0.999315537303217,-0.01747742499271776,0.006095837946395344,0.03489707592388691,1.0
345,Mojsov,Regular,Regular,Regular,0,OK,1,1920,-777,0,1.0,1987,1988,Eastern Europe,9884.0,10119.0,22435.0,227019765.0,67,7886429293.475011,42930313200.45056,8045337676.024826,44671815935.24714,1.002053388090349,-0.011611819349738095,0.01007479916679721,0.020282902743629427,1.0
345,Dizarevic,Regular,Regular,Regular,0,OK,1,1926,-777,0,1.0,1988,1989,Eastern Europe,9887.0,9884.0,22536.0,222745824.0,62,8045337676.024826,44671815935.24714,8127570374.057793,46016341267.83971,0.999315537303217,0.0003035208417645485,0.010221161788898092,0.030097843672652225,1.0
345,Milosevic,Regular,Regular,Regular,0,Imprisonment,1,1941,2006,0,1.0,1989,2000,Eastern Europe,8472.589152917037,9887.0,22634.0,223782358.0,48,8127570374.057793,46016341267.83971,6488776651.437299,62796055415.77486,11.397672826830938,-0.011921469666253357,-0.0168028251084248,0.03038723796377074,1.0
345,Kostunica,Regular,Regular,Regular,0,OK,1,1944,-777,0,1.0,2000,2003,Eastern Europe,9686.030682864664,8472.589152917037,22507.0,190692564.06470373,56,6488776651.437299,62796055415.77486,7986208856.843878,69971417637.12488,2.409308692676249,0.04773989422622756,0.07692421781204269,0.038088179126548084,1.0
345,Svetozar Marovic,Regular,Regular,Regular,0,OK,1,1955,-777,0,1.0,2003,2006,Eastern Europe,11598.979315458299,9686.030682864664,22784.0,220686523.0783885,48,7986208856.843878,69971417637.12488,10335993869.819094,82618841699.03532,3.24435318275154,0.04937390493656468,0.073557587057141,0.04518782271748656,1.0
349,Kucan,Regular,Regular,Regular,0,OK,1,1941,-777,0,1.0,1990,1991,Latin America,3493.5760993829613,3378.0,5109.818,17260965.204,49,3546778466.3650002,46715156894.540726,3707932606.8506513,47192014400.92255,1.6700889801505818,0.01710717871269407,0.022718382613111654,0.005103884243162549,1.0
349,Peterle,Regular,Regular,Regular,0,OK,1,1948,-777,0,1.0,1991,1992,Latin America,3750.517218149534,3493.5760993829613,5196.237,18153449.38992942,43,3707932606.8506513,47192014400.92255,3858778563.7832885,47778114919.29238,0.3915126625598905,0.07354673591107797,0.04068195755606219,0.012419485071999414,1.0
349,Drnovsek,Regular,Regular,Regular,0,OK,1,1950,2008,0,1.0,1992,2000,Latin America,5403.714735813695,3750.517218149534,5286.006,19825256.51824175,42,3858778563.7832885,47778114919.29238,5194943343.847668,62796055415.77486,7.969883641341547,0.055098984403537526,0.04328328115938693,0.03929084613805672,1.0
349,Bajuk,Regular,Regular,Regular,0,OK,1,1943,2011,0,1.0,2000,2001,Latin America,5550.186827886887,5403.714735813695,5825.336,31478453.98426601,57,5194943343.847668,62796055415.77486,5279021630.963469,64760587194.60295,0.5420944558521561,0.027105815024326185,0.01618463986048546,0.031284318191976634,1.0
349,Drnovsek,Regular,Regular,Regular,1,OK,1,1950,2008,0,1.0,2000,2002,Latin America,5751.060665261519,5403.714735813695,5825.336,31478453.98426601,50,5194943343.847668,62796055415.77486,5340359249.454948,67072928019.09664,2.0643394934976045,0.021426367257185202,0.009330605807889173,0.022702448293418314,1.0
349,Anton Rop,Regular,Regular,Regular,0,OK,1,1960,-777,0,1.0,2002,2004,Latin America,6145.979871833931,5751.060665261519,5868.695,33751220.97091695,42,5340359249.454948,67072928019.09664,5863197758.565579,74015814861.56413,1.9137577002053388,0.03433446711472432,0.04895162335417724,0.05175625283937768,1.0
349,Janez Jansa,Regular,Regular,Regular,0,OK,1,1958,-777,0,1.0,2004,2008,Latin America,7312.655835061748,6145.979871833931,5887.619,36185187.867027014,46,5863197758.565579,74015814861.56413,7321236617.331129,90277694082.64677,4.032854209445585,0.03796549899470096,0.04973527821521939,0.04394163396430382,1.0
349,Borut Pahor,Regular,Regular,Regular,0,OK,1,1963,-777,0,1.0,2008,2012,Latin America,7726.0,7312.655835061748,5933.968,43393065.72026969,45,7321236617.331129,90277694082.64677,8384594258.468367,102883604981.64182,3.2197125256673513,0.01413112329710653,0.03631072511097422,0.03490870869900231,1.0
349,Janez Jansa,Regular,Regular,Regular,1,Imprisonment,1,1958,-777,0,1.0,2012,2013,Latin America,7845.0,7726.0,6032.632,46608114.831999995,54,8384594258.468367,102883604981.64182,8627080716.534534,106221801332.0274,1.106091718001369,0.007701268444214371,0.014460238062280584,0.016223169624456912,1.0
349,Bratusek,Regular,Regular,Regular,0,OK,0,1970,-777,0,1.0,2013,2014,Latin America,7935.0,7845.0,6120.762,48017377.89,43,8627080716.534534,106221801332.0274,8731076632.536161,109801891452.69542,1.4976043805612593,0.005736137667303964,0.006027294714092024,0.01685195541674822,1.0
349,Cerar,Regular,Still in Office,Still in Office,0,Leader Still in Office,1,1963,-777,0,-888.0,2014,2015,Latin America,8109.0,7935.0,6178.56,49026873.6,51,8731076632.536161,109801891452.69542,8738737945.986675,113181872475.00757,1.2840520191649556,0.01096408317580344,0.0004387381861913342,0.015391269574660749,1.0
350,George I,Regular,Irregular,Unknown,0,Death,1,1845,1913,0,3.0,1863,1913,Western Europe,1876.0,2039.0,3430.0,6993770.0,18,542838877.2314429,735100018.6474429,1463365997.0899105,4396657850.163141,49.96577686516085,-0.001598822952427661,0.03391529820241651,0.09962067034776656,1.0
350,Konstantinos I,Irregular,Foreign,Unknown,0,Exile,1,1868,1923,1,4.0,1913,1917,Western Europe,1352.0,1876.0,5425.0,10177300.0,45,1463365997.0899105,4396657850.163141,1336726010.6665368,3244941421.8856626,4.2354551676933605,-0.05586353944562901,-0.017308040049476815,-0.05239054152165803,1.0
350,Venizelos,Foreign Imposition,Regular,Regular,0,Exile,1,1864,1936,2,1.0,1917,1920,Western Europe,2284.0,1352.0,5580.0,7544160.0,53,1336726010.6665368,3244941421.8856626,1253465965.7360284,3564985722.0261664,3.3949349760438055,0.1723372781065089,-0.015571636271406147,0.024657170849213927,1.0
350,Dimitrios Rallis,Regular,Retired Due to Ill Health,Regular,0,OK,1,1844,1921,0,2.1,1920,1921,Western Europe,3057.0,2284.0,5700.0,13018800.0,76,1253465965.7360284,3564985722.0261664,1261420789.5717978,3494210458.682645,0.06297056810403832,0.3384413309982486,0.006346262326395458,-0.019852888303658167,1.0
350,Konstantinos I,Regular,Irregular,"Removed by Military, without Foreign Support",1,Exile,1,1868,1923,0,3.0,1920,1922,Western Europe,3129.0,2284.0,5700.0,13018800.0,52,1253465965.7360284,3564985722.0261664,1388511639.7295265,3715797650.1647186,1.7932922655715264,0.18498248686514884,0.053868903378720745,0.0211518277908892,1.0
350,Plastiras,Irregular,Regular,Regular,0,OK,1,1883,1953,1,1.0,1922,1923,Western Europe,3169.0,3129.0,5890.0,18429810.0,39,1388511639.7295265,3715797650.1647186,1380847621.4286804,3902172216.269208,0.16700889801505817,0.012783636944710741,-0.005519592404957474,0.050157350763227804,1.0
350,Gonatas,Irregular,Regular,Regular,0,OK,1,1876,1966,1,1.0,1922,1924,Western Europe,3279.0,3129.0,5890.0,18429810.0,46,1388511639.7295265,3715797650.1647186,1492020254.8083704,4177978439.109769,1.158110882956879,0.023969319271332723,0.0372732255593502,0.062191329084424485,1.0
350,Venizelos,Regular,Retired Due to Ill Health,Regular,1,OK,1,1864,1936,0,2.1,1924,1925,Western Europe,3411.0,3279.0,6000.0,19674000.0,60,1492020254.8083704,4177978439.109769,1571703454.783999,4389125672.035584,0.07118412046543464,0.040256175663311966,0.053406245470751124,0.05053813369386506,1.0
350,Kaphantaris,Regular,Regular,Regular,0,OK,1,1873,1946,0,1.0,1924,1925,Western Europe,3411.0,3279.0,6000.0,19674000.0,51,1492020254.8083704,4177978439.109769,1571703454.783999,4389125672.035584,0.06023271731690623,0.040256175663311966,0.053406245470751124,0.05053813369386506,1.0
350,Papanastasiou,Regular,Regular,Regular,0,OK,1,1876,1936,0,1.0,1924,1925,Western Europe,3411.0,3279.0,6000.0,19674000.0,48,1492020254.8083704,4177978439.109769,1571703454.783999,4389125672.035584,0.3668720054757016,0.040256175663311966,0.053406245470751124,0.05053813369386506,1.0
350,Sophoulis,Regular,Regular,Regular,0,OK,1,1861,1949,0,1.0,1924,1925,Western Europe,3411.0,3279.0,6000.0,19674000.0,63,1492020254.8083704,4177978439.109769,1571703454.783999,4389125672.035584,0.2053388090349076,0.040256175663311966,0.053406245470751124,0.05053813369386506,1.0
350,Michalakopoulos,Regular,Irregular,"Removed by Military, without Foreign Support",0,OK,1,1876,1938,0,3.0,1924,1925,Western Europe,3411.0,3279.0,6000.0,19674000.0,48,1492020254.8083704,4177978439.109769,1571703454.783999,4389125672.035584,0.7173169062286106,0.040256175663311966,0.053406245470751124,0.05053813369386506,1.0
350,Pangalos,Irregular,Irregular,"Removed by Military, without Foreign Support",0,Imprisonment,1,1878,1952,1,3.0,1925,1926,Western Europe,3475.0,3411.0,5958.0,20322738.0,47,1571703454.783999,4389125672.035584,1588596213.1365623,4582082014.773711,1.1553730321697468,0.009381413075344458,0.005374028510640727,0.021981182262279297,1.0
350,Kondilis,Irregular,Regular,Regular,0,OK,1,1879,1936,1,1.0,1926,1927,Western Europe,3539.0,3475.0,6042.0,20995950.0,47,1588596213.1365623,4582082014.773711,1668222325.7175775,4698671884.768971,0.28199863107460643,0.018417266187050307,0.050123569427248826,0.025444736610856555,1.0
350,Zaimis,Regular,Regular,Regular,0,OK,1,1855,1936,0,1.0,1926,1928,Western Europe,3561.0,3475.0,6042.0,20995950.0,71,1588596213.1365623,4582082014.773711,1733315926.608084,4861352558.274555,1.5824777549623545,0.012374100719424463,0.04554955887304535,0.03047419738455248,1.0
350,Venizelos,Regular,Regular,Regular,2,OK,1,1864,1936,0,1.0,1928,1932,Western Europe,3649.0,3561.0,6205.0,22096005.0,64,1733315926.608084,4861352558.274555,1630336766.220339,5018502854.988797,3.893223819301848,0.006178039876439223,-0.014852912675484414,0.00808161385285433,1.0
350,Papanastasiou,Regular,Regular,Regular,1,OK,1,1876,1936,0,1.0,1932,1933,Western Europe,3818.0,3649.0,6516.0,23776884.0,56,1630336766.220339,5018502854.988797,1683772438.4682732,5044728874.113239,0.02737850787132101,0.046314058646204526,0.032775849355232145,0.005225865139913521,1.0
350,Venizelos,Regular,Regular,Regular,3,OK,1,1864,1936,0,1.0,1932,1933,Western Europe,3818.0,3649.0,6516.0,23776884.0,68,1630336766.220339,5018502854.988797,1683772438.4682732,5044728874.113239,0.4134154688569473,0.046314058646204526,0.032775849355232145,0.005225865139913521,1.0
350,Tsaldaris,Regular,Regular,Regular,0,OK,1,1868,1936,0,1.0,1932,1933,Western Europe,3818.0,3649.0,6516.0,23776884.0,64,1630336766.220339,5018502854.988797,1683772438.4682732,5044728874.113239,0.1861738535249829,0.046314058646204526,0.032775849355232145,0.005225865139913521,1.0
350,Venizelos,Regular,Regular,Regular,4,OK,1,1864,1936,0,1.0,1933,1934,Western Europe,3854.0,3818.0,6591.0,25164438.0,69,1683772438.4682732,5044728874.113239,1750170813.498129,5285216561.450975,0.13415468856947296,0.009429020429544188,0.03943429261157072,0.047671082696195244,1.0
350,Plastiras,Irregular,Irregular,"Removed by Military, without Foreign Support",1,Exile,1,1883,1953,1,3.0,1933,1934,Western Europe,3854.0,3818.0,6591.0,25164438.0,50,1683772438.4682732,5044728874.113239,1750170813.498129,5285216561.450975,0.010951403148528405,0.009429020429544188,0.03943429261157072,0.047671082696195244,1.0
350,Tsaldaris,Regular,Irregular,"Removed by Military, without Foreign Support",1,OK,1,1868,1936,0,3.0,1933,1935,Western Europe,3953.0,3818.0,6591.0,25164438.0,65,1683772438.4682732,5044728874.113239,1810972054.2332587,5630779125.9489,2.5845311430527036,0.01178627553693031,0.02518147402402726,0.0387236041460323,1.0
350,Kondilis,Irregular,Regular,Regular,1,Exile,1,1879,1936,1,1.0,1935,1936,Western Europe,3913.0,3953.0,6793.0,26852729.0,56,1810972054.2332587,5630779125.9489,1859256600.7743983,5983416185.986538,0.13963039014373715,-0.010118897040222619,0.02666222619408809,0.06262669022347978,1.0
350,Demertzis,Regular,Natural Death,Regular,0,Missing: Natural Death within Six Months of Losing Office,1,1876,1936,0,2.0,1935,1936,Western Europe,3913.0,3953.0,6793.0,26852729.0,59,1810972054.2332587,5630779125.9489,1859256600.7743983,5983416185.986538,0.3668720054757016,-0.010118897040222619,0.02666222619408809,0.06262669022347978,1.0
350,Metaxas,Irregular,Natural Death,Regular,0,Missing: Natural Death within Six Months of Losing Office,1,1871,1941,1,2.0,1936,1941,Western Europe,2987.0,3913.0,6886.0,26944918.0,65,1859256600.7743983,5983416185.986538,2108604563.533836,5616296626.636931,4.772073921971253,-0.04732941477127524,0.026822329166999514,-0.012271235960801753,1.0
350,Korizis,Regular,Natural Death,Regular,0,Missing: Natural Death within Six Months of Losing Office,1,1885,1941,0,2.0,1941,1942,Western Europe,2517.0,2987.0,7362.0,21990294.0,56,2108604563.533836,5616296626.636931,2085465691.892478,5685375444.6349,0.216290212183436,-0.157348510210914,-0.010973547170257114,0.012299709682416449,1.0
350,Tsouderos,Regular,Foreign,Removed through Threat of Foreign Force,0,Exile,1,1882,1956,0,4.0,1941,1942,Western Europe,2517.0,2987.0,7362.0,21990294.0,59,2108604563.533836,5616296626.636931,2085465691.892478,5685375444.6349,0.02190280629705681,-0.157348510210914,-0.010973547170257114,0.012299709682416449,1.0
350,G. Papandreou,Irregular,Regular,Regular,0,OK,1,1888,1968,1,1.0,1944,1945,Western Europe,1495.0,1779.0,7284.0,12958236.0,56,2002685406.139349,5921553827.78953,1747100826.3508208,5516514526.341848,0.2108145106091718,-0.15964024732996063,-0.1276209328759369,-0.06840084768745225,1.0
350,Plastiras,Regular,Regular,Regular,2,OK,1,1883,1953,0,1.0,1945,1946,Western Europe,2209.0,1495.0,7322.0,10946390.0,62,1747100826.3508208,5516514526.341848,1669149353.4137225,5764995899.017727,0.26283367556468173,0.47759197324414715,-0.0446176155155944,0.04504318288103071,1.0
350,Voulgaris,Regular,Regular,Regular,0,OK,1,1884,1957,0,1.0,1945,1946,Western Europe,2209.0,1495.0,7322.0,10946390.0,61,1747100826.3508208,5516514526.341848,1669149353.4137225,5764995899.017727,0.5010266940451745,0.47759197324414715,-0.0446176155155944,0.04504318288103071,1.0
350,Damaskinos,Irregular,Regular,Regular,0,OK,1,1891,1949,1,1.0,1945,1946,Western Europe,2209.0,1495.0,7322.0,10946390.0,54,1747100826.3508208,5516514526.341848,1669149353.4137225,5764995899.017727,0.04106776180698152,0.47759197324414715,-0.0446176155155944,0.04504318288103071,1.0
350,Kanellopoulos,Regular,Regular,Regular,0,OK,1,1902,1986,0,1.0,1945,1946,Western Europe,2209.0,1495.0,7322.0,10946390.0,43,1747100826.3508208,5516514526.341848,1669149353.4137225,5764995899.017727,0.057494866529774126,0.47759197324414715,-0.0446176155155944,0.04504318288103071,1.0
350,Sophoulis,Regular,Regular,Regular,1,OK,1,1861,1949,0,1.0,1945,1946,Western Europe,2209.0,1495.0,7322.0,10946390.0,84,1747100826.3508208,5516514526.341848,1669149353.4137225,5764995899.017727,0.36413415468856947,0.47759197324414715,-0.0446176155155944,0.04504318288103071,1.0
350,Poulitsas,Regular,Regular,Regular,0,OK,1,1881,1968,0,1.0,1946,1947,Western Europe,2810.0,2209.0,7418.0,16386362.0,65,1669149353.4137225,5764995899.017727,1781099018.6128783,5916422135.694958,0.038329911019849415,0.2720688094160253,0.06706989100178351,0.02626649512500645,1.0
350,K. Tsaldaris,Regular,Regular,Regular,0,OK,1,1884,1970,0,1.0,1946,1947,Western Europe,2810.0,2209.0,7418.0,16386362.0,62,1669149353.4137225,5764995899.017727,1781099018.6128783,5916422135.694958,0.7638603696098563,0.2720688094160253,0.06706989100178351,0.02626649512500645,1.0
350,Maximos,Regular,Regular,Regular,0,OK,1,1873,1955,0,1.0,1947,1948,Western Europe,2866.0,2810.0,7529.0,21156490.0,74,1781099018.6128783,5916422135.694958,1908403847.1706734,6499684837.63634,0.5804243668720055,0.01992882562277587,0.07147543579971205,0.09858368597846345,1.0
350,K. Tsaldaris,Regular,Regular,Regular,1,OK,1,1884,1970,0,1.0,1947,1948,Western Europe,2866.0,2810.0,7529.0,21156490.0,63,1781099018.6128783,5916422135.694958,1908403847.1706734,6499684837.63634,0.019164955509924708,0.01992882562277587,0.07147543579971205,0.09858368597846345,1.0
350,Sophoulis,Regular,Natural Death,Regular,2,Missing: Natural Death within Six Months of Losing Office,1,1861,1949,0,2.0,1947,1949,Western Europe,2979.0,2810.0,7529.0,21156490.0,86,1781099018.6128783,5916422135.694958,2063932110.5669043,6839178858.225641,1.7932922655715264,0.030071174377224175,0.07939847504219522,0.07798266430005962,1.0
350,Diomidis,Regular,Regular,Regular,0,OK,1,1875,1950,0,1.0,1949,1950,Western Europe,3052.0,2979.0,7856.0,23403024.0,74,2063932110.5669043,6839178858.225641,2207094034.171331,8767224010.95815,0.5201916495550992,0.02450486740516955,0.06936367861688253,0.28191178980698894,1.0
350,Theotokis,Regular,Regular,Regular,0,OK,1,1880,1961,0,1.0,1950,1951,Western Europe,3287.0,3052.0,7566.028,23091517.456,70,2207094034.171331,8767224010.95815,2335597921.60858,9334940849.93543,0.15879534565366188,0.07699868938401044,0.05822311394425794,0.06475445799807211,1.0
350,S. Venizelos,Regular,Regular,Regular,0,OK,1,1894,1964,0,1.0,1950,1951,Western Europe,3287.0,3052.0,7566.028,23091517.456,56,2207094034.171331,8767224010.95815,2335597921.60858,9334940849.93543,0.06297056810403832,0.07699868938401044,0.05822311394425794,0.06475445799807211,1.0
350,Plastiras,Regular,Regular,Regular,3,OK,1,1883,1953,0,1.0,1950,1951,Western Europe,3287.0,3052.0,7566.028,23091517.456,67,2207094034.171331,8767224010.95815,2335597921.60858,9334940849.93543,0.35044490075290896,0.07699868938401044,0.05822311394425794,0.06475445799807211,1.0
350,S. Venizelos,Regular,Regular,Regular,1,OK,1,1894,1964,0,1.0,1950,1951,Western Europe,3287.0,3052.0,7566.028,23091517.456,56,2207094034.171331,8767224010.95815,2335597921.60858,9334940849.93543,1.1964407939767283,0.03849934469200522,0.02911155697212897,0.032377228999036056,1.0
350,Plastiras,Regular,Retired Due to Ill Health,Regular,4,OK,1,1883,1953,0,2.1,1951,1952,Western Europe,3272.0,3287.0,7646.402,25133723.374,68,2335597921.60858,9334940849.93543,2423157959.4102974,9831337731.891596,0.944558521560575,-0.004563431700638887,0.03748934565818285,0.05317622146042833,1.0
350,Kiousopoulos,Regular,Regular,Regular,0,Missing: No Information Found,1,1892,1977,0,1.0,1952,1953,Western Europe,3681.0,3272.0,7733.25,25303194.0,60,2423157959.4102974,9831337731.891596,2549125467.1776023,10381252161.518972,0.10677618069815195,0.125,0.0519848519483066,0.055934852878009256,1.0
350,Papagos,Regular,Natural Death,Regular,0,Missing: Natural Death within Six Months of Losing Office,1,1883,1955,0,2.0,1952,1955,Western Europe,4007.0,3272.0,7733.25,25303194.0,69,2423157959.4102974,9831337731.891596,2857227492.4186954,11398992120.516134,2.8720054757015743,0.07487775061124695,0.059711272133222616,0.05315161345538525,1.0
350,Stephanopoulos,Regular,Regular,Regular,0,OK,1,1898,1982,0,1.0,1955,1956,Western Europe,4313.0,4007.0,7965.538,31917910.766,57,2857227492.4186954,11398992120.516134,2986791821.8589025,11951387652.483673,0.0054757015742642025,0.07636635887197407,0.04534617204404978,0.048460032793015584,1.0
350,Karamanlis,Regular,Regular,Regular,0,OK,1,1907,1998,0,1.0,1955,1958,Western Europe,4723.0,4007.0,7965.538,31917910.766,48,2857227492.4186954,11398992120.516134,3199437985.087188,12754499113.886679,2.412046543463381,0.05956243240994922,0.03992337485394567,0.03963821184187196,1.0
350,Georgakopoulos,Regular,Regular,Regular,0,OK,1,1890,1978,0,1.0,1958,1959,Western Europe,4846.0,4723.0,8173.129,38601688.267,68,3199437985.087188,12754499113.886679,3353343631.0628824,13330790435.611374,0.1998631074606434,0.026042769426212198,0.0481039628500568,0.04518337541748285,1.0
350,Karamanlis,Regular,Regular,Regular,1,OK,1,1907,1998,0,1.0,1958,1961,Western Europe,5408.0,4723.0,8173.129,38601688.267,51,3199437985.087188,12754499113.886679,3755916911.1986747,14545646569.21639,3.345653661875428,0.036258733855600245,0.04348255292845771,0.035108149668134914,1.0
350,Dovas,Regular,Regular,Regular,0,OK,1,1898,1973,0,1.0,1961,1962,Western Europe,5577.0,5408.0,8398.05,45416654.4,63,3755916911.1986747,14545646569.21639,3938314250.74158,15291081770.15114,0.12320328542094455,0.03125,0.04856266628238437,0.05124799350702958,1.0
350,Karamanlis,Regular,Regular,Regular,2,Exile,1,1907,1998,0,1.0,1961,1963,Western Europe,6122.0,5408.0,8398.05,45416654.4,54,3755916911.1986747,14545646569.21639,4123973043.0297213,15991243735.72246,1.5989048596851472,0.0660133136094675,0.04899684158795514,0.0496917465864134,1.0
350,Pipinelis,Regular,Regular,Regular,0,OK,1,1899,1970,0,1.0,1963,1964,Western Europe,6601.0,6122.0,8479.625,51912264.25,64,4123973043.0297213,15991243735.72246,4366299249.677136,17168846684.352207,0.28473648186173856,0.07824240444299257,0.05876037600609241,0.07364048526126377,1.0
350,Mavromichalis,Regular,Regular,Regular,0,OK,1,1900,1981,0,1.0,1963,1964,Western Europe,6601.0,6122.0,8479.625,51912264.25,63,4123973043.0297213,15991243735.72246,4366299249.677136,17168846684.352207,0.10951403148528405,0.07824240444299257,0.05876037600609241,0.07364048526126377,1.0
350,G. Papandreou,Regular,Regular,Regular,1,OK,1,1888,1968,0,1.0,1963,1964,Western Europe,6601.0,6122.0,8479.625,51912264.25,75,4123973043.0297213,15991243735.72246,4366299249.677136,17168846684.352207,0.12594113620807665,0.07824240444299257,0.05876037600609241,0.07364048526126377,1.0
350,Paraskevopoulos,Regular,Regular,Regular,0,OK,1,1900,1984,0,1.0,1963,1964,Western Europe,6601.0,6122.0,8479.625,51912264.25,63,4123973043.0297213,15991243735.72246,4366299249.677136,17168846684.352207,0.13415468856947296,0.07824240444299257,0.05876037600609241,0.07364048526126377,1.0
350,G. Papandreou,Regular,Irregular,"Removed by Other Government Actors, without Foreign Support",2,OK,1,1888,1968,0,3.0,1964,1965,Western Europe,7187.0,6601.0,8510.429,56177341.829,76,4366299249.677136,17168846684.352207,4551506105.075526,18075505373.698357,1.404517453798768,0.04438721405847601,0.021208676365011447,0.02640418153924351,1.0
350,Athaniadis-Novas,Irregular,Regular,Regular,0,OK,1,1893,1987,1,1.0,1965,1966,Western Europe,7570.0,7187.0,8550.333,61451243.271000005,72,4551506105.075526,18075505373.698357,4721025354.358864,19030818060.72169,0.057494866529774126,0.05329066369834434,0.037244649434678534,0.052851229731778915,1.0
350,Tsirimokos,Regular,Regular,Regular,0,OK,1,1907,1968,0,1.0,1965,1966,Western Europe,7570.0,7187.0,8550.333,61451243.271000005,58,4551506105.075526,18075505373.698357,4721025354.358864,19030818060.72169,0.024640657084188913,0.05329066369834434,0.037244649434678534,0.052851229731778915,1.0
350,Stephanopoulos,Regular,Regular,Regular,1,Imprisonment,1,1898,1982,0,1.0,1965,1966,Western Europe,7570.0,7187.0,8550.333,61451243.271000005,67,4551506105.075526,18075505373.698357,4721025354.358864,19030818060.72169,1.2621492128678986,0.02664533184917217,0.018622324717339267,0.026425614865889457,1.0
350,Paraskevopoulos,Regular,Regular,Regular,1,OK,1,1900,1984,0,1.0,1966,1967,Western Europe,7892.0,7570.0,8613.651,65205338.07,66,4721025354.358864,19030818060.72169,4885215535.342881,19784467002.851566,0.2683093771389459,0.04253632760898274,0.034778500147732316,0.03960150003668805,1.0
350,Kanellopoulos,Regular,Irregular,"Removed by Military, without Foreign Support",1,Imprisonment,1,1902,1986,0,3.0,1967,1968,Western Europe,8394.0,7892.0,8716.441,68790152.37200001,65,4885215535.342881,19784467002.851566,5144807139.722397,20870428352.946007,0.049281314168377825,0.06360871768879872,0.05313820905166988,0.05488959343397615,1.0
350,Kollias,Irregular,Irregular,"Removed by Military, without Foreign Support",0,Exile,1,1901,1998,1,3.0,1967,1968,Western Europe,8394.0,7892.0,8716.441,68790152.37200001,66,4885215535.342881,19784467002.851566,5144807139.722397,20870428352.946007,0.6461327857631759,0.06360871768879872,0.05313820905166988,0.05488959343397615,1.0
350,Papadopoulos,Irregular,Irregular,"Removed by Military, without Foreign Support",0,Imprisonment,1,1919,1999,1,3.0,1967,1973,Western Europe,12202.0,7892.0,8716.441,68790152.37200001,48,4885215535.342881,19784467002.851566,6477801404.395305,28100062467.301537,5.952087611225188,0.09102044264233822,0.054333524540544964,0.07005154989561113,1.0
350,Ionannides,Irregular,Regular,Regular,0,Imprisonment,1,1923,1999,1,1.0,1973,1974,Western Europe,11716.0,12202.0,8929.086,108952707.372,50,6477801404.395305,28100062467.301537,6614147085.960016,27746656042.65312,0.6598220396988365,-0.039829536141616106,0.021048141653771335,-0.012576713132209538,1.0
350,Karamanlis,Regular,Regular,Regular,3,OK,1,1907,1998,0,1.0,1974,1980,Western Europe,14300.0,11716.0,8962.023,104999061.468,67,6614147085.960016,27746656042.65312,7673220767.468521,35105310712.72682,5.793292265571527,0.03675884829862297,0.026687081184829358,0.044201450550543954,1.0
350,Georgios Rallis,Regular,Regular,Regular,0,OK,1,1918,2006,0,1.0,1980,1981,Western Europe,14180.0,14300.0,9642.505,137887821.5,62,7673220767.468521,35105310712.72682,7687644422.970206,35740398961.4584,1.4510609171800137,-0.004195804195804176,0.0009398697065277073,0.00904547254870669,1.0
350,A. Papandreou,Regular,Regular,Regular,0,OK,1,1919,1996,0,1.0,1981,1989,Western Europe,16117.0,14180.0,9729.35,137962183.0,62,7687644422.970206,35740398961.4584,9473954827.195541,46016341267.83971,7.696098562628337,0.01707510578279267,0.029045151966315436,0.03593952014029922,1.0
350,Tzannetakis,Regular,Regular,Regular,0,OK,1,1927,2010,0,1.0,1989,1990,Western Europe,15964.0,16117.0,10030.765,161665839.505,62,9473954827.195541,46016341267.83971,9591381662.310999,46715156894.540726,0.27652292950034224,-0.009493081839051953,0.012394700761964472,0.015186249220326742,1.0
350,Grivas,Regular,Regular,Regular,0,OK,1,1923,-777,0,1.0,1989,1990,Western Europe,15964.0,16117.0,10030.765,161665839.505,66,9473954827.195541,46016341267.83971,9591381662.310999,46715156894.540726,0.11772758384668036,-0.009493081839051953,0.012394700761964472,0.015186249220326742,1.0
350,Zolotas,Regular,Regular,Regular,0,OK,1,1904,2004,0,1.0,1989,1990,Western Europe,15964.0,16117.0,10030.765,161665839.505,85,9473954827.195541,46016341267.83971,9591381662.310999,46715156894.540726,0.36413415468856947,-0.009493081839051953,0.012394700761964472,0.015186249220326742,1.0
350,Mitsotakis,Regular,Regular,Regular,0,OK,1,1918,-777,0,1.0,1990,1993,Western Europe,16331.314704388997,15964.0,10129.603,161708982.292,72,9591381662.310999,46715156894.540726,10036021182.921669,48709321632.52854,3.5071868583162216,0.005752234784342836,0.011589558633608166,0.010671936425738826,1.0
350,A. Papandreou,Regular,Retired Due to Ill Health,Regular,1,Missing: Natural Death within Six Months of Losing Office,1,1919,1996,0,2.1,1993,1995,Western Europe,17148.197198638813,16331.314704388997,10346.87,168977990.1754014,74,10036021182.921669,48709321632.52854,10692216620.49292,51854384806.948204,2.102669404517454,0.016673131935713698,0.021794674257560025,0.02152266458116962,1.0
350,Tsokhatzopulos,Regular,Regular,Regular,0,OK,1,1939,-777,0,1.0,1995,1996,Western Europe,17719.55738038829,17148.197198638813,10421.53,178710451.55153036,56,10692216620.49292,51854384806.948204,10955380438.13993,53971480867.83615,0.17248459958932238,0.03331896496938058,0.024612653015523955,0.040827715317997004,1.0
350,Simitis,Regular,Regular,Regular,0,OK,1,1936,-777,0,1.0,1996,2004,Western Europe,25780.385093078436,17719.55738038829,10467.57,185480707.24823105,60,10955380438.13993,53971480867.83615,13966035843.2006,74015814861.56413,8.131416837782341,0.05054570520048802,0.03053451855166789,0.041265279101366695,1.0
350,Konstantinos Karamanlis,Regular,Regular,Regular,0,OK,1,1956,-777,0,1.0,2004,2009,Western Europe,27839.897516969475,25780.385093078436,10809.3,278667916.5866127,48,13966035843.2006,74015814861.56413,14958221818.962029,90134685455.90204,5.574264202600959,0.013314466382453816,0.011840462902297344,0.03629600562277561,1.0
350,Georgios Papandreou,Regular,Regular,Regular,0,OK,1,1952,-777,0,1.0,2009,2011,Western Europe,24349.0,27839.897516969475,10959.14,305101334.47412086,57,14958221818.962029,90134685455.90204,15705849653.539999,99528621997.01219,2.0971937029431897,-0.04179729846157709,0.016660354499940782,0.03474036842234315,1.0
350,Loukas Papadimos,Regular,Regular,Regular,0,OK,1,1947,-777,0,1.0,2011,2012,Western Europe,22746.20629506483,24349.0,10957.08,266793940.92,64,15705849653.539999,99528621997.01219,15627800975.63663,102883604981.64182,0.5119780971937029,-0.06582585342047609,-0.004969401823210373,0.03370872536274372,1.0
350,Panagiotis Pikrammenos,Regular,Regular,Regular,0,OK,1,1945,-777,0,1.0,2012,2013,Western Europe,22335.270364176395,22746.20629506483,10897.95,247887018.89330176,67,15627800975.63663,102883604981.64182,15657249414.207613,106221801332.0274,0.09582477754962354,-0.018066130481617648,0.0018843622731625764,0.032446339248913825,1.0
350,Antonis Konstantinou Samaras,Regular,Regular,Regular,0,Missing: Left Office after 2014-12-31,1,1951,-777,0,1.0,2012,2015,Western Europe,22696.202299403438,22746.20629506483,10897.95,247887018.89330176,61,15627800975.63663,102883604981.64182,16218715225.380728,113181872475.00757,2.6009582477754964,-0.0007327814729884604,0.012603911253313246,0.03336543107849351,1.0
350,Alexis Tsipras,Regular,Still in Office,Still in Office,0,Leader Still in Office,1,1974,-777,0,-888.0,2015,2016,Western Europe,22679.809820485447,22696.202299403438,10676.84,242323720.5583626,41,16218715225.380728,113181872475.00757,16530187284.867537,116773716558.88167,0.9281314168377823,-0.0007222564683617705,0.019204484150469936,0.03173515338922517,1.0
352,Makarios,Regular,Irregular,"Removed by Military, with Foreign Support",0,Exile,1,1913,1977,0,3.0,1960,1974,Eastern Europe,6503.0,3496.0,573.0,2003208.0,47,2568021700.753384,14025367456.334517,5132166567.783639,27746656042.65312,13.911019849418206,0.0614375612945407,0.07132073873602526,0.06987995465582218,1.0
352,Sampson,Irregular,Irregular,"Irregular, Other",0,Imprisonment,1,1935,2001,1,3.0,1974,1975,Eastern Europe,5528.0,6503.0,640.7,4166472.1,39,5132166567.783639,27746656042.65312,5247575301.818041,28234680865.07181,0.019164955509924708,-0.1499308011686914,0.022487332106261304,0.017588599565601104,1.0
352,Clerides,Regular,Regular,Regular,0,OK,1,1919,-777,0,1.0,1974,1975,Eastern Europe,5528.0,6503.0,640.7,4166472.1,55,5132166567.783639,27746656042.65312,5247575301.818041,28234680865.07181,0.3750855578370979,-0.1499308011686914,0.022487332106261304,0.017588599565601104,1.0
352,Makarios,Regular,Natural Death,Regular,1,Missing: Natural Death within Six Months of Losing Office,1,1913,1977,0,2.0,1974,1977,Eastern Europe,7704.0,6503.0,640.7,4166472.1,61,5132166567.783639,27746656042.65312,5613559997.961155,30733214214.56724,2.6557152635181382,0.061561330667896895,0.03126642025477677,0.03587889614906007,1.0
352,Kyprianou,Regular,Regular,Regular,0,OK,1,1932,2002,0,1.0,1977,1988,Eastern Europe,13748.0,7704.0,598.4,4610073.6,45,5613559997.961155,30733214214.56724,8045337676.024826,44671815935.24714,10.570841889117043,0.0713206834702162,0.03938155076031629,0.04123049421789033,1.0
352,Vassiliou,Regular,Regular,Regular,0,OK,1,1931,-777,0,1.0,1988,1993,Eastern Europe,16439.239293047358,13748.0,664.217,9131655.316,57,8045337676.024826,44671815935.24714,6025166797.226061,48709321632.52854,5.002053388090349,0.032625827914937434,-0.04184972216515104,0.015063583203982081,1.0
352,Clerides,Regular,Regular,Regular,1,OK,1,1919,-777,0,1.0,1993,2003,Eastern Europe,24347.07540799384,16439.239293047358,740.52,12173585.48128743,74,6025166797.226061,48709321632.52854,7986208856.843878,69971417637.12488,9.998631074606434,0.04810341874085951,0.03254751487578178,0.043650979508606635,1.0
352,Tassos Nikolaou Papadopoulos,Regular,Regular,Regular,0,OK,1,1934,2008,0,1.0,2003,2008,Eastern Europe,28736.97452004266,24347.07540799384,855.21,20821862.359670416,69,7986208856.843878,69971417637.12488,12119152884.325518,90277694082.64677,4.999315537303217,0.03606099737636241,0.10350202709611991,0.0580416322299806,1.0
352,Dimitris Christofias,Regular,Regular,Regular,0,OK,1,1946,-777,0,1.0,2008,2013,Eastern Europe,24281.811791416196,28736.97452004266,936.55,26913613.48674595,62,12119152884.325518,90277694082.64677,13637044159.270945,106221801332.0274,5.002053388090349,-0.02583873681343409,0.02087455134630482,0.02943530221094674,1.0
352,Anastasiades,Regular,Still in Office,Still in Office,0,Leader Still in Office,1,1946,-777,0,-888.0,2013,2015,Eastern Europe,25081.50298693859,24281.811791416196,1026.21,24918238.078469217,67,13637044159.270945,106221801332.0274,13748749519.361681,113181872475.00757,2.836413415468857,0.010977917715968418,0.002730439206280059,0.021841313979178434,1.0
365,Stalin,Regular,Natural Death,Regular,0,Missing: Natural Death within Six Months of Losing Office,1,1879,1953,0,2.0,1923,1953,Eastern Europe,3849.794948499366,775.4367798364415,,,44,255995894.07772726,3902172216.269208,1691296662.3170233,10381252161.518972,29.987679671457904,0.13215597749143745,0.18689111836607558,0.055345925176723654,1.0
365,Malenkov,Regular,Regular,Regular,0,OK,1,1902,1988,0,1.0,1953,1954,Eastern Europe,4108.752259979994,3849.794948499366,107302.806,413093800.49860746,51,1691296662.3170233,10381252161.518972,1786619226.67108,10684681554.893536,0.038329911019849415,0.06726522190008288,0.056360641203813344,0.029228592914765095,1.0
365,Khrushchev,Regular,Regular,Regular,0,OK,1,1894,1971,0,1.0,1953,1964,Eastern Europe,6754.0,3849.794948499366,107302.806,413093800.49860746,59,1691296662.3170233,10381252161.518972,3144576790.6990747,17168846684.352207,11.572895277207392,0.06286492939562666,0.07160581585921101,0.05448599726721278,1.0
365,Brezhnev,Regular,Natural Death,Regular,0,Missing: Natural Death within Six Months of Losing Office,1,1906,1982,0,2.0,1964,1982,Eastern Europe,12267.0,6754.0,125521.51,847772278.54,58,3144576790.6990747,17168846684.352207,7196757057.577577,36196627164.43434,18.069815195071868,0.042960896466811095,0.06782236842044853,0.058330192408519645,1.0
365,Andropov,Regular,Natural Death,Regular,0,Missing: Natural Death within Six Months of Losing Office,1,1914,1984,0,2.0,1982,1984,Eastern Europe,12379.0,12267.0,140821.82,1727461265.94,68,7196757057.577577,36196627164.43434,7489891963.88179,38795331361.618996,1.2484599589322383,0.0045650933398548865,0.020365763632076983,0.03589704898994095,1.0
365,Chernenko,Regular,Natural Death,Regular,0,Missing: Natural Death within Six Months of Losing Office,1,1911,1985,0,2.0,1984,1985,Eastern Europe,12475.0,12379.0,142922.263,1769234693.677,73,7489891963.88179,38795331361.618996,7611918756.589334,40098894653.77975,1.0704996577686516,0.00387753453429196,0.00814609832131008,0.016800517567564732,1.0
365,Gorbachev,Regular,Irregular,"Removed by Military, without Foreign Support",0,OK,1,1931,-777,0,3.0,1985,1991,Eastern Europe,12012.235520911763,12475.0,143937.997,1795626512.575,54,7611918756.589334,40098894653.77975,7360980657.126314,47192014400.92255,6.444900752908967,-0.005299335575015591,-0.004709495866893747,0.025270093596579595,1.0
365,Yeltsin,Regular,Regular,Regular,0,OK,1,1931,2007,0,1.0,1991,1999,Eastern Europe,9340.029375033197,12012.235520911763,148397.82,1782589564.6298702,60,7360980657.126314,47192014400.92255,5958705754.281805,59628765673.01684,8.361396303901437,-0.02471744692897688,-0.02116678874674634,0.029281675512200806,1.0
365,Putin,Regular,Still in Office,Still in Office,0,Leader Still in Office,1,1952,-777,0,-888.0,2000,2015,Eastern Europe,23607.954048943615,10552.884609580398,146600.43,1547057421.5048685,48,6488776651.437299,62796055415.77486,13748749519.361681,113181872475.00757,15.997262149212867,0.07731931790663674,0.06992817423370032,0.05014827038659761,1.0
366,Savisaar,Regular,Regular,Regular,0,OK,1,1950,-777,0,1.0,1991,1992,Eastern Europe,13214.387635358005,15350.634870336899,1559.55,23940082.61203391,41,7360980657.126314,47192014400.92255,6490489413.913117,47778114919.29238,0.3805612594113621,-0.13916344522707091,-0.11825750993795325,0.012419485071999414,1.0
366,Vahi,Regular,Regular,Regular,0,OK,1,1947,-777,0,1.0,1992,1993,Eastern Europe,12207.18423909829,13214.387635358005,1528.72,20201098.66592449,45,6490489413.913117,47778114919.29238,6025166797.226061,48709321632.52854,0.6899383983572895,-0.07622020967242715,-0.07169299370392368,0.01949023553585505,1.0
366,Laar,Regular,Regular,Regular,0,OK,1,1960,-777,0,1.0,1992,1994,Eastern Europe,12070.060563027124,13214.387635358005,1528.72,20201098.66592449,32,6490489413.913117,47778114919.29238,5486506564.154744,50046959415.1475,2.028747433264887,-0.028865685491395305,-0.051561743433719075,0.015829035948695298,1.0
366,Tarand,Regular,Regular,Regular,0,OK,1,1940,-777,0,1.0,1994,1995,Eastern Europe,12881.278503808462,12070.060563027124,1467.54,17713296.678664826,54,5486506564.154744,50046959415.1475,5419076683.2884445,51854384806.948204,0.4380561259411362,0.06720910276674608,-0.012290130354867812,0.03611458943604995,1.0
366,Vahi,Regular,Regular,Regular,1,OK,1,1947,-777,0,1.0,1995,1997,Eastern Europe,15074.7754666063,12881.278503808462,1446.51,18632898.16854398,48,5419076683.2884445,51854384806.948204,5650661969.326844,56142944592.630035,1.9164955509924708,0.08514282810317741,0.021367596324349036,0.04135194932548103,1.0
366,Siimann,Regular,Regular,Regular,0,OK,1,1946,-777,0,1.0,1997,1999,Eastern Europe,15335.106288821029,15074.7754666063,1404.46,21171919.151829883,51,5650661969.326844,56142944592.630035,5958705754.281805,59628765673.01684,2.020533880903491,0.005756433383069082,0.018171545601034438,0.020696106493165,1.0
366,Laar,Regular,Regular,Regular,1,OK,1,1960,-777,0,1.0,1999,2002,Eastern Europe,18589.149478156778,15335.106288821029,1377.68,21126869.231982958,39,5958705754.281805,59628765673.01684,7372352468.581502,67072928019.09664,2.847364818617385,0.07073189077943505,0.07908018802482841,0.04161393281726348,1.0
366,Kallas,Regular,Regular,Regular,0,OK,1,1948,-777,0,1.0,2002,2003,Eastern Europe,19771.742979817005,18589.149478156778,1381.98,25689832.795823105,54,7372352468.581502,67072928019.09664,7986208856.843878,69971417637.12488,1.1964407939767283,0.03180870386377377,0.04163232773245895,0.021607000794739428,1.0
366,Parts,Regular,Regular,Regular,0,OK,1,1966,-777,0,1.0,2003,2005,Eastern Europe,22518.54124166039,19771.742979817005,1373.69,27160245.61394482,37,7986208856.843878,69971417637.12488,9406050257.104614,77968730835.80147,2.0095824777549622,0.04630848284590313,0.05926222006427939,0.03809799995835935,1.0
366,Ansip,Regular,Regular,Regular,0,OK,1,1956,-777,0,1.0,2005,2014,Eastern Europe,23982.82757600065,22518.54124166039,1357.41,30566893.066842232,49,9406050257.104614,77968730835.80147,13806769998.640896,109801891452.69542,8.950034223134839,0.007225089753698708,0.05198450431427028,0.04536456869832017,1.0
366,Roivas,Regular,Still in Office,Still in Office,0,Leader Still in Office,1,1979,-777,0,-888.0,2014,2015,Eastern Europe,24473.65989948074,23982.82757600065,1314.35,31521829.424516454,35,13806769998.640896,109801891452.69542,13748749519.361681,113181872475.00757,1.7659137577002053,0.01023299529475119,-0.0021011604917343663,0.015391269574660749,1.0
369,Kravchuk,Regular,Regular,Regular,0,OK,1,1934,-777,0,1.0,1990,1994,Eastern Europe,5585.413321986644,9607.0,51622.275,495935195.925,56,7833175413.821,46715156894.540726,5486506564.154744,50046959415.1475,4.002737850787132,-0.08372200849408465,-0.059916157259181244,0.014264331930333895,1.0
369,Kuchma,Regular,Regular,Regular,0,OK,1,1938,-777,0,1.0,1994,2005,Eastern Europe,8496.676338957132,5585.413321986644,51637.84,288418679.4546148,56,5486506564.154744,50046959415.1475,9406050257.104614,77968730835.80147,10.516084873374401,0.047384187886011044,0.06494517954876974,0.0507192222282103,1.0
369,Yushchenko,Regular,Regular,Regular,0,OK,1,1954,-777,0,1.0,2005,2010,Eastern Europe,9601.208608595822,8496.676338957132,47002.64,399366219.15652,51,9406050257.104614,77968730835.80147,12280534834.274876,95439312780.60913,5.089664613278576,0.02166596728680888,0.050933255698889034,0.03734527452550155,1.0
369,Yanukovych,Regular,Regular,Regular,0,Exile,1,1950,-777,0,1.0,2010,2014,Eastern Europe,9817.459393841984,9601.208608595822,45768.17,439429747.803677,60,12280534834.274876,95439312780.60913,13806769998.640896,109801891452.69542,3.991786447638604,0.005630821963720167,0.031070209582939157,0.03762228125296291,1.0
369,Oleksandr Turchynov,Regular,Regular,Regular,0,OK,1,1964,-777,0,1.0,2014,2015,Eastern Europe,8959.173499131002,9817.459393841984,44943.74,441233342.4573917,50,13806769998.640896,109801891452.69542,13748749519.361681,113181872475.00757,0.28473648186173856,-0.08742444050742326,-0.0042023209834687325,0.030782539149321497,1.0
369,Petro Poroshenko,Regular,Still in Office,Still in Office,0,Leader Still in Office,1,1965,-777,0,-888.0,2014,2015,Eastern Europe,8959.173499131002,9817.459393841984,44943.74,441233342.4573917,49,13806769998.640896,109801891452.69542,13748749519.361681,113181872475.00757,1.566050650239562,-0.04371222025371163,-0.0021011604917343663,0.015391269574660749,1.0
370,Shushkevich,Regular,Regular,Regular,0,OK,1,1934,-777,0,1.0,1991,1994,Eastern Europe,7932.001039288072,11170.761076510915,10205.71,114005548.0261582,57,7360980657.126314,47192014400.92255,5486506564.154744,50046959415.1475,2.3572895277207393,-0.09664396827395756,-0.0848833500265056,0.020165452781697308,1.0
370,Kuznyatsu,Regular,Regular,Regular,0,OK,1,1947,-777,0,1.0,1994,1995,Eastern Europe,6993.622120912842,7932.001039288072,10238.61,81212665.16086525,47,5486506564.154744,50046959415.1475,5419076683.2884445,51854384806.948204,0.0054757015742642025,-0.11830292428446954,-0.012290130354867812,0.03611458943604995,1.0
370,Hryb,Regular,Regular,Regular,0,OK,1,1938,-777,0,1.0,1994,1995,Eastern Europe,6993.622120912842,7932.001039288072,10238.61,81212665.16086525,56,5486506564.154744,50046959415.1475,5419076683.2884445,51854384806.948204,0.4736481861738535,-0.11830292428446954,-0.012290130354867812,0.03611458943604995,1.0
370,Lukashenko,Regular,Still in Office,Still in Office,0,Leader Still in Office,1,1954,-777,0,-888.0,1994,2015,Eastern Europe,18122.864046120045,7932.001039288072,10238.61,81212665.16086525,40,5486506564.154744,50046959415.1475,13748749519.361681,113181872475.00757,21.44832306639288,0.05839901475941631,0.0684509338633791,0.0573415210231454,1.0
371,Ter-Petrosyan,Regular,Regular,Regular,0,OK,1,1945,-777,0,1.0,1991,1998,Eastern Europe,4994.053039773923,8141.671123568718,3434.16,27959801.30571475,46,7360980657.126314,47192014400.92255,5667997926.22733,57448919778.54096,6.3025325119780975,-0.055229414137683945,-0.03285631182967008,0.031049155570142112,1.0
371,Kocharian,Regular,Regular,Regular,0,OK,1,1954,-777,0,1.0,1998,2008,Eastern Europe,10080.81283336882,4994.053039773923,2971.93,14841976.050495313,44,5667997926.22733,57448919778.54096,12119152884.325518,90277694082.64677,10.17659137577002,0.09259667545092011,0.10347015651516646,0.05194934977281795,1.0
371,Sarkisyan,Regular,Still in Office,Still in Office,0,Leader Still in Office,1,1954,-777,0,-888.0,2008,2015,Eastern Europe,10076.35190972202,10080.81283336882,2943.46,29672469.342507787,54,12119152884.325518,90277694082.64677,13748749519.361681,113181872475.00757,7.72621492128679,-5.5314533169814606e-05,0.016808070772254907,0.03171350717513985,1.0
373,Mutalibov,Regular,Regular,Regular,0,OK,1,1938,-777,0,1.0,1991,1992,Eastern Europe,5638.997906821178,7319.136465234125,7299.58,53426622.15889372,53,7360980657.126314,47192014400.92255,6490489413.913117,47778114919.29238,0.4928131416837782,-0.22955420579922237,-0.11825750993795325,0.012419485071999414,1.0
373,Mamedov,Regular,Regular,Regular,0,Missing: No Information Found,1,1941,-777,0,1.0,1992,1993,Eastern Europe,4315.356714259613,5638.997906821178,7411.83,41795293.85571441,51,6490489413.913117,47778114919.29238,6025166797.226061,48709321632.52854,0.188911704312115,-0.2347298605946334,-0.07169299370392368,0.01949023553585505,1.0
373,Mutalibov,Regular,Irregular,"Popular Protest, without Foreign Support",1,Exile,1,1938,-777,0,3.0,1992,1993,Eastern Europe,4315.356714259613,5638.997906821178,7411.83,41795293.85571441,54,6490489413.913117,47778114919.29238,6025166797.226061,48709321632.52854,0.010951403148528405,-0.2347298605946334,-0.07169299370392368,0.01949023553585505,1.0
373,Gambarov,Irregular,Regular,Regular,0,OK,1,1957,-777,1,1.0,1992,1993,Eastern Europe,4315.356714259613,5638.997906821178,7411.83,41795293.85571441,35,6490489413.913117,47778114919.29238,6025166797.226061,48709321632.52854,0.07665982203969883,-0.2347298605946334,-0.07169299370392368,0.01949023553585505,1.0
373,Abulfaz Elchibey,Irregular,Irregular,"Removed by Rebels, without Foreign Support",0,OK,1,1938,2000,1,3.0,1992,1993,Eastern Europe,4315.356714259613,5638.997906821178,7411.83,41795293.85571441,54,6490489413.913117,47778114919.29238,6025166797.226061,48709321632.52854,1.0047912388774811,-0.1173649302973167,-0.03584649685196184,0.009745117767927525,1.0
373,H. Aliyev,Regular,Retired Due to Ill Health,Regular,0,OK,1,1923,2003,0,2.1,1993,2003,Eastern Europe,5408.522989622949,4315.356714259613,7528.1,32486436.880617794,70,6025166797.226061,48709321632.52854,7986208856.843878,69971417637.12488,10.11088295687885,0.023029093279211856,0.029588649887074346,0.03968270864418785,1.0
373,Ilhma Aliyev,Regular,Still in Office,Still in Office,0,Leader Still in Office,1,1961,-777,0,-888.0,2003,2015,Eastern Europe,17463.75738662594,5408.522989622949,8319.21,44994638.54050113,42,7986208856.843878,69971417637.12488,13748749519.361681,113181872475.00757,12.407939767282683,0.17145637073663095,0.055504729039905845,0.047503412873716504,1.0
375,Svinhufud,Regular,Retired Due to Ill Health,Regular,0,OK,1,1861,1944,0,2.1,1917,1918,Western Europe,2184.0,2520.0,3124.0,7872480.0,56,1336726010.6665368,3244941421.8856626,1276591570.3354573,3237619941.9560475,1.0403832991101984,-0.06666666666666665,-0.022493181045042443,-0.0011281374573104963,1.0
375,Mannerheim,Regular,Regular,Regular,0,OK,1,1867,1951,0,1.0,1918,1919,Western Europe,2643.0,2184.0,3125.0,6825000.0,51,1276591570.3354573,3237619941.9560475,1202528297.9692886,3233683011.2296357,0.5475701574264202,0.21016483516483508,-0.0580164197282822,-0.0012159953289740955,1.0
375,Stahlberg,Regular,Regular,Regular,0,OK,1,1865,1952,0,1.0,1919,1925,Western Europe,3711.0,2643.0,3117.0,8238231.0,54,1202528297.9692886,3233683011.2296357,1571703454.783999,4389125672.035584,5.598904859685147,0.0673477109345441,0.05116652382015141,0.05955245957387878,1.0
375,Relander,Regular,Regular,Regular,0,OK,1,1883,1942,0,1.0,1925,1931,Western Europe,4114.0,3711.0,3304.0,12261144.0,42,1571703454.783999,4389125672.035584,1676095510.981353,5274746126.337196,5.9958932238193015,0.018099344291745274,0.011069948328950807,0.03362934216960193,1.0
375,Svinhufud,Regular,Regular,Regular,1,OK,1,1861,1944,0,1.0,1931,1937,Western Europe,5485.0,4114.0,3476.0,14300264.0,70,1676095510.981353,5274746126.337196,1954264520.2823267,6283610123.956657,5.9986310746064335,0.05554205153135635,0.02766041746810577,0.03187717391054864,1.0
375,Kallio,Regular,Retired Due to Ill Health,Regular,0,Missing: Natural Death within Six Months of Losing Office,1,1873,1940,0,2.1,1937,1940,Western Europe,5133.0,5485.0,3626.0,19888610.0,64,1954264520.2823267,6283610123.956657,2091568654.234436,6033654014.749514,3.7453798767967146,-0.016043755697356415,0.01756468130684191,-0.0099447652017019,1.0
375,Ryti,Regular,Regular,Regular,0,Imprisonment,1,1889,1956,0,1.0,1940,1944,Western Europe,5874.0,5133.0,3698.0,18981834.0,51,2091568654.234436,6033654014.749514,2002685406.139349,5921553827.78953,3.6167008898015056,0.03609000584453537,-0.010623993613016303,-0.004644788493255919,1.0
375,Mannerheim,Regular,Retired Due to Ill Health,Regular,1,Exile,1,1867,1951,0,2.1,1944,1946,Western Europe,5871.0,5874.0,3735.0,21939390.0,77,2002685406.139349,5921553827.78953,1669149353.4137225,5764995899.017727,1.5797399041752225,-0.00025536261491315715,-0.08327220333836566,-0.01321932834901246,1.0
375,Paasikivi,Regular,Regular,Regular,0,OK,1,1879,1956,0,1.0,1946,1956,Western Europe,8440.0,5871.0,3806.0,22345026.0,67,1669149353.4137225,5764995899.017727,2986791821.8589025,11951387652.483673,9.976728268309378,0.043757451882132516,0.07894095670650172,0.10730956035059833,1.0
375,Kekkonen,Regular,Retired Due to Ill Health,Regular,0,OK,1,1900,1986,0,2.1,1956,1981,Western Europe,20935.0,8440.0,4281.7,36137548.0,56,2986791821.8589025,11951387652.483673,7687644422.970206,35740398961.4584,25.530458590006845,0.056940393729493256,0.060533855020112846,0.07655696560323372,1.0
375,Koivisto,Regular,Regular,Regular,0,OK,1,1923,-777,0,1.0,1981,1994,Western Europe,24797.65941273949,20935.0,4799.964,100487246.34,58,7687644422.970206,35740398961.4584,10371409076.842821,50046959415.1475,12.46817248459959,0.01419286587694324,0.026853926060424686,0.030791616273521047,1.0
375,Marthi Ahtisaari,Regular,Regular,Regular,0,OK,1,1937,-777,0,1.0,1994,2000,Western Europe,32689.768891566222,24797.65941273949,5088.33,126178674.31962472,57,10371409076.842821,50046959415.1475,12716982889.102804,62796055415.77486,6.0013689253935665,0.045465751121726905,0.03230823996019648,0.036391809811123235,1.0
375,Halonen,Regular,Regular,Regular,0,OK,0,1943,-777,0,1.0,2000,2012,Western Europe,37715.01099099154,32689.768891566222,5176.23,169209762.4295918,57,12716982889.102804,62796055415.77486,15627800975.63663,102883604981.64182,12.0,0.011825017357981625,0.01760709167670525,0.049105913396882,1.0
375,Sauli Niinistö,Regular,Still in Office,Still in Office,0,Leader Still in Office,1,1948,-777,0,-888.0,2012,2015,Western Europe,36986.69846443775,37715.01099099154,5414.03,204190200.9555579,64,15627800975.63663,102883604981.64182,16218715225.380728,113181872475.00757,3.8329911019849416,-0.004827736406650851,0.009452933439984934,0.02502407330887013,1.0
385,Michelsen,Regular,Regular,Regular,0,OK,1,1857,1925,0,1.0,1905,1907,Western Europe,3537.0,3322.0,2309.0,7670498.0,48,1184178249.5197396,2615939534.0905447,1260769464.3497787,2822827774.268756,2.6557152635181382,0.021573349387918956,0.021559596246342627,0.026362515580867923,1.0
385,Lovland,Regular,Regular,Regular,0,OK,1,1857,1922,0,1.0,1907,1908,Western Europe,3612.0,3537.0,2329.0,8237673.0,50,1260769464.3497787,2822827774.268756,1258557827.5476794,2760330548.1963253,0.3750855578370979,0.02120441051738764,-0.0017541960403044676,-0.0221399359330805,1.0
385,Knudsen,Regular,Regular,Regular,0,OK,1,1848,1928,0,1.0,1908,1910,Western Europe,3826.0,3612.0,2346.0,8473752.0,60,1258557827.5476794,2760330548.1963253,1304775896.488697,3166254860.355937,1.8726899383983573,0.02962347729789594,0.018361519800434767,0.07352820705202379,1.0
385,Konow,Regular,Regular,Regular,0,OK,1,1845,1932,0,1.0,1910,1912,Western Europe,4050.0,3826.0,2384.0,9121184.0,65,1304775896.488697,3166254860.355937,1405992714.2469888,3179188159.666755,2.0479123887748116,0.019515595051402695,0.025858033815277626,0.001361576992506534,1.0
385,Bratlie,Regular,Regular,Regular,0,OK,1,1856,1939,0,1.0,1912,1913,Western Europe,4415.0,4050.0,2423.0,9813150.0,56,1405992714.2469888,3179188159.666755,1463365997.0899105,4396657850.163141,0.944558521560575,0.09012345679012346,0.04080624477037165,0.38294986938552333,1.0
385,Knudsen,Regular,Regular,Regular,1,OK,1,1848,1928,0,1.0,1913,1920,Western Europe,4739.0,4415.0,2447.0,10803505.0,65,1463365997.0899105,4396657850.163141,1253465965.7360284,3564985722.0261664,7.389459274469542,0.00917327293318232,-0.017929556906072633,-0.023645009359385197,1.0
385,Halvorsen,Regular,Regular,Regular,0,OK,1,1872,1923,0,1.0,1920,1921,Western Europe,4222.0,4739.0,2635.0,12487265.0,48,1253465965.7360284,3564985722.0261664,1261420789.5717978,3494210458.682645,1.0047912388774811,-0.05454737286347333,0.003173131163197729,-0.009926444151829084,1.0
385,Blehr,Regular,Regular,Regular,1,OK,1,1847,1927,0,1.0,1921,1923,Western Europe,4870.0,4222.0,2668.0,11264296.0,74,1261420789.5717978,3494210458.682645,1380847621.4286804,3902172216.269208,1.700205338809035,0.07674088109900523,0.04733822085547801,0.05837681536508954,1.0
385,Halvorsen,Regular,Natural Death,Regular,1,Missing: Natural Death within Six Months of Losing Office,1,1872,1923,0,2.0,1923,1924,Western Europe,4787.0,4870.0,2713.0,13212310.0,51,1380847621.4286804,3902172216.269208,1492020254.8083704,4177978439.109769,0.216290212183436,-0.017043121149897367,0.08051042827206834,0.07068017697697981,1.0
385,Berge,Regular,Regular,Regular,0,OK,1,1851,1936,0,1.0,1923,1924,Western Europe,4787.0,4870.0,2713.0,13212310.0,72,1380847621.4286804,3902172216.269208,1492020254.8083704,4177978439.109769,1.0924024640657084,-0.008521560574948683,0.04025521413603417,0.03534008848848991,1.0
385,Mowinckel,Regular,Regular,Regular,0,OK,1,1870,1943,0,1.0,1924,1926,Western Europe,4750.0,4787.0,2729.0,13063723.0,54,1492020254.8083704,4177978439.109769,1588596213.1365623,4582082014.773711,1.6865160848733745,-0.0038646333820764323,0.032364157931822346,0.048361137037132185,1.0
385,Lykke,Regular,Regular,Regular,0,OK,1,1872,1949,0,1.0,1926,1928,Western Europe,5241.0,4750.0,2763.0,13124250.0,54,1588596213.1365623,4582082014.773711,1733315926.608084,4861352558.274555,1.8836413415468858,0.05168421052631578,0.04554955887304535,0.03047419738455248,1.0
385,Hornsrud,Regular,Regular,Regular,0,OK,1,1859,1960,0,1.0,1928,1929,Western Europe,5581.0,5241.0,2785.0,14596185.0,69,1733315926.608084,4861352558.274555,1789587847.0889935,5654440675.939672,0.07118412046543464,0.06487311581759214,0.03246489553178433,0.1631414525398276,1.0
385,Mowinckel,Regular,Regular,Regular,1,OK,1,1870,1943,0,1.0,1928,1931,Western Europe,5297.0,5241.0,2785.0,14596185.0,58,1733315926.608084,4861352558.274555,1676095510.981353,5274746126.337196,3.2279260780287475,0.0026712459454302784,-0.00825302744126763,0.021259184717995816,1.0
385,Kolstad,Regular,Retired Due to Ill Health,Regular,0,Missing: Natural Death within Six Months of Losing Office,1,1878,1932,0,2.1,1931,1932,Western Europe,5526.0,5297.0,2824.0,14958728.0,53,1676095510.981353,5274746126.337196,1630336766.220339,5018502854.988797,0.7282683093771389,0.04323201812346622,-0.027300797872922056,-0.04857926148690983,1.0
385,Braadland,Regular,Regular,Regular,0,OK,1,1879,1966,0,1.0,1932,1933,Western Europe,5633.0,5526.0,2842.0,15704892.0,53,1630336766.220339,5018502854.988797,1683772438.4682732,5044728874.113239,0.11498973305954825,0.019363011219688753,0.032775849355232145,0.005225865139913521,1.0
385,Hundseid,Regular,Regular,Regular,0,OK,1,1883,1965,0,1.0,1932,1933,Western Europe,5633.0,5526.0,2842.0,15704892.0,49,1630336766.220339,5018502854.988797,1683772438.4682732,5044728874.113239,0.9527720739219713,0.019363011219688753,0.032775849355232145,0.005225865139913521,1.0
385,Mowinckel,Regular,Regular,Regular,2,OK,1,1870,1943,0,1.0,1933,1935,Western Europe,6057.0,5633.0,2858.0,16099114.0,63,1683772438.4682732,5044728874.113239,1810972054.2332587,5630779125.9489,2.0369609856262834,0.025090242026155396,0.02518147402402726,0.0387236041460323,1.0
385,Nygaardsvold,Regular,Foreign,Removed through Threat of Foreign Force,0,Exile,1,1879,1952,0,4.0,1935,1940,Western Europe,6437.0,6057.0,2889.0,17498673.0,56,1810972054.2332587,5630779125.9489,2091568654.234436,6033654014.749514,5.059548254620124,0.0104562214517638,0.025823755750883953,0.01192478221897697,1.0
385,Quisling,Foreign Imposition,Foreign,Removed through Threat of Foreign Force,0,OK,1,1887,1945,2,4.0,1940,1945,Western Europe,6344.0,6437.0,2973.0,19137201.0,53,2091568654.234436,6033654014.749514,1747100826.3508208,5516514526.341848,5.075975359342916,-0.0024079540158458887,-0.027448921904159596,-0.014284861963234233,1.0
385,Nygaardsvold,Regular,Regular,Regular,1,OK,1,1879,1952,0,1.0,1945,1946,Western Europe,6910.0,6344.0,3091.0,19609304.0,66,1747100826.3508208,5516514526.341848,1669149353.4137225,5764995899.017727,0.13415468856947296,0.08921815889029006,-0.0446176155155944,0.04504318288103071,1.0
385,Gerhardsen,Regular,Regular,Regular,0,OK,1,1897,1987,0,1.0,1945,1951,Western Europe,9038.0,6344.0,3091.0,19609304.0,48,1747100826.3508208,5516514526.341848,2335597921.60858,9334940849.93543,6.381930184804928,0.06066474509097459,0.04812029869154772,0.0988829943607186,1.0
385,Torp,Regular,Regular,Regular,0,OK,1,1893,1958,0,1.0,1951,1955,Western Europe,10044.0,9038.0,3295.871,29788082.098,58,2335597921.60858,9334940849.93543,2857227492.4186954,11398992120.516134,3.1704312114989732,0.027826952865678267,0.05583469290498183,0.05527756693270802,1.0
385,Gerhardsen,Regular,Regular,Regular,1,OK,1,1897,1987,0,1.0,1955,1963,Western Europe,12723.0,10044.0,3427.409,34424895.996,58,2857227492.4186954,11398992120.516134,4123973043.0297213,15991243735.72246,8.583162217659138,0.029636267091464226,0.04926086774571117,0.044762745168409314,1.0
385,Lyng,Regular,Regular,Regular,0,OK,1,1905,1978,0,1.0,1963,1964,Western Europe,13256.0,12723.0,3666.54,46649388.42,58,4123973043.0297213,15991243735.72246,4366299249.677136,17168846684.352207,0.07939767282683094,0.0418926353847362,0.05876037600609241,0.07364048526126377,1.0
385,Gerhardsen,Regular,Regular,Regular,2,OK,1,1897,1987,0,1.0,1963,1965,Western Europe,13852.0,12723.0,3666.54,46649388.42,66,4123973043.0297213,15991243735.72246,4551506105.075526,18075505373.698357,2.0479123887748116,0.029578977704419824,0.034556729443904866,0.04344589394090118,1.0
385,Borten,Regular,Regular,Regular,0,OK,1,1913,2005,0,1.0,1965,1971,Western Europe,16692.0,13852.0,3723.153,51573115.356,52,4551506105.075526,18075505373.698357,5862304481.569884,24246398728.449657,5.423682409308693,0.03417075753200501,0.047998704393425795,0.056899223813040724,1.0
385,Bratteli,Regular,Regular,Regular,0,OK,1,1910,1984,0,1.0,1971,1972,Western Europe,17409.0,16692.0,3903.039,65149526.988000005,61,5862304481.569884,24246398728.449657,6128081587.469166,25373866516.69958,1.5906913073237507,0.021477354421279626,0.02266831301025396,0.02325021131750593,1.0
385,Korvald,Regular,Regular,Regular,0,OK,1,1916,2006,0,1.0,1972,1973,Western Europe,18050.0,17409.0,3933.004,68469666.63599999,56,6128081587.469166,25373866516.69958,6477801404.395305,28100062467.301537,0.9938398357289527,0.0368200356137629,0.05706840092358645,0.10744109293740212,1.0
385,Bratteli,Regular,Regular,Regular,1,OK,1,1910,1984,0,1.0,1973,1976,Western Europe,20610.0,18050.0,3960.613,71489064.64999999,63,6477801404.395305,28100062467.301537,6875798601.395606,29537559377.26344,2.2340862422997945,0.04727608494921517,0.02048005550824968,0.017052119980571028,1.0
385,Nordli,Regular,Retired Due to Ill Health,Regular,0,OK,1,1927,-777,0,2.1,1976,1981,Western Europe,24179.0,20610.0,4026.152,82978992.72,49,6875798601.395606,29537559377.26344,7687644422.970206,35740398961.4584,5.073237508555784,0.028861394145236956,0.01967882492975233,0.03499972980711467,1.0
385,Brundtland,Regular,Regular,Regular,0,OK,0,1939,-777,0,1.0,1981,1982,Western Europe,24141.0,24179.0,4099.702,99126694.658,42,7687644422.970206,35740398961.4584,7754525135.294905,36196627164.43434,0.6899383983572895,-0.0015716117291865173,0.008699766618349702,0.012765056245396922,1.0
385,Willoch,Regular,Regular,Regular,0,OK,1,1928,-777,0,1.0,1981,1986,Western Europe,28504.0,24179.0,4099.702,99126694.658,53,7687644422.970206,35740398961.4584,8532445840.436293,41482688664.595215,4.566735112936345,0.03577484594069236,0.021978160564811545,0.032133327382994056,1.0
385,Brundtland,Regular,Regular,Regular,1,OK,0,1939,-777,0,1.0,1986,1989,Western Europe,28942.0,28504.0,4166.596,118764652.38399999,47,8532445840.436293,41482688664.595215,9473954827.195541,46016341267.83971,3.4387405886379194,0.003841566095986515,0.027586140139833182,0.027322557608915832,1.0
385,Syse,Regular,Regular,Regular,0,OK,1,1930,1997,0,1.0,1989,1990,Western Europe,29434.0,28942.0,4226.142,122313001.764,59,9473954827.195541,46016341267.83971,9591381662.310999,46715156894.540726,1.0485968514715949,0.008499758136963576,0.006197350380982236,0.007593124610163371,1.0
385,Brundtland,Regular,Regular,Regular,2,OK,0,1939,-777,0,1.0,1990,1996,Western Europe,43133.1434703702,29434.0,4242.006,124859204.604,51,9591381662.310999,46715156894.540726,10955380438.13993,53971480867.83615,5.976728268309377,0.07756983686875836,0.023701812450871367,0.02588854259042217,1.0
385,Jagland,Regular,Regular,Regular,0,OK,1,1950,-777,0,1.0,1996,1997,Western Europe,46556.479232082784,43133.1434703702,4382.04,189011160.01290104,46,10955380438.13993,53971480867.83615,11327069879.276758,56142944592.630035,0.9774127310061602,0.07936671168110432,0.033927570405755336,0.040233539822842834,1.0
385,Bondevik,Regular,Regular,Regular,0,OK,1,1947,-777,0,1.0,1997,1998,Western Europe,48956.729327077825,46556.479232082784,4406.04,205129709.75572604,50,11327069879.276758,56142944592.630035,11737168626.134588,57448919778.54096,0.8678986995208761,0.051555661737861636,0.0362051926251572,0.023261608299796288,1.0
385,Lahnstein,Regular,Regular,Regular,0,OK,1,1949,-777,0,1.0,1998,1999,Western Europe,51129.18287611082,48956.729327077825,4432.05,216978672.21407527,49,11737168626.134588,57448919778.54096,12169619615.69527,59628765673.01684,0.06570841889117043,0.044374973142485175,0.03684457498529614,0.03794407106136943,1.0
385,Bondevik,Regular,Regular,Regular,1,OK,1,1947,-777,0,1.0,1998,2000,Western Europe,54039.960727798505,48956.729327077825,4432.05,216978672.21407527,51,11737168626.134588,57448919778.54096,12716982889.102804,62796055415.77486,1.4784394250513346,0.051915553495821,0.041739805151410625,0.04653817389296866,1.0
385,Stoltenberg,Regular,Regular,Regular,0,OK,1,1959,-777,0,1.0,2000,2001,Western Europe,56578.377089947855,54039.960727798505,4492.07,242751286.38652182,41,12716982889.102804,62796055415.77486,13075135897.277853,64760587194.60295,1.5906913073237507,0.02348647489711786,0.01408168161026424,0.015642159095988317,1.0
385,Bondevik,Regular,Regular,Regular,2,OK,1,1947,-777,0,1.0,2001,2005,Western Europe,68108.55554368123,56578.377089947855,4515.07,255455333.04751083,54,13075135897.277853,64760587194.60295,14329977174.95897,77968730835.80147,3.994524298425736,0.0509478136647627,0.02399289169037172,0.050988356550522695,1.0
385,Stoltenberg,Regular,Regular,Regular,1,OK,1,1959,-777,0,1.0,2005,2013,Western Europe,81564.2937502866,68108.55554368123,4624.1,314940771.6895364,46,14329977174.95897,77968730835.80147,15657249414.207613,106221801332.0274,7.997262149212868,0.024695389035918502,0.011577759537258675,0.04529551493489997,1.0
385,Solberg,Regular,Still in Office,Still in Office,0,Leader Still in Office,0,1961,-777,0,-888.0,2013,2015,Western Europe,82983.99523508434,81564.2937502866,5081.21,414445305.0468938,52,15657249414.207613,106221801332.0274,16218715225.380728,113181872475.00757,2.206707734428474,0.0058019729774740165,0.01195326621170197,0.021841313979178434,1.0
404,Cabral,Irregular,Irregular,"Removed by Military, without Foreign Support",0,Imprisonment,1,1931,2009,1,3.0,1974,1980,Sub Saharan Africa,1207.0,1458.0,640.043,933182.694,43,675462577.2497042,27746656042.65312,765603906.5307871,35105310712.72682,6.179329226557153,-0.0245933764452283,0.019064465135690156,0.037886957614751963,1.0
404,Vieira,Irregular,Irregular,"Removed by Military, without Foreign Support",0,Exile,1,1939,2009,1,3.0,1980,1999,Sub Saharan Africa,1256.082491687944,1207.0,788.956,952269.892,41,765603906.5307871,35105310712.72682,1247035825.4717863,59628765673.01684,18.47501711156742,0.00214025603662599,0.033096124292708716,0.036766749235374624,1.0
404,Mane,Irregular,Regular,Regular,0,OK,1,1940,2000,1,1.0,1999,2000,Sub Saharan Africa,1230.6406294399242,1256.082491687944,1182.537,1485364.0214731863,59,1247035825.4717863,59628765673.01684,1310948754.0093677,62796055415.77486,0.019164955509924708,-0.020254929446417602,0.05125187844014145,0.05311680875848279,1.0
404,Sanha,Irregular,Regular,Regular,0,OK,1,1947,2012,1,1.0,1999,2000,Sub Saharan Africa,1230.6406294399242,1256.082491687944,1182.537,1485364.0214731863,52,1247035825.4717863,59628765673.01684,1310948754.0093677,62796055415.77486,0.7638603696098563,-0.020254929446417602,0.05125187844014145,0.05311680875848279,1.0
404,Kumba Iala,Regular,Irregular,"Removed by Military, without Foreign Support",0,OK,1,1953,-777,0,3.0,2000,2003,Sub Saharan Africa,1181.94349571599,1230.6406294399242,1207.665,1486201.615752566,47,1310948754.0093677,62796055415.77486,1599876650.8805447,69971417637.12488,3.57015742642026,-0.009892638955471655,0.05509900672843393,0.028566134344911065,1.0
404,Correia Seabra,Irregular,Regular,Regular,0,OK,1,1947,2004,1,1.0,2003,2004,Sub Saharan Africa,1194.6707917770177,1181.94349571599,1288.445,1522869.1873377885,56,1599876650.8805447,69971417637.12488,1727736948.4801033,74015814861.56413,0.038329911019849415,0.010768108718528735,0.07991884719936793,0.05780070435922413,1.0
404,Henrique Pereira Rosa,Regular,Regular,Regular,0,OK,1,1946,-777,0,1.0,2003,2005,Sub Saharan Africa,1226.5608858641476,1181.94349571599,1288.445,1522869.1873377885,57,1599876650.8805447,69971417637.12488,1865357237.5802345,77968730835.80147,2.0095824777549622,0.012583057850586924,0.05531271979698641,0.03809799995835935,1.0
404,Vieira,Regular,Irregular,"Removed by Military, without Foreign Support",2,Death,1,1939,2009,0,3.0,2005,2009,Sub Saharan Africa,1292.0292935725613,1226.5608858641476,1347.728,1653070.449583916,66,1865357237.5802345,77968730835.80147,2508753646.0003195,90134685455.90204,3.4168377823408624,0.013343896838494351,0.08622965020559642,0.03900908251835439,1.0
404,Raimundo Perreira,Regular,Regular,Regular,0,OK,1,1956,-777,0,1.0,2009,2010,Sub Saharan Africa,1329.3724093189558,1292.0292935725613,1481.09,1913611.6664173848,53,2508753646.0003195,90134685455.90204,2732230766.461506,95439312780.60913,0.5201916495550992,0.02890268504914295,0.08907894197482236,0.05885223094612502,1.0
404,Sanha,Regular,Natural Death,Regular,1,Missing: Natural Death within Six Months of Losing Office,1,1956,2012,0,2.0,2009,2011,Sub Saharan Africa,1413.0,1292.0292935725613,1481.09,1913611.6664173848,53,2508753646.0003195,90134685455.90204,2920877102.875,99528621997.01219,2.3107460643394937,0.03120948496271973,0.05475806117667559,0.03474036842234315,1.0
404,Raimundo Pereira,Regular,Irregular,"Removed by Military, without Foreign Support",0,Exile,1,1955,-777,0,3.0,2012,2013,Sub Saharan Africa,1378.0,1361.0,1587.244,2160239.084,57,3037907344.1720467,102883604981.64182,3181616146.239904,106221801332.0274,0.25735797399041754,0.012490815576781777,0.04730519590847626,0.032446339248913825,1.0
404,Mamadu Ture Kuruma,Irregular,Regular,Regular,0,Missing: No Information Found,1,1947,-777,1,1.0,2012,2013,Sub Saharan Africa,1378.0,1361.0,1587.244,2160239.084,65,3037907344.1720467,102883604981.64182,3181616146.239904,106221801332.0274,0.07939767282683094,0.012490815576781777,0.04730519590847626,0.032446339248913825,1.0
404,Manuel Serifo Nhamadjo,Regular,Regular,Regular,0,OK,1,1958,-777,0,1.0,2012,2014,Sub Saharan Africa,1355.0,1361.0,1587.244,2160239.084,54,3037907344.1720467,102883604981.64182,3339346770.483352,109801891452.69542,2.116358658453114,-0.0014695077149154967,0.03307533686410702,0.022414606202442993,1.0
404,Vaz,Regular,Still in Office,Still in Office,0,Leader Still in Office,1,1957,-777,0,-888.0,2014,2015,Sub Saharan Africa,1393.0,1355.0,1663.186,2253617.03,57,3339346770.483352,109801891452.69542,3445106737.2706604,113181872475.00757,1.5222450376454484,0.014022140221402246,0.015835427413847136,0.015391269574660749,1.0
432,Keita,Regular,Irregular,"Removed by Military, without Foreign Support",0,Imprisonment,1,1915,1977,0,3.0,1960,1968,Sub Saharan Africa,923.0,851.0,4494.738,3825022.038,45,351991631.13564414,14025367456.334517,480887689.63563466,20870428352.946007,8.158795345653662,0.009400705052878969,0.04068785451395477,0.05422762178699392,1.0
432,Traore,Irregular,Irregular,"Removed by Military, without Foreign Support",0,Imprisonment,1,1936,-777,1,3.0,1968,1991,Sub Saharan Africa,1186.7576821061425,923.0,5307.348,4898682.204,32,480887689.63563466,20870428352.946007,918484388.4303116,47192014400.92255,22.34633812457221,0.012424404451747252,0.039564213923361916,0.05483436972835729,1.0
432,Amadou Toure,Irregular,Regular,Regular,0,OK,1,1948,-777,1,1.0,1991,1992,Sub Saharan Africa,1115.4059709719274,1186.7576821061425,8653.43,10269524.529067757,43,918484388.4303116,47192014400.92255,922782911.790749,47778114919.29238,1.1991786447638604,-0.030061617552619047,0.0023400089400450463,0.006209742535999707,1.0
432,Konare,Regular,Regular,Regular,0,OK,1,1946,-777,0,1.0,1992,2002,Sub Saharan Africa,1321.3388265733836,1115.4059709719274,8960.98,9995130.597760022,46,922782911.790749,47778114919.29238,1503265358.2641668,67072928019.09664,10.004106776180699,0.016784174711498512,0.05718694052881408,0.036712915968472926,1.0
432,Amadou Toure,Regular,Irregular,"Removed by Military, without Foreign Support",1,Exile,1,1948,-777,0,3.0,2002,2012,Sub Saharan Africa,1449.195949731137,1321.3388265733836,11007.42,14544531.426400393,54,1503265358.2641668,67072928019.09664,3037907344.1720467,102883604981.64182,9.78507871321013,0.00967633135320214,0.10208723147055979,0.05339065703580041,1.0
432,Amadou Sanogo,Irregular,Regular,Regular,0,Imprisonment,1,1972,-777,1,1.0,2012,2013,Sub Saharan Africa,1444.187901831615,1449.195949731137,14040.31,20347160.38496958,40,3037907344.1720467,102883604981.64182,3181616146.239904,106221801332.0274,0.057494866529774126,-0.003455742406988649,0.04730519590847626,0.032446339248913825,1.0
432,Dioncounda Traore,Irregular,Regular,Regular,0,Death,1,1942,2013,1,1.0,2012,2013,Sub Saharan Africa,1444.187901831615,1449.195949731137,14040.31,20347160.38496958,70,3037907344.1720467,102883604981.64182,3181616146.239904,106221801332.0274,1.3963039014373717,-0.0017278712034943244,0.02365259795423813,0.016223169624456912,1.0
432,Ibrahim Boubacar Keita,Regular,Still in Office,Still in Office,0,Leader Still in Office,1,1945,-777,0,-888.0,2013,2015,Sub Saharan Africa,1555.804568664512,1444.187901831615,14412.34,20814127.065083858,68,3181616146.239904,106221801332.0274,3445106737.2706604,113181872475.00757,2.321697467488022,0.0257622678903342,0.02760552906863123,0.021841313979178434,1.0
433,Senghor,Regular,Regular,Regular,0,OK,1,1906,2001,0,1.0,1960,1980,Sub Saharan Africa,2021.0,2303.0,3269.808,7530367.824,54,351991631.13564414,14025367456.334517,765603906.5307871,35105310712.72682,20.36413415468857,-0.005830903790087464,0.05595537193403878,0.0715708037495731,1.0
433,Diouf,Regular,Regular,Regular,0,OK,1,1935,-777,0,1.0,1981,2000,Sub Saharan Africa,1983.5240474896116,1943.0,5975.667,11610720.981,46,774792450.1940928,35740398961.4584,1310948754.0093677,62796055415.77486,19.247091033538673,0.001042821602923616,0.03459999537172585,0.03785024403825575,1.0
433,Abdoulaye Wade,Regular,Regular,Regular,0,OK,1,1926,-777,0,1.0,2000,2012,Sub Saharan Africa,2141.3882665162037,1983.5240474896116,10304.7,20439620.2521662,74,1310948754.0093677,62796055415.77486,3037907344.1720467,102883604981.64182,12.0,0.006122134732348179,0.10133345645111537,0.049105913396882,1.0
433,Sall,Regular,Still in Office,Still in Office,0,Leader Still in Office,1,1945,-777,0,-888.0,2012,2015,Sub Saharan Africa,2262.312317152156,2141.3882665162037,14668.23,31410375.612560973,67,3037907344.1720467,102883604981.64182,3445106737.2706604,113181872475.00757,3.7453798767967146,0.014117483098088746,0.03350985949915403,0.02502407330887013,1.0
434,Maga,Regular,Irregular,"Removed by Military, without Foreign Support",0,Imprisonment,1,1916,2000,0,3.0,1960,1963,Sub Saharan Africa,1430.0,1468.0,2065.211,3031729.7479999997,44,351991631.13564414,14025367456.334517,403664305.93668383,15991243735.72246,3.8193018480492813,-0.006471389645776565,0.036700215452797946,0.035041439832295795,1.0
434,Soglo,Irregular,Regular,Regular,0,OK,1,1912,1983,1,1.0,1963,1964,Sub Saharan Africa,1492.0,1430.0,2216.898,3170164.14,51,403664305.93668383,15991243735.72246,423671335.0837482,17168846684.352207,0.2272416153319644,0.043356643356643465,0.04956353299714977,0.07364048526126377,1.0
434,Apithy,Irregular,Irregular,"Removed by Military, without Foreign Support",0,Imprisonment,1,1913,1989,1,3.0,1964,1965,Sub Saharan Africa,1532.0,1492.0,2271.339,3388837.7879999997,51,423671335.0837482,17168846684.352207,444424491.52914023,18075505373.698357,1.8617385352498288,0.013404825737265424,0.02449204693219298,0.02640418153924351,1.0
434,Congacou,Irregular,Irregular,"Removed by Military, without Foreign Support",0,Imprisonment,1,1913,1994,1,3.0,1965,1966,Sub Saharan Africa,1549.0,1532.0,2327.816,3566214.1119999997,52,444424491.52914023,18075505373.698357,457928856.9221287,19030818060.72169,0.06297056810403832,0.011096605744125299,0.030386186293477335,0.052851229731778915,1.0
434,Soglo,Irregular,Irregular,"Removed by Military, without Foreign Support",1,Imprisonment,1,1912,1983,1,3.0,1965,1967,Sub Saharan Africa,1525.0,1532.0,2327.816,3566214.1119999997,53,444424491.52914023,18075505373.698357,463822259.78161573,19784467002.851566,1.9849418206707734,-0.002284595300261094,0.021823469028150577,0.04727285887231447,1.0
434,Alley,Irregular,Regular,Regular,0,Imprisonment,1,1930,1987,1,1.0,1967,1968,Sub Saharan Africa,1545.0,1525.0,2447.705,3732750.125,37,463822259.78161573,19784467002.851566,480887689.63563466,20870428352.946007,0.6242299794661191,0.013114754098360715,0.03679303762189834,0.05488959343397615,1.0
434,Zinsou,Irregular,Irregular,"Removed by Military, without Foreign Support",0,Imprisonment,1,1918,-777,1,3.0,1968,1969,Sub Saharan Africa,1551.0,1545.0,2511.079,3879617.055,50,480887689.63563466,20870428352.946007,519882562.9212525,22012539042.756966,1.3579739904175223,0.001941747572815511,0.04054467823366825,0.02736193695923217,1.0
434,Kouandete,Irregular,Regular,Regular,0,OK,1,1939,2003,1,1.0,1969,1970,Sub Saharan Africa,1543.0,1551.0,2577.121,3997114.671,30,519882562.9212525,22012539042.756966,565334207.4652337,23271103735.64346,0.008213552361396304,-0.0051579626047710825,0.08742675324324312,0.057174898835698595,1.0
434,Paul-Emile de Souza,Irregular,Regular,Regular,0,OK,1,1930,1999,1,1.0,1969,1970,Sub Saharan Africa,1543.0,1551.0,2577.121,3997114.671,39,519882562.9212525,22012539042.756966,565334207.4652337,23271103735.64346,0.39698836413415467,-0.0051579626047710825,0.08742675324324312,0.057174898835698595,1.0
434,Maga,Regular,Regular,Regular,1,Imprisonment,1,1916,2000,0,1.0,1970,1972,Sub Saharan Africa,1640.0,1543.0,2645.694,4082305.8419999997,54,565334207.4652337,23271103735.64346,616066469.4245605,25373866516.69958,1.919233401779603,0.031432274789371384,0.044869266081379644,0.04517969592124249,1.0
434,Ahomadegbe,Irregular,Irregular,"Removed by Military, without Foreign Support",0,Imprisonment,1,1917,2002,1,3.0,1972,1973,Sub Saharan Africa,1666.0,1640.0,2791.434,4577951.760000001,55,616066469.4245605,25373866516.69958,642111995.4363545,28100062467.301537,0.5530458590006845,0.01585365853658538,0.042277136160521644,0.10744109293740212,1.0
434,Kerekou,Irregular,Regular,Regular,0,OK,1,1933,-777,1,1.0,1972,1991,Sub Saharan Africa,1812.4214692423927,1640.0,2791.434,4577951.760000001,39,616066469.4245605,25373866516.69958,918484388.4303116,47192014400.92255,18.43394934976044,0.0055334232747879545,0.025836063751557756,0.045256152510224704,1.0
434,"Soglo, N",Regular,Regular,Regular,0,OK,1,1934,-777,0,1.0,1991,1996,Sub Saharan Africa,1840.4858440770583,1812.4214692423927,4977.069,9020546.709500767,57,918484388.4303116,47192014400.92255,1092586232.6235435,53971480867.83615,5.002053388090349,0.0025807439854113046,0.03159223433486472,0.023942844825815397,1.0
434,Kerekou,Regular,Regular,Regular,1,OK,1,1933,-777,0,1.0,1996,2006,Sub Saharan Africa,1870.5325006773598,1840.4858440770583,5873.704,10810469.064298794,63,1092586232.6235435,53971480867.83615,2018949156.3975878,82618841699.03532,10.004106776180699,0.0014841267294619148,0.07707841151354002,0.048253364336738616,1.0
434,Yayi Boni,Regular,Still in Office,Still in Office,0,Leader Still in Office,1,1952,-777,0,-888.0,2006,2015,Sub Saharan Africa,2055.0,1870.5325006773598,8088.622,15130030.336693909,54,2018949156.3975878,82618841699.03532,3445106737.2706604,113181872475.00757,9.735797399041752,0.009861763923152389,0.07063860802803804,0.03699280956674209,1.0
450,Tolbert,Regular,Irregular,"Removed by Military, without Foreign Support",0,Death,1,1913,1980,0,3.0,1971,1980,Sub Saharan Africa,4138.0,4544.0,1440.0,6543360.0,58,599365594.6681284,24246398728.449657,765603906.5307871,35105310712.72682,8.722792607802875,-0.009927621283255084,0.0308174571657268,0.049761854927143814,1.0
450,Doe,Irregular,Irregular,"Removed by Rebels, without Foreign Support",0,Death,1,1951,1990,1,3.0,1980,1990,Sub Saharan Africa,1690.0,4138.0,1858.0,7688404.0,29,765603906.5307871,35105310712.72682,905424191.4405546,46715156894.540726,10.40930869267625,-0.05378092183312097,0.01660249494989469,0.030064982777675595,1.0
450,Sawyer,Foreign Imposition,Regular,Regular,0,OK,1,1945,-777,2,1.0,1990,1994,Sub Saharan Africa,418.12158214497464,1690.0,2178.0,3680820.0,45,905424191.4405546,46715156894.540726,971492078.7846111,50046959415.1475,3.2881587953456535,-0.18814769494896824,0.018242247106005804,0.01783041491291737,1.0
450,Kpormapkor,Regular,Regular,Regular,0,OK,1,1944,-777,0,1.0,1994,1995,Sub Saharan Africa,377.58008600533714,418.12158214497464,2069.0,865093.5534579526,50,971492078.7846111,50046959415.1475,1022880148.6746541,51854384806.948204,1.486652977412731,-0.0484805112566285,0.026448012810527666,0.018057294718024974,1.0
450,Sankawulo,Regular,Regular,Regular,0,OK,1,1943,-777,0,1.0,1995,1996,Sub Saharan Africa,391.0859171717719,377.58008600533714,2075.0,783478.6784610746,52,1022880148.6746541,51854384806.948204,1092586232.6235435,53971480867.83615,1.0075290896646132,0.01788472388642315,0.03407343667740914,0.020413857658998502,1.0
450,Ruth Perry,Regular,Regular,Regular,0,OK,0,1939,-777,0,1.0,1996,1997,Sub Saharan Africa,701.7853850108825,391.0859171717719,2130.0,833013.0035758741,57,1092586232.6235435,53971480867.83615,1151928646.4213567,56142944592.630035,0.9117043121149897,0.7944532242071143,0.05431371183885303,0.040233539822842834,1.0
450,Taylor,Regular,Regular,Regular,0,Exile,1,1948,-777,0,1.0,1997,2003,Sub Saharan Africa,851.9109502106338,701.7853850108825,2317.0,1626036.7370702147,49,1151928646.4213567,56142944592.630035,1599876650.8805447,69971417637.12488,6.023271731690623,0.030559925829628996,0.05555254855793458,0.03518689950353753,1.0
450,Moses Zeh Blah,Regular,Regular,Regular,0,OK,1,1947,-777,0,1.0,2003,2004,Sub Saharan Africa,760.8757761095105,851.9109502106338,2983.0,2541250.364478321,56,1599876650.8805447,69971417637.12488,1727736948.4801033,74015814861.56413,0.17522245037645448,-0.10685996473999415,0.07991884719936793,0.05780070435922413,1.0
450,Bryant,Regular,Regular,Regular,0,OK,1,1949,-777,0,1.0,2003,2006,Sub Saharan Africa,769.2929535293048,851.9109502106338,2983.0,2541250.364478321,54,1599876650.8805447,69971417637.12488,2018949156.3975878,82618841699.03532,2.2587268993839835,-0.032326538613338195,0.08731350326005716,0.06025043028998208,1.0
450,Johnson Sirleaf,Regular,Still in Office,Still in Office,0,Leader Still in Office,0,1938,-777,0,-888.0,2006,2015,Sub Saharan Africa,865.0,769.2929535293048,3311.0,2547128.969135528,68,2018949156.3975878,82618841699.03532,3445106737.2706604,113181872475.00757,9.95482546201232,0.01244091032312431,0.07063860802803804,0.03699280956674209,1.0
452,Nkrumah,Regular,Irregular,"Removed by Military, without Foreign Support",0,Exile,1,1909,1972,0,3.0,1952,1966,Sub Saharan Africa,2158.0,1728.0,5581.001,9643969.728,43,260041709.82658002,9831337731.891596,457928856.9221287,19030818060.72169,13.930184804928132,0.017774470899470898,0.054355880949010116,0.06683787656302476,1.0
452,Ankrah,Irregular,Regular,Regular,0,OK,1,1915,1992,1,1.0,1966,1969,Sub Saharan Africa,2112.0,2158.0,8245.481,17793747.998,51,457928856.9221287,19030818060.72169,519882562.9212525,22012539042.756966,3.1047227926078027,-0.00532900834105654,0.033822778944055,0.039169637538984,1.0
452,Afrifa,Regular,Regular,Regular,0,OK,1,1936,1979,0,1.0,1969,1970,Sub Saharan Africa,2270.0,2112.0,9009.048,19027109.376000002,33,519882562.9212525,22012539042.756966,565334207.4652337,23271103735.64346,0.4188911704312115,0.07481060606060597,0.08742675324324312,0.057174898835698595,1.0
452,Busia,Regular,Irregular,"Removed by Military, without Foreign Support",0,Exile,1,1913,1978,0,3.0,1969,1972,Sub Saharan Africa,2235.0,2112.0,9009.048,19027109.376000002,56,519882562.9212525,22012539042.756966,616066469.4245605,25373866516.69958,2.3600273785078714,0.019412878787878823,0.06167027797126893,0.05090019325521089,1.0
452,Acheampong,Irregular,Irregular,Removed in Military Power Struggle Short of Coup,0,Imprisonment,1,1931,1979,1,3.0,1972,1978,Sub Saharan Africa,2008.0,2235.0,9353.659,20905427.865,41,616066469.4245605,25373866516.69958,716385709.2549777,32088474953.570343,6.4750171115674195,-0.014509427932246728,0.023262619679918797,0.03780384735864024,1.0
452,Akuffo,Regular,Irregular,"Removed by Military, without Foreign Support",0,Death,1,1937,1979,0,3.0,1978,1979,Sub Saharan Africa,1929.0,2008.0,10720.781,21527328.248000003,41,716385709.2549777,32088474953.570343,740920005.9122581,33220383789.58506,0.9144421629021219,-0.03934262948207168,0.034247328415855094,0.03527462235748202,1.0
452,Rawlings,Irregular,Regular,Regular,0,OK,1,1947,-777,1,1.0,1979,1980,Sub Saharan Africa,1844.0,1929.0,10878.796,20985197.484,32,740920005.9122581,33220383789.58506,765603906.5307871,35105310712.72682,0.30390143737166325,-0.04406428201140489,0.03331520328991111,0.05674007064700759,1.0
452,Limann,Regular,Irregular,"Removed by Military, without Foreign Support",0,Imprisonment,1,1934,1998,0,3.0,1979,1981,Sub Saharan Africa,1820.0,1929.0,10878.796,20985197.484,45,740920005.9122581,33220383789.58506,774792450.1940928,35740398961.4584,2.269678302532512,-0.018835320546051488,0.015238911988494216,0.025285832415773053,1.0
452,Rawlings,Irregular,Regular,Regular,1,OK,1,1947,-777,1,1.0,1981,2001,Sub Saharan Africa,2143.1062392256526,1820.0,11177.979,20343921.779999997,34,774792450.1940928,35740398961.4584,1396210953.9824247,64760587194.60295,19.019849418206707,0.008876545033671778,0.04010225600628019,0.040598579025991344,1.0
452,John Agyekum Kufuor,Regular,Regular,Regular,0,OK,1,1938,-777,0,1.0,2001,2009,Sub Saharan Africa,2793.8709448780382,2143.1062392256526,20280.24,43462708.876993656,63,1396210953.9824247,64760587194.60295,2508753646.0003195,90134685455.90204,7.997262149212868,0.037956862202006364,0.09960374261895916,0.04897673755074777,1.0
452,Atta Mills,Regular,Natural Death,Regular,0,Missing: Natural Death within Six Months of Losing Office,1,1944,-777,0,2.0,2009,2012,Sub Saharan Africa,3467.104258740002,2793.8709448780382,24899.08,69564816.16619387,65,2508753646.0003195,90134685455.90204,3037907344.1720467,102883604981.64182,3.542778918548939,0.060241983894799456,0.05273073534096817,0.035360747811055304,1.0
452,John Mahama,Regular,Still in Office,Still in Office,0,Leader Still in Office,1,1958,-777,0,-888.0,2012,2015,Sub Saharan Africa,3610.6459671994958,3467.104258740002,26945.21,93421852.34364368,54,3037907344.1720467,102883604981.64182,3445106737.2706604,113181872475.00757,3.436002737850787,0.010350259016414676,0.03350985949915403,0.02502407330887013,1.0
481,Mba,Regular,Irregular,"Removed by Military, without Foreign Support",0,Imprisonment,1,1902,1967,0,3.0,1960,1964,Sub Saharan Africa,4616.0,3982.0,446.003,1775983.946,58,351991631.13564414,14025367456.334517,423671335.0837482,17168846684.352207,3.5017111567419574,0.03980411853340032,0.05091009104168265,0.05603202978111543,1.0
481,Aubaume,Irregular,Foreign,Removed through Threat of Foreign Force,0,Imprisonment,1,1912,1989,1,4.0,1964,1965,Sub Saharan Africa,4626.0,4616.0,467.592,2158404.672,52,423671335.0837482,17168846684.352207,444424491.52914023,18075505373.698357,0.0054757015742642025,0.002166377816291254,0.04898409386438596,0.05280836307848702,1.0
481,Mba,Foreign Imposition,Natural Death,Regular,1,Missing: Natural Death within Six Months of Losing Office,1,1902,1967,2,2.0,1964,1967,Sub Saharan Africa,4882.0,4616.0,467.592,2158404.672,62,423671335.0837482,17168846684.352207,463822259.78161573,19784467002.851566,3.7700205338809036,0.014406412478336239,0.023692259407832483,0.03808672135332264,1.0
481,Bongo,Regular,Natural Death,Regular,0,Missing: Natural Death within Six Months of Losing Office,1,1935,-777,0,2.0,1967,2009,Sub Saharan Africa,13617.896101733826,4882.0,489.004,2387317.528,32,463822259.78161573,19784467002.851566,2508753646.0003195,90134685455.90204,41.52772073921971,0.0426049828414088,0.10497306134453577,0.08466263968706791,1.0
481,Rose Francine Rogombe,Regular,Regular,Regular,0,OK,0,1942,-777,0,1.0,2009,2010,Sub Saharan Africa,14926.69964035508,13617.896101733826,1542.22,21001791.72601594,67,2508753646.0003195,90134685455.90204,2732230766.461506,95439312780.60913,0.35044490075290896,0.09610908534209028,0.08907894197482236,0.05885223094612502,1.0
481,Ali Bongo Ondimba,Regular,Still in Office,Still in Office,0,Leader Still in Office,1,1959,-777,0,-888.0,2009,2015,Sub Saharan Africa,17179.999279600695,13617.896101733826,1542.22,21001791.72601594,50,2508753646.0003195,90134685455.90204,3445106737.2706604,113181872475.00757,6.206707734428473,0.0373678781766899,0.05331919598307078,0.03652817194391237,1.0
500,Obote,Regular,Irregular,"Removed by Military, without Foreign Support",0,Exile,1,1924,2005,0,3.0,1962,1971,Sub Saharan Africa,1385.0,1106.0,7688.797,8503809.481999999,38,381937754.3571376,15291081770.15114,599365594.6681284,24246398728.449657,8.295687885010267,0.028028933092224245,0.06325284329145803,0.0650729119460388,1.0
500,Amin,Irregular,Foreign,Removed through Threat of Foreign Force,0,Exile,1,1925,2003,1,4.0,1971,1979,Sub Saharan Africa,966.0,1385.0,10008.815,13862208.775,46,599365594.6681284,24246398728.449657,740920005.9122581,33220383789.58506,8.208076659822039,-0.033614119534697146,0.026241526133516616,0.04112402268083229,1.0
500,Yusuf Lule,Regular,Regular,Regular,0,Exile,1,1912,1985,0,1.0,1979,1980,Sub Saharan Africa,912.0,966.0,12138.465,11725757.19,67,740920005.9122581,33220383789.58506,765603906.5307871,35105310712.72682,0.1861738535249829,-0.05590062111801242,0.03331520328991111,0.05674007064700759,1.0
500,Banaisa,Regular,Irregular,"Removed by Military, without Foreign Support",0,Exile,1,1919,2010,0,3.0,1979,1980,Sub Saharan Africa,912.0,966.0,12138.465,11725757.19,60,740920005.9122581,33220383789.58506,765603906.5307871,35105310712.72682,0.8952772073921971,-0.05590062111801242,0.03331520328991111,0.05674007064700759,1.0
500,Paulo Muwanga,Irregular,Regular,Regular,0,OK,1,1924,1991,1,1.0,1980,1981,Sub Saharan Africa,923.0,912.0,12414.719,11322223.728,56,765603906.5307871,35105310712.72682,774792450.1940928,35740398961.4584,0.5831622176591376,0.012061403508771829,0.012001693806582114,0.01809094509741338,1.0
500,Obote,Regular,Irregular,"Removed by Military, without Foreign Support",1,Exile,1,1924,2005,0,3.0,1980,1985,Sub Saharan Africa,886.0,912.0,12414.719,11322223.728,56,765603906.5307871,35105310712.72682,795004765.5246563,40098894653.77975,4.607802874743326,-0.005701754385964919,0.00768043599126722,0.028449165323824264,1.0
500,Okello,Irregular,Irregular,"Removed by Rebels, without Foreign Support",0,Imprisonment,1,1914,1990,1,3.0,1985,1986,Sub Saharan Africa,858.0,886.0,14391.743,12751084.298,71,795004765.5246563,40098894653.77975,815068387.0967947,41482688664.595215,0.5037645448323066,-0.03160270880361171,0.025237108558585408,0.03450953006967805,1.0
500,Museveni,Irregular,Still in Office,Still in Office,0,Leader Still in Office,1,1944,-777,1,-888.0,1986,2015,Sub Saharan Africa,2026.8051534141848,858.0,14910.724,12793401.192,42,815068387.0967947,41482688664.595215,3445106737.2706604,113181872475.00757,29.919233401779604,0.0454081256182667,0.10755900534685366,0.05761373890213181,1.0
501,Kenyatta,Regular,Natural Death,Regular,0,Missing: Natural Death within Six Months of Losing Office,1,1891,1978,0,2.0,1963,1978,Sub Saharan Africa,1656.0,1138.0,8957.178,10193268.564,72,403664305.93668383,15991243735.72246,716385709.2549777,32088474953.570343,14.694045174537989,0.030345635618043345,0.05164710688545006,0.06710852298869312,1.0
501,Moi,Regular,Regular,Regular,0,OK,1,1924,-777,0,1.0,1978,2002,Sub Saharan Africa,1961.8949398416116,1656.0,15079.69,24971966.64,54,716385709.2549777,32088474953.570343,1503265358.2641668,67072928019.09664,24.355920602327174,0.00738876666284086,0.04393608855361022,0.043609991582518305,1.0
501,Mwai Kibaki,Regular,Regular,Regular,0,OK,1,1931,-777,0,1.0,2002,2013,Sub Saharan Africa,2786.1372064414063,1961.8949398416116,32865.23,64478128.43373074,71,1503265358.2641668,67072928019.09664,3181616146.239904,106221801332.0274,10.272416153319645,0.03819323533781338,0.10149727958716018,0.05306147484690709,1.0
501,Uhuru Kenyatta,Regular,Still in Office,Still in Office,0,Leader Still in Office,1,1961,-777,0,-888.0,2013,2015,Sub Saharan Africa,2921.342653418094,2786.1372064414063,45639.36,127157518.97417367,52,3181616146.239904,106221801332.0274,3445106737.2706604,113181872475.00757,2.726899383983573,0.016175973753685364,0.02760552906863123,0.021841313979178434,1.0
517,Kayibanda,Regular,Irregular,"Removed by Military, without Foreign Support",0,Imprisonment,1,1924,1976,0,3.0,1961,1973,Sub Saharan Africa,1288.0,1167.0,3045.908,3554574.636,37,361504848.81833506,14545646569.21639,642111995.4363545,28100062467.301537,11.690622861054072,0.00864038846043987,0.06468496608350044,0.0776544825834176,1.0
517,Habyarimana,Irregular,Irregular,"Irregular, Other",0,Death,1,1937,1994,1,3.0,1973,1994,Sub Saharan Africa,707.2970999965479,1288.0,4109.838,5293471.344,36,642111995.4363545,28100062467.301537,971492078.7846111,50046959415.1475,20.752908966461327,-0.021469347086788382,0.024426838285535754,0.037191744042061145,1.0
517,Sindikubwabo,Irregular,Regular,Regular,0,Exile,1,1928,1998,1,1.0,1994,1995,Sub Saharan Africa,1049.2385340757573,707.2970999965479,5992.26,4238308.120425315,66,971492078.7846111,50046959415.1475,1022880148.6746541,51854384806.948204,0.28473648186173856,0.4834480928606639,0.05289602562105533,0.03611458943604995,1.0
517,Paul Kagame,Regular,Still in Office,Still in Office,0,Leader Still in Office,1,1957,-777,0,-888.0,1994,2015,Sub Saharan Africa,1708.3466517492332,707.2970999965479,5992.26,4238308.120425315,37,971492078.7846111,50046959415.1475,3445106737.2706604,113181872475.00757,21.451060917180012,0.06433258718665305,0.11573643510490465,0.0573415210231454,1.0
522,Gouled Aptidon,Regular,Regular,Regular,0,OK,1,1916,2006,0,1.0,1977,1999,Sub Saharan Africa,1930.5077921269688,4036.0,252.0,1017072.0,61,712389585.4312688,30733214214.56724,1247035825.4717863,59628765673.01684,21.861738535249827,-0.02371263410975123,0.034113499575251977,0.042736634965427706,1.0
522,Guelleh,Regular,Still in Office,Still in Office,0,Leader Still in Office,1,1947,-777,0,-888.0,1999,2015,Sub Saharan Africa,2941.0,1930.5077921269688,646.0,1247108.0337140218,52,1247035825.4717863,59628765673.01684,3445106737.2706604,113181872475.00757,16.648870636550306,0.03079019849212239,0.10368450231205555,0.0528299171968907,1.0
530,Andom,Irregular,Irregular,Removed in Military Power Struggle Short of Coup,0,Death,1,1924,1974,1,3.0,1974,1975,Sub Saharan Africa,972.0,993.0,33022.36126553671,32791204.736677952,50,675462577.2497042,27746656042.65312,665776256.744163,28234680865.07181,0.1971252566735113,-0.02114803625377648,-0.01434027706609775,0.017588599565601104,1.0
530,Banti,Regular,Irregular,"Removed by Military, without Foreign Support",0,Death,1,1921,1977,0,3.0,1974,1977,Sub Saharan Africa,977.0,993.0,33022.36126553671,32791204.736677952,53,675462577.2497042,27746656042.65312,712389585.4312688,30733214214.56724,2.184804928131417,-0.00537092984222894,0.018223071331807967,0.03587889614906007,1.0
530,Mengistu Marriam,Regular,Irregular,"Removed by Rebels, without Foreign Support",0,Exile,1,1937,-777,0,3.0,1977,1991,Sub Saharan Africa,810.7901023841508,977.0,35458.04608005814,34642511.02021681,40,712389585.4312688,30733214214.56724,918484388.4303116,47192014400.92255,14.269678302532512,-0.011341514678665924,0.01928671307701917,0.03570252490014315,1.0
530,Gebre Kidan,Regular,Irregular,"Removed by Rebels, without Foreign Support",0,Exile,1,1935,2004,0,3.0,1991,1992,Sub Saharan Africa,708.3693502681477,810.7901023841508,51120.28,41447817.05510645,56,918484388.4303116,47192014400.92255,922782911.790749,47778114919.29238,0.01642710472279261,-0.12632215392717794,0.004680017880090093,0.012419485071999414,1.0
530,Meles Zenawi,Irregular,Natural Death,Regular,0,Missing: Natural Death within Six Months of Losing Office,1,1955,2012,1,2.0,1991,2012,Sub Saharan Africa,1291.776901119979,810.7901023841508,51120.28,41447817.05510645,36,918484388.4303116,47192014400.92255,3037907344.1720467,102883604981.64182,21.234770704996578,0.026965100143532997,0.10488736476382604,0.05364119263867984,1.0
530,Desalegn,Regular,Still in Office,Still in Office,0,Leader Still in Office,1,1965,-777,0,-888.0,2012,2015,Sub Saharan Africa,1601.2637835740684,1291.776901119979,90066.04,116345230.04734805,47,3037907344.1720467,102883604981.64182,3445106737.2706604,113181872475.00757,3.36208076659822,0.05989557527034317,0.03350985949915403,0.02502407330887013,1.0
565,Nujoma,Regular,Regular,Regular,0,OK,1,1929,-777,0,1.0,1990,2005,Sub Saharan Africa,6807.57570891404,5007.0,1470.569,7363138.983,61,905424191.4405546,46715156894.540726,1865357237.5802345,77968730835.80147,15.000684462696784,0.022475730338950964,0.06626266003371858,0.04181401714519492,1.0
565,Pohamba,Regular,Regular,Regular,0,Missing: Left Office after 2014-12-31,1,1935,-777,0,1.0,2005,2015,Sub Saharan Africa,9333.582793985172,6807.57570891404,2059.96,14023333.657334566,70,1865357237.5802345,77968730835.80147,3445106737.2706604,113181872475.00757,9.998631074606434,0.03710582435041454,0.08468884500320686,0.04516315869417362,1.0
565,Hage Geingob,Regular,Still in Office,Still in Office,0,Leader Still in Office,1,1941,-777,0,-888.0,2015,2016,Sub Saharan Africa,9152.548366244138,9333.582793985172,2407.78,22473213.97970162,74,3445106737.2706604,113181872475.00757,3492460877.5528216,116773716558.88167,0.7802874743326489,-0.019396027413791983,0.01374533327802685,0.03173515338922517,1.0
581,Abdallah,Irregular,Irregular,"Removed by Rebels, without Foreign Support",0,Exile,1,1919,1989,1,3.0,1975,1976,Sub Saharan Africa,1009.0,1038.0,276.0,286488.0,56,665776256.744163,28234680865.07181,697451798.0894887,29537559377.26344,0.07665982203969883,-0.027938342967244734,0.04757685637548592,0.046144616205078925,1.0
581,Soilih,Irregular,Irregular,"Removed by Military, without Foreign Support",0,Death,1,1937,1978,1,3.0,1975,1978,Sub Saharan Africa,964.0,1038.0,276.0,286488.0,38,665776256.744163,28234680865.07181,716385709.2549777,32088474953.570343,2.7761806981519506,-0.023763648041104684,0.025338568825063135,0.04549716838091289,1.0
581,Bob Denard,Irregular,Irregular,"Removed by Other Government Actors, with Foreign Support",0,Exile,1,1929,2007,1,3.0,1978,1989,Sub Saharan Africa,1108.0,964.0,319.0,307516.0,49,716385709.2549777,32088474953.570343,897789523.357768,46016341267.83971,11.600273785078713,0.01244813278008298,0.021101739346932435,0.03617047952165057,1.0
581,Djohar,Regular,Irregular,"Removed by Military, with Foreign Support",0,Imprisonment,1,1918,2006,0,3.0,1989,1995,Sub Saharan Africa,1166.9368473129186,1108.0,421.0,466468.0,71,897789523.357768,46016341267.83971,1022880148.6746541,51854384806.948204,5.779603011635865,0.008865350077153833,0.023221965739631683,0.02114482007282285,1.0
581,Bob Denard,Irregular,Foreign,Removed through Threat of Foreign Force,1,Exile,1,1929,2007,1,4.0,1995,1996,Sub Saharan Africa,1141.6015868511531,1166.9368473129186,483.0,563630.4972521397,66,1022880148.6746541,51854384806.948204,1092586232.6235435,53971480867.83615,0.01642710472279261,-0.021710909652141397,0.06814687335481828,0.040827715317997004,1.0
581,el-Yachroutu,Regular,Regular,Regular,0,OK,1,1948,-777,0,1.0,1995,1996,Sub Saharan Africa,1141.6015868511531,1166.9368473129186,483.0,563630.4972521397,47,1022880148.6746541,51854384806.948204,1092586232.6235435,53971480867.83615,0.30937713894592744,-0.021710909652141397,0.06814687335481828,0.040827715317997004,1.0
581,Djohar,Regular,Regular,Regular,1,Imprisonment,1,1918,2006,0,1.0,1996,1997,Sub Saharan Africa,1177.5825242030514,1141.6015868511531,494.0,563951.1839044696,78,1092586232.6235435,53971480867.83615,1151928646.4213567,56142944592.630035,0.16153319644079397,0.031517946161185195,0.05431371183885303,0.040233539822842834,1.0
581,Abdoulkarim,Regular,Natural Death,Regular,1,Missing: Natural Death within Six Months of Losing Office,1,1936,1998,0,2.0,1996,1998,Sub Saharan Africa,1179.8440566653692,1141.6015868511531,494.0,563951.1839044696,60,1092586232.6235435,53971480867.83615,1200031003.9771411,57448919778.54096,2.617385352498289,0.01116632114469381,0.03277995156367012,0.021477014988837473,1.0
581,Massounde,Regular,Irregular,"Removed by Military, without Foreign Support",0,Imprisonment,1,1933,2004,0,3.0,1998,1999,Sub Saharan Africa,1189.2566885002002,1179.8440566653692,518.0,611159.2213526613,65,1200031003.9771411,57448919778.54096,1247035825.4717863,59628765673.01684,0.4791238877481177,0.00797786095684061,0.03916967256584347,0.03794407106136943,1.0
581,Azali Assoumani,Irregular,Regular,Regular,0,OK,1,1959,-777,1,1.0,1999,2002,Sub Saharan Africa,1229.855923579943,1189.2566885002002,531.0,631495.3015936064,40,1247035825.4717863,59628765673.01684,1503265358.2641668,67072928019.09664,2.729637234770705,0.011379442714744078,0.06849028914771882,0.04161393281726348,1.0
581,Hamada Madi,Regular,Regular,Regular,0,OK,1,1965,-777,0,1.0,2002,2003,Sub Saharan Africa,1240.051336707094,1229.855923579943,574.0,705937.3001348873,37,1503265358.2641668,67072928019.09664,1599876650.8805447,69971417637.12488,0.3394934976043806,0.00828992480474744,0.0642676238664448,0.043214001589478857,1.0
581,Azali Assoumani,Regular,Regular,Regular,1,OK,1,1959,-777,0,1.0,2002,2006,Sub Saharan Africa,1388.0026343029185,1229.855923579943,574.0,705937.3001348873,43,1503265358.2641668,67072928019.09664,2018949156.3975878,82618841699.03532,3.997262149212868,0.032147405986920785,0.08576060695113824,0.05794406975759481,1.0
581,Sambi,Regular,Regular,Regular,0,OK,1,1958,-777,0,1.0,2006,2011,Sub Saharan Africa,1479.0,1388.0026343029185,640.0,888321.6859538679,48,2018949156.3975878,82618841699.03532,2920877102.875,99528621997.01219,4.999315537303217,0.01311198746287423,0.08934627636554482,0.040934440498635816,1.0
581,Dhoinine,Regular,Still in Office,Still in Office,0,Leader Still in Office,1,1962,-777,0,-888.0,2011,2015,Sub Saharan Africa,1696.0,1479.0,722.0,1067838.0,49,2920877102.875,99528621997.01219,3445106737.2706604,113181872475.00757,4.59958932238193,0.02934415145368492,0.03589535717744954,0.027435827411345537,1.0
616,Ben Ali Bourguiba,Irregular,Irregular,"Removed by Other Government Actors, without Foreign Support",0,Imprisonment,1,1903,2000,1,3.0,1957,1987,Middle East and North Africa,5043.0,1847.0,3950.849,7297218.103,54,351443827.387,12402988214.360376,1830131290.226,42930313200.45056,30.286105407255306,0.055818502541174,0.13572466453629348,0.07939638431373924,1.0
616,Zine Al-Abidine Ben Ali,Irregular,Irregular,"Popular Protest, without Foreign Support",0,Exile,1,1936,-777,1,3.0,1987,2011,Middle East and North Africa,10437.0,5043.0,7728.019,38972399.817,51,1830131290.226,42930313200.45056,8077858457.570001,99528621997.01219,23.186858316221766,0.044566726155066426,0.14224223513158626,0.05493234711594536,1.0
616,Ghannouchi,Regular,Regular,Regular,0,OK,1,1941,-777,0,1.0,2011,2012,Middle East and North Africa,10750.849821816155,10437.0,10612.25,110760053.25,70,8077858457.570001,99528621997.01219,8412689753.41546,102883604981.64182,0.0027378507871321013,0.03007088452775264,0.041450502952509405,0.03370872536274372,1.0
616,Mebazaa,Regular,Regular,Regular,0,OK,1,1933,-777,0,1.0,2011,2012,Middle East and North Africa,10750.849821816155,10437.0,10612.25,110760053.25,78,8077858457.570001,99528621997.01219,8412689753.41546,102883604981.64182,0.9089664613278576,0.03007088452775264,0.041450502952509405,0.03370872536274372,1.0
616,Marzouki,Regular,Regular,Regular,0,Missing: Left Office after 2014-12-31,1,1945,-777,0,1.0,2011,2014,Middle East and North Africa,11084.781395957822,10437.0,10612.25,110760053.25,66,8077858457.570001,99528621997.01219,8966811156.347523,109801891452.69542,3.049965776865161,0.01551646536259993,0.02751201644120349,0.02580481184596234,1.0
616,Caid Essebsi,Regular,Still in Office,Still in Office,0,Leader Still in Office,1,1926,-777,0,-888.0,2014,2015,Middle East and North Africa,11063.08092636137,11084.781395957822,10996.09,121889253.86027785,88,8966811156.347523,109801891452.69542,9249129498.157887,113181872475.00757,0.999315537303217,-0.001957681330943095,0.031484809581443285,0.030782539149321497,1.0
630,Mohammad Mossadeg,Irregular,Irregular,"Removed by Other Government Actors, without Foreign Support",0,Imprisonment,1,1882,1967,1,3.0,1951,1953,Middle East and North Africa,2531.0,2668.0,16806.708,44840296.944,69,251299408.288,9334940849.93543,288387396.447,10381252161.518972,2.305270362765229,-0.017116441779110463,0.04919495355714698,0.037361826154144996,1.0
630,Mohammad Reza,Irregular,Irregular,"Popular Protest, without Foreign Support",1,Exile,1,1919,1980,1,3.0,1953,1979,Middle East and North Africa,7678.0,2531.0,17734.742,44886632.002,34,288387396.447,10381252161.518972,1532324159.052,33220383789.58506,25.409993155373034,0.07821475245418351,0.165900875794503,0.08461678089249619,1.0
630,Ayatollah Khomeini,Irregular,Natural Death,Regular,0,Missing: Natural Death within Six Months of Losing Office,1,1902,1989,1,2.0,1979,1989,Middle East and North Africa,5303.0,7678.0,37838.548,290524371.544,77,1532324159.052,33220383789.58506,1869725036.388,46016341267.83971,10.335386721423683,-0.028120485921996733,0.020017179034442514,0.03501671952460135,1.0
630,Khamenei,Regular,Regular,Regular,0,OK,1,1939,-777,0,1.0,1989,1990,Middle East and North Africa,5620.0,5303.0,54479.33,288903886.99,50,1869725036.388,46016341267.83971,1997694587.4720001,46715156894.540726,0.16427104722792607,0.059777484442768314,0.06844297883030759,0.015186249220326742,1.0
630,Rafsanjani,Regular,Regular,Regular,0,OK,1,1943,-777,0,1.0,1989,1997,Middle East and North Africa,8113.724178576165,5303.0,54479.33,288903886.99,46,1869725036.388,46016341267.83971,3061975676.602197,56142944592.630035,7.96167008898015,0.06625316279879703,0.0797076185676363,0.02750817167820907,1.0
630,Khatami,Regular,Regular,Regular,0,OK,1,1946,-777,0,1.0,1997,2005,Middle East and North Africa,13110.142347710525,8113.724178576165,63193.71,512736332.7609304,51,3061975676.602197,56142944592.630035,5235665611.160606,77968730835.80147,8.0,0.06842204173197369,0.07887753834407775,0.0431948729791192,1.0
630,Ahmadinejad,Regular,Regular,Regular,0,OK,1,1956,-777,0,1.0,2005,2013,Middle East and North Africa,16842.896925218112,13110.142347710525,69324.65,908856029.7052104,49,5235665611.160606,77968730835.80147,8655407644.30839,106221801332.0274,8.0,0.031635850901678704,0.0725736449261493,0.04026267994213331,1.0
630,Rouhani,Regular,Still in Office,Still in Office,0,Leader Still in Office,1,1948,-777,0,-888.0,2013,2015,Middle East and North Africa,16922.88101385683,16842.896925218112,76417.71,1287095612.7912095,65,8655407644.30839,106221801332.0274,9249129498.157887,113181872475.00757,2.409308692676249,0.0015829440147943814,0.02286516045799858,0.021841313979178434,1.0
640,Inonu,Regular,Regular,Regular,0,OK,1,1884,1973,0,1.0,1938,1950,Middle East and North Africa,2079.0,2209.0,17016.0,37588344.0,54,37588344.0,6269649368.577917,237355630.96842542,8767224010.95815,11.526351813826146,-0.004904179870227852,0.44288394067148723,0.03319662838586477,1.0
640,Menderes,Regular,Irregular,"Removed by Military, without Foreign Support",0,Death,1,1899,1961,0,3.0,1950,1960,Middle East and North Africa,3041.0,2079.0,21121.639,43911887.481,51,237355630.96842542,8767224010.95815,417185325.907,14025367456.334517,10.015058179329227,0.04206567842931479,0.06887620073989185,0.05452273603267033,1.0
640,Gursel,Irregular,Regular,Regular,0,OK,1,1895,1966,1,1.0,1960,1961,Middle East and North Africa,3022.0,3041.0,28217.122,85808268.002,65,417185325.907,14025367456.334517,438028172.426,14545646569.21639,1.4565366187542779,-0.003123972377507389,0.024980320764741326,0.0185477890152137,1.0
640,Inonu,Regular,Regular,Regular,1,OK,1,1884,1973,0,1.0,1961,1965,Middle East and North Africa,3481.0,3022.0,29029.976,87728587.472,77,438028172.426,14545646569.21639,569707305.2179999,18075505373.698357,3.260780287474333,0.03797154202514891,0.07515448838752814,0.060668647276779786,1.0
640,Urguplu,Regular,Regular,Regular,0,OK,1,1902,1981,0,1.0,1965,1966,Middle East and North Africa,3824.0,3481.0,31950.718,111220449.358,63,569707305.2179999,18075505373.698357,608899688.427,19030818060.72169,0.7008898015058179,0.09853490376328633,0.0687938926709093,0.052851229731778915,1.0
640,Demirel,Regular,Irregular,"Removed by Military, without Foreign Support",0,OK,1,1924,-777,0,3.0,1965,1971,Middle East and North Africa,4715.0,3481.0,31950.718,111220449.358,41,569707305.2179999,18075505373.698357,906445851.407,24246398728.449657,5.371663244353183,0.05908263908838455,0.09851214916407709,0.056899223813040724,1.0
640,Erim,Irregular,Regular,Regular,0,OK,1,1912,1980,1,1.0,1971,1972,Middle East and North Africa,4929.0,4715.0,36579.964,172474530.26,59,906445851.407,24246398728.449657,1005903553.785,25373866516.69958,1.08145106091718,0.02269353128313889,0.054861358912736025,0.02325021131750593,1.0
640,Melen,Regular,Regular,Regular,0,OK,1,1906,1988,0,1.0,1972,1973,Middle East and North Africa,5050.0,4929.0,37492.953,184802765.337,66,1005903553.785,25373866516.69958,1073613512.449,28100062467.301537,0.8980150581793293,0.024548589977683166,0.06731257525557188,0.10744109293740212,1.0
640,Talu,Regular,Regular,Regular,0,OK,1,1919,1998,0,1.0,1973,1974,Middle East and North Africa,5353.0,5050.0,38503.442,194442382.10000002,54,1073613512.449,28100062467.301537,1167277961.798,27746656042.65312,0.7802874743326489,0.06000000000000005,0.0872422415170091,-0.012576713132209538,1.0
640,Ecevit,Regular,Regular,Regular,0,Imprisonment,1,1925,2006,0,1.0,1974,1975,Middle East and North Africa,5719.0,5353.0,39512.945,211512794.585,49,1167277961.798,27746656042.65312,1235915649.752,28234680865.07181,0.783025325119781,0.06837287502335143,0.05880149390319578,0.017588599565601104,1.0
640,Irmak,Regular,Regular,Regular,0,OK,1,1901,1990,0,1.0,1974,1975,Middle East and North Africa,5719.0,5353.0,39512.945,211512794.585,73,1167277961.798,27746656042.65312,1235915649.752,28234680865.07181,0.3668720054757016,0.06837287502335143,0.05880149390319578,0.017588599565601104,1.0
640,Demirel,Regular,Regular,Regular,1,OK,1,1924,-777,0,1.0,1975,1977,Middle East and North Africa,6271.0,5719.0,40529.798,231789914.76200002,51,1235915649.752,28234680865.07181,1445357946.033,30733214214.56724,2.2258726899383983,0.032173456898059095,0.05648775365401537,0.02949721492556671,1.0
640,Ecevit,Regular,Regular,Regular,1,Imprisonment,1,1925,2006,0,1.0,1977,1978,Middle East and North Africa,6350.0,6271.0,42376.642,265743921.982,52,1445357946.033,30733214214.56724,1477016396.433,32088474953.570343,0.08213552361396304,0.012597671822675904,0.02190353641247933,0.04409759192582996,1.0
640,Demirel,Regular,Regular,Regular,2,OK,1,1924,-777,0,1.0,1977,1978,Middle East and North Africa,6350.0,6271.0,42376.642,265743921.982,53,1445357946.033,30733214214.56724,1477016396.433,32088474953.570343,0.4188911704312115,0.012597671822675904,0.02190353641247933,0.04409759192582996,1.0
640,Ecevit,Regular,Regular,Regular,2,Imprisonment,1,1925,2006,0,1.0,1978,1979,Middle East and North Africa,6204.0,6350.0,43274.733,274794554.55,53,1477016396.433,32088474953.570343,1532324159.052,33220383789.58506,1.8617385352498288,-0.011496062992125966,0.018722799134988755,0.01763731117874101,1.0
640,Demirel,Regular,Irregular,"Removed by Military, without Foreign Support",3,Imprisonment,1,1924,-777,0,3.0,1979,1980,Middle East and North Africa,6070.0,6204.0,44165.463,274002532.452,55,1532324159.052,33220383789.58506,1551678287.2810001,35105310712.72682,0.8569472963723477,-0.02159896840747899,0.012630570440770095,0.05674007064700759,1.0
640,Evren,Irregular,Regular,Regular,0,OK,1,1917,-777,1,1.0,1980,1983,Middle East and North Africa,6489.0,6070.0,45047.973,273441196.11,63,1551678287.2810001,35105310712.72682,1683667905.32,37212432698.472725,3.1731690622861053,0.01725700164744648,0.021265622378187132,0.015005720950519885,1.0
640,Ozal,Regular,Regular,Regular,0,OK,1,1927,1993,0,1.0,1983,1989,Middle East and North Africa,7992.0,6489.0,48660.621,315758769.66899997,56,1683667905.32,37212432698.472725,1869725036.388,46016341267.83971,5.908281998631074,0.03860379103097548,0.01841783747654972,0.039430856530772274,1.0
640,Akbulut,Regular,Regular,Regular,0,OK,1,1935,-777,0,1.0,1989,1991,Middle East and North Africa,8658.37842796921,7992.0,55462.482,443256156.14400005,54,1869725036.388,46016341267.83971,2069583036.8851695,47192014400.92255,1.620807665982204,0.041690342090165755,0.05344582668777387,0.01277451771143423,1.0
640,Yilmaz,Regular,Regular,Regular,0,OK,1,1947,2011,0,1.0,1991,1992,Middle East and North Africa,9150.434559004287,8658.37842796921,57520.11,498030879.59841603,44,2069583036.8851695,47192014400.92255,2259712024.8750567,47778114919.29238,0.4079397672826831,0.05683005601205715,0.09186825780909058,0.012419485071999414,1.0
640,Demirel,Regular,Regular,Regular,4,OK,1,1924,-777,0,1.0,1991,1993,Middle East and North Africa,9865.300684435108,8658.37842796921,57520.11,498030879.59841603,67,2069583036.8851695,47192014400.92255,2424233356.8183246,48709321632.52854,1.486652977412731,0.069696783670668,0.08568158745322008,0.016075889648570874,1.0
640,Erdal Inonu,Regular,Regular,Regular,0,OK,1,1926,2007,0,1.0,1993,1994,Middle East and North Africa,9308.695420908027,9865.300684435108,59426.68,586262066.8777062,67,2424233356.8183246,48709321632.52854,2494756202.06994,50046959415.1475,0.10951403148528405,-0.056420506716562624,0.02909078247490693,0.027461638507518593,1.0
640,Ciller,Regular,Regular,Regular,0,OK,0,1946,-777,0,1.0,1993,1996,Middle East and North Africa,10644.633979720156,9865.300684435108,59426.68,586262066.8777062,47,2424233356.8183246,48709321632.52854,2870383374.9381247,53971480867.83615,2.6967830253251197,0.026332473120143012,0.06134585694414444,0.03601062424290665,1.0
640,Yilmaz,Regular,Regular,Regular,1,OK,1,1947,2011,0,1.0,1996,1997,Middle East and North Africa,11432.436812926795,10644.633979720156,62256.76,662700422.9632827,49,2870383374.9381247,53971480867.83615,3061975676.602197,56142944592.630035,0.31211498973305957,0.07400938676778712,0.06674798333104293,0.040233539822842834,1.0
640,Erbakan,Regular,Irregular,"Removed by Military, without Foreign Support",0,OK,1,1926,-777,0,3.0,1996,1997,Middle East and North Africa,11432.436812926795,10644.633979720156,62256.76,662700422.9632827,70,2870383374.9381247,53971480867.83615,3061975676.602197,56142944592.630035,1.0047912388774811,0.03700469338389356,0.03337399166552146,0.020116769911421417,1.0
640,Yilmaz,Irregular,Regular,Regular,2,OK,1,1947,2011,1,1.0,1997,1999,Middle East and North Africa,11151.67362088466,11432.436812926795,63191.57,722433631.1346405,50,3061975676.602197,56142944592.630035,3349328922.74026,59628765673.01684,1.5331964407939767,-0.012279236554566975,0.046922849246296416,0.0310441597397475,1.0
640,Ecevit,Regular,Regular,Regular,3,Imprisonment,1,1925,2006,0,1.0,1999,2002,Middle East and North Africa,11753.953608919272,11151.67362088466,65020.15,725083491.5809637,74,3349328922.74026,59628765673.01684,4009685150.5250006,67072928019.09664,3.8521560574948666,0.013502008947488209,0.04929018939445251,0.03121044961294761,1.0
640,Abdullah Gul,Regular,Regular,Regular,0,OK,1,1950,-777,0,1.0,2002,2003,Middle East and North Africa,12380.206831943839,11753.953608919272,67728.13,796073298.0388536,52,4009685150.5250006,67072928019.09664,4360472541.470822,69971417637.12488,0.31485284052019163,0.05328021905321689,0.08748502133637404,0.043214001589478857,1.0
640,Erdogan,Regular,Still in Office,Still in Office,0,Leader Still in Office,1,1954,-777,0,-888.0,2003,2015,Middle East and North Africa,21519.33050572648,12380.206831943839,68540.83,848549651.8331013,49,4360472541.470822,69971417637.12488,9249129498.157887,113181872475.00757,12.799452429842573,0.056784957061780744,0.08624077586850926,0.047503412873716504,1.0
645,Faisal II,Regular,Irregular,"Removed by Military, without Foreign Support",0,Death,1,1935,1958,0,3.0,1953,1958,Middle East and North Africa,3974.0,3394.0,5589.018,18969127.092,18,288387396.447,10381252161.518972,366958661.582,12754499113.886679,5.19917864476386,0.028481634256531125,0.04540840209096993,0.03810148839213593,1.0
645,Karrim Kassem,Irregular,Irregular,"Removed by Military, without Foreign Support",0,Death,1,1914,1963,1,3.0,1958,1963,Middle East and North Africa,4578.0,3974.0,6433.104,25565155.296,44,366958661.582,12754499113.886679,497363917.823,15991243735.72246,4.572210814510609,0.030397584297936577,0.07107354037035578,0.050754554811356246,1.0
645,Salem Aref,Irregular,Natural Death,Regular,0,Missing: Natural Death within Six Months of Losing Office,1,1921,1966,1,2.0,1963,1966,Middle East and North Africa,5338.0,4578.0,7468.223,34189524.894,42,497363917.823,15991243735.72246,608899688.427,19030818060.72169,3.1759069130732374,0.0415028396679773,0.05606346108308413,0.047519354579800444,1.0
645,Rahmen Aref,Regular,Irregular,"Removed by Military, without Foreign Support",0,Exile,1,1916,2007,0,3.0,1966,1968,Middle East and North Africa,5745.0,5338.0,8240.451,43987527.43799999,50,608899688.427,19030818060.72169,708435519.5849999,20870428352.946007,2.2505133470225873,0.025415261646059673,0.05448945206674657,0.03222160123568455,1.0
645,Hassan Al-Bakr,Irregular,Regular,Regular,0,Missing: No Information Found,1,1914,1982,1,1.0,1968,1979,Middle East and North Africa,10769.0,5745.0,8807.547,50599357.515,54,708435519.5849999,20870428352.946007,1532324159.052,33220383789.58506,10.99520876112252,0.07949996043990822,0.10572446631155423,0.05379492948232474,1.0
645,Saddam Hussein,Regular,Foreign,Removed through Threat of Foreign Force,0,Imprisonment,1,1937,2006,0,4.0,1979,2003,Middle East and North Africa,3782.4526380147104,10769.0,12768.376,137502641.144,42,1532324159.052,33220383789.58506,4360472541.470822,69971417637.12488,23.731690622861056,-0.027031863690474545,0.07690247212901814,0.046094984533589345,1.0
645,Tommy Ray Franks,Foreign Imposition,Regular,Regular,0,OK,1,1945,-777,2,1.0,2003,2004,Middle East and North Africa,6061.554618446105,3782.4526380147104,24978.66,94480598.41107252,58,4360472541.470822,69971417637.12488,4828845228.9438,74015814861.56413,0.03285420944558522,0.6025460722299021,0.10741328675240136,0.05780070435922413,1.0
645,Jay Garner,Foreign Imposition,Regular,Regular,0,OK,1,1938,-777,2,1.0,2003,2004,Middle East and North Africa,6061.554618446105,3782.4526380147104,24978.66,94480598.41107252,65,4360472541.470822,69971417637.12488,4828845228.9438,74015814861.56413,0.057494866529774126,0.6025460722299021,0.10741328675240136,0.05780070435922413,1.0
645,Paul Bremer,Foreign Imposition,Regular,Regular,0,OK,1,1941,-777,2,1.0,2003,2004,Middle East and North Africa,6061.554618446105,3782.4526380147104,24978.66,94480598.41107252,62,4360472541.470822,69971417637.12488,4828845228.9438,74015814861.56413,1.1307323750855578,0.30127303611495104,0.05370664337620068,0.028900352179612065,1.0
645,Iyad Allawi,Regular,Regular,Regular,0,OK,1,1945,-777,0,1.0,2004,2005,Middle East and North Africa,6441.4102161774845,6061.554618446105,25725.62,155937250.7233895,59,4828845228.9438,74015814861.56413,5235665611.160606,77968730835.80147,0.8459958932238193,0.06266636558473437,0.08424796466417073,0.053406369728289826,1.0
645,al-Jaafari,Regular,Regular,Regular,0,OK,1,1947,-777,0,1.0,2005,2006,Middle East and North Africa,7117.6135054778115,6441.4102161774845,26530.79,170895701.74925944,58,5235665611.160606,77968730835.80147,5713391354.622525,82618841699.03532,1.0458590006844628,0.0524887615139038,0.04562225502365691,0.029820357554791843,1.0
645,al-Maliki,Regular,Regular,Regular,0,OK,1,1950,-777,0,1.0,2006,2014,Middle East and North Africa,12559.503483328872,7117.6135054778115,26705.98,190082843.9250203,56,5713391354.622525,82618841699.03532,8966811156.347523,109801891452.69542,8.303901437371664,0.08495185099866703,0.06327084329486447,0.03655750673097434,1.0
645,al-Abadi,Regular,Still in Office,Still in Office,0,Leader Still in Office,1,1952,-777,0,-888.0,2014,2015,Middle East and North Africa,12574.507434070307,12559.503483328872,33856.66,425222839.2038813,62,8966811156.347523,109801891452.69542,9249129498.157887,113181872475.00757,1.3114305270362765,0.0005973146454933964,0.015742404790721642,0.015391269574660749,1.0
651,Naguib,Irregular,Regular,Regular,0,Exile,1,1901,1984,1,1.0,1952,1954,Middle East and North Africa,1417.0,1435.0,22223.309,31890448.415000003,51,267939257.235,9831337731.891596,302595733.021,10684681554.893536,2.3107460643394937,-0.004181184668989535,0.043114841455283104,0.02893278094576431,1.0
651,Nasser,Irregular,Natural Death,Regular,0,Missing: Natural Death within Six Months of Losing Office,1,1918,1970,1,2.0,1954,1970,Middle East and North Africa,1999.0,1417.0,23298.551,33014046.767,36,302595733.021,10684681554.893536,833157156.772,23271103735.64346,15.863107460643395,0.025670430486944243,0.10958544806094869,0.07362422382505049,1.0
651,Sadat,Regular,Irregular,"Irregular, Other",0,Death,1,1918,1981,0,3.0,1970,1981,Middle East and North Africa,3309.0,1999.0,33574.026,67114477.97399999,52,833157156.772,23271103735.64346,1562110865.641,35740398961.4584,11.02258726899384,0.05461063865265966,0.07291078509258209,0.04465228410687785,1.0
651,Mubarak,Regular,Irregular,"Popular Protest, without Foreign Support",0,Imprisonment,1,1929,-777,0,3.0,1981,2011,Middle East and North Africa,10737.0,3309.0,44196.104,146244908.136,52,1562110865.641,35740398961.4584,8077858457.570001,99528621997.01219,29.32785763175907,0.07482623148987609,0.13903724196202327,0.059492175884159844,1.0
651,Tantawi,Regular,Regular,Regular,0,OK,1,1931,-777,0,1.0,2011,2012,Middle East and North Africa,10774.529912485224,10737.0,85969.34,923052803.5799999,80,8077858457.570001,99528621997.01219,8412689753.41546,102883604981.64182,1.3826146475017111,0.00174769081145687,0.020725251476254702,0.01685436268137186,1.0
651,Morsi,Regular,Irregular,"Popular Protest, without Foreign Support",0,Imprisonment,1,1951,-777,0,3.0,2012,2013,Middle East and North Africa,10871.144909874585,10774.529912485224,88197.56,950287248.4282103,61,8412689753.41546,102883604981.64182,8655407644.30839,106221801332.0274,1.0075290896646132,0.004483490146396374,0.01442570081669714,0.016223169624456912,1.0
651,Mansour,Irregular,Regular,Regular,0,OK,1,1945,-777,1,1.0,2013,2014,Middle East and North Africa,11135.727124261874,10871.144909874585,90566.05,984556653.4649472,68,8655407644.30839,106221801332.0274,8966811156.347523,109801891452.69542,0.9281314168377823,0.024338026636638865,0.03597791402048012,0.03370391083349644,1.0
651,al-Sisi,Regular,Still in Office,Still in Office,0,Leader Still in Office,1,1954,-777,0,-888.0,2014,2015,Middle East and North Africa,11312.847990951546,11135.727124261874,93008.91,1035721841.8850315,60,8966811156.347523,109801891452.69542,9249129498.157887,113181872475.00757,1.5633127994524298,0.007952819996090432,0.015742404790721642,0.015391269574660749,1.0
652,"Atassi, H.",Irregular,Regular,Regular,2,OK,1,1875,1960,1,1.0,1954,1955,Middle East and North Africa,4844.0,5504.0,3841.974,21146224.896,79,302595733.021,10684681554.893536,309853170.438,11398992120.516134,1.5195071868583163,-0.05995639534883723,0.011991969193591245,0.03342685329238693,1.0
652,Kuwatli,Regular,Regular,Regular,1,OK,1,1891,1967,0,1.0,1955,1958,Middle East and North Africa,4844.0,4844.0,3938.446,19077832.424,64,309853170.438,11398992120.516134,366958661.582,12754499113.886679,2.406570841889117,0.0,0.06143285120419802,0.03963821184187196,1.0
652,Nasser (president of UAR),Regular,Irregular,"Removed by Military, without Foreign Support",0,OK,1,1918,1970,0,3.0,1958,1961,Middle East and North Africa,5050.0,4844.0,4267.748,20672971.312,40,366958661.582,12754499113.886679,438028172.426,14545646569.21639,3.6550308008213555,0.010631709331131278,0.04841792706132847,0.035108149668134914,1.0
652,Al-kuzbari,Irregular,Regular,Regular,0,OK,1,1914,1998,1,1.0,1961,1962,Middle East and North Africa,6051.0,5050.0,4681.153,23639822.650000002,47,438028172.426,14545646569.21639,459060791.028,15291081770.15114,0.17522245037645448,0.19821782178217817,0.04801658871736891,0.05124799350702958,1.0
652,El-Kudsi,Regular,Irregular,"Removed by Military, without Foreign Support",0,Imprisonment,1,1906,1998,0,3.0,1961,1962,Middle East and North Africa,6051.0,5050.0,4681.153,23639822.650000002,55,438028172.426,14545646569.21639,459060791.028,15291081770.15114,0.3203285420944558,0.19821782178217817,0.04801658871736891,0.05124799350702958,1.0
652,El-Kudsi,Regular,Irregular,"Removed by Military, without Foreign Support",1,Imprisonment,1,1906,1998,0,3.0,1962,1963,Middle East and North Africa,5855.0,6051.0,4834.621,29254291.671,56,459060791.028,15291081770.15114,497363917.823,15991243735.72246,0.9007529089664613,-0.03239134027433477,0.08343802725827598,0.045788909908131226,1.0
652,"Atassi, L.",Irregular,Irregular,Removed in Military Power Struggle Short of Coup,0,Missing: No Information Found,1,1926,2003,1,3.0,1963,1964,Middle East and North Africa,5797.0,5855.0,4993.12,29234717.599999998,37,497363917.823,15991243735.72246,531191444.973,17168846684.352207,0.38329911019849416,-0.009906063193851455,0.06801363335335142,0.07364048526126377,1.0
652,Al-Hafiz,Irregular,Irregular,"Removed by Military, without Foreign Support",0,Imprisonment,1,1911,2009,1,3.0,1963,1966,Middle East and North Africa,5004.0,5855.0,4993.12,29234717.599999998,52,497363917.823,15991243735.72246,608899688.427,19030818060.72169,2.5845311430527036,-0.0484486194136066,0.07475128144411218,0.06335913943973392,1.0
652,"El-Atassi, N.",Irregular,Irregular,"Removed by Military, without Foreign Support",0,Imprisonment,1,1929,1992,1,3.0,1966,1970,Middle East and North Africa,5643.0,5004.0,5500.483,27524416.932,37,608899688.427,19030818060.72169,833157156.772,23271103735.64346,4.714579055441479,0.02553956834532376,0.07365990576357002,0.044562305849304804,1.0
652,Al-Khatib,Irregular,Regular,Regular,0,OK,1,1933,-777,1,1.0,1970,1971,Middle East and North Africa,5992.0,5643.0,6258.053,35314193.078999996,37,833157156.772,23271103735.64346,906445851.407,24246398728.449657,0.26283367556468173,0.06184653553074604,0.08796503041389103,0.04191013042979885,1.0
652,Al-Assad H.,Regular,Natural Death,Regular,0,Missing: Natural Death within Six Months of Losing Office,1,1930,2000,0,2.0,1971,2000,Middle East and North Africa,7668.071651789252,5992.0,6478.681,38820256.552,41,906445851.407,24246398728.449657,3628795012.8909326,62796055415.77486,29.297741273100616,0.00932394109807105,0.1001107478274721,0.05299708920221725,1.0
652,Bashar al-Assad,Regular,Still in Office,Still in Office,0,Leader Still in Office,1,1965,-777,0,-888.0,2000,2015,Middle East and North Africa,3464.037685420644,7668.071651789252,16329.3,125214242.42356223,35,3628795012.8909326,62796055415.77486,9249129498.157887,113181872475.00757,15.553730321697467,-0.03426573652800023,0.09680097775744559,0.05014827038659761,1.0
663,Abdullah El-Hashim,Regular,Regular,Regular,0,Exile,1,1914,1983,0,1.0,1951,1952,Middle East and North Africa,2751.0,2702.0,584.172,1578432.7440000002,37,251299408.288,9334940849.93543,267939257.235,9831337731.891596,0.13141683778234087,0.0181347150259068,0.06621523329625201,0.05317622146042833,1.0
663,Ibn Abdullah-Hashim,Regular,Regular,Regular,0,Exile,1,1909,1972,0,1.0,1951,1952,Middle East and North Africa,2751.0,2702.0,584.172,1578432.7440000002,42,251299408.288,9334940849.93543,267939257.235,9831337731.891596,0.9308692676249144,0.0181347150259068,0.06621523329625201,0.05317622146042833,1.0
663,Hussein Ibn Talal El-Hashim,Regular,Natural Death,Regular,0,Missing: Natural Death within Six Months of Losing Office,1,1935,1999,0,2.0,1952,1999,Middle East and North Africa,7340.493689376685,2751.0,607.914,1672371.4139999999,17,267939257.235,9831337731.891596,3349328922.74026,59628765673.01684,46.49144421629021,0.03549574769234155,0.24468785545408567,0.1077696415607055,1.0
663,Abdullah Ibn Hussein El-Hashimi,Regular,Still in Office,Still in Office,0,Leader Still in Office,1,1962,-777,0,-888.0,1999,2015,Middle East and North Africa,9307.248097850334,7340.493689376685,4591.3,33702408.67603517,37,3349328922.74026,59628765673.01684,9249129498.157887,113181872475.00757,16.895277207392198,0.015760715925687476,0.1036169037670053,0.0528299171968907,1.0
666,Sharett,Regular,Regular,Regular,0,OK,1,1894,1965,0,1.0,1953,1955,Middle East and North Africa,5899.0,4638.0,1667.098,7732000.524,59,288387396.447,10381252161.518972,309853170.438,11398992120.516134,1.9028062970568105,0.1359422164726175,0.03721690728420057,0.04901816963707428,1.0
666,Ben Gurion,Regular,Regular,Regular,1,OK,1,1886,1973,0,1.0,1955,1963,Middle East and North Africa,8915.0,5899.0,1772.032,10453216.768,69,309853170.438,11398992120.516134,497363917.823,15991243735.72246,7.616700889801506,0.06390913714188845,0.07564500111453593,0.05035808831446048,1.0
666,Eshkol,Regular,Natural Death,Regular,0,Missing: Natural Death within Six Months of Losing Office,1,1895,1969,0,2.0,1963,1969,Middle East and North Africa,12310.0,8915.0,2406.662,21455391.729999997,68,497363917.823,15991243735.72246,769118952.62,22012539042.756966,5.691991786447638,0.06346980744064312,0.09106512188851328,0.06275617046579558,1.0
666,Allon,Regular,Regular,Regular,0,OK,1,1918,1980,0,1.0,1969,1970,Middle East and North Africa,12913.0,12310.0,2817.051,34677897.81,51,769118952.62,22012539042.756966,833157156.772,23271103735.64346,0.05201916495550993,0.048984565393988655,0.08326176846098265,0.057174898835698595,1.0
666,Meir,Regular,Regular,Regular,0,OK,0,1898,1978,0,1.0,1969,1974,Middle East and North Africa,15980.0,12310.0,2817.051,34677897.81,71,769118952.62,22012539042.756966,1167277961.798,27746656042.65312,5.212867898699521,0.049688600054156505,0.08628032716778795,0.043415535336157385,1.0
666,Rabin,Regular,Regular,Regular,0,OK,1,1922,1995,0,1.0,1974,1977,Middle East and North Africa,15721.0,15980.0,3285.761,52506460.78,52,1167277961.798,27746656042.65312,1445357946.033,30733214214.56724,2.847364818617385,-0.005402586566541505,0.07940981592383915,0.03587889614906007,1.0
666,Peres,Regular,Regular,Regular,0,OK,1,1923,-777,0,1.0,1977,1978,Middle East and North Africa,16139.0,15721.0,3495.918,54959326.878,54,1445357946.033,30733214214.56724,1477016396.433,32088474953.570343,0.2026009582477755,0.02658863939952938,0.02190353641247933,0.04409759192582996,1.0
666,Begin,Regular,Regular,Regular,0,OK,1,1913,1992,0,1.0,1977,1983,Middle East and North Africa,18468.0,15721.0,3495.918,54959326.878,64,1445357946.033,30733214214.56724,1683667905.32,37212432698.472725,6.3025325119780975,0.024962061664561514,0.023554220593993654,0.030117339309052804,1.0
666,Shamir,Regular,Regular,Regular,0,OK,1,1914,2012,0,1.0,1983,1984,Middle East and North Africa,18305.0,18468.0,3926.893,72521859.924,69,1683667905.32,37212432698.472725,1738567345.419,38795331361.618996,0.9308692676249144,-0.008826077539527799,0.03260704793714386,0.042536823001395385,1.0
666,Peres,Regular,Regular,Regular,1,OK,1,1923,-777,0,1.0,1984,1986,Middle East and North Africa,19160.0,18305.0,3997.337,73171253.785,61,1738567345.419,38795331361.618996,1772497006.5609999,41482688664.595215,2.0971937029431897,0.01556951652553947,0.006505291311915018,0.023090040379058596,1.0
666,Shamir,Regular,Regular,Regular,1,OK,1,1914,2012,0,1.0,1986,1992,Middle East and North Africa,21531.596141653485,19160.0,4139.683,79316326.28,72,1772497006.5609999,41482688664.595215,2259712024.8750567,47778114919.29238,5.727583846680356,0.020629750710277357,0.04581249093892237,0.025293387263292333,1.0
666,Rabin,Regular,Irregular,Assassination by Unsupported Individual,1,Death,1,1922,1995,0,3.0,1992,1995,Middle East and North Africa,23378.15952818054,21531.596141653485,4823.61,103860022.46484116,70,2259712024.8750567,47778114919.29238,2648181209.881338,51854384806.948204,3.3127994524298425,0.021440159085034383,0.04297773131376781,0.02132916867137563,1.0
666,Peres,Regular,Regular,Regular,2,OK,1,1923,-777,0,1.0,1995,1996,Middle East and North Africa,23979.995274983416,23378.15952818054,5356.27,125219734.53600758,72,2648181209.881338,51854384806.948204,2870383374.9381247,53971480867.83615,0.621492128678987,0.025743504148708185,0.08390746230947821,0.040827715317997004,1.0
666,Netanyahu,Regular,Regular,Regular,0,OK,1,1949,-777,0,1.0,1996,1999,Middle East and North Africa,24644.204273032487,23979.995274983416,5494.09,131748252.24033363,47,2870383374.9381247,53971480867.83615,3349328922.74026,59628765673.01684,3.047227926078029,0.006924615605971296,0.041714423235577336,0.02620497304416236,1.0
666,Barak,Regular,Regular,Regular,0,OK,1,1942,-777,0,1.0,1999,2001,Middle East and North Africa,25427.319382366648,24644.204273032487,5927.17,146070388.24098995,57,3349328922.74026,59628765673.01684,3754127282.435507,64760587194.60295,1.6700889801505818,0.015888423514471173,0.06042977101276459,0.043031425048501104,1.0
666,Ariel Sharon,Regular,Retired Due to Ill Health,Regular,0,OK,1,1928,-777,0,2.1,2001,2006,Middle East and North Africa,26571.255443271046,25427.319382366648,6236.09,158567052.12718284,73,3754127282.435507,64760587194.60295,5713391354.622525,82618841699.03532,4.826830937713894,0.00899769294358017,0.10437920319611202,0.05515161389988341,1.0
666,Olmert,Regular,Regular,Regular,0,OK,1,1928,-777,0,1.0,2006,2009,Middle East and North Africa,27644.69749458088,26571.255443271046,6846.15,181910800.45295006,78,5713391354.622525,82618841699.03532,6972891730.374713,90134685455.90204,3.2361396303901437,0.010099654997499152,0.0551117671439208,0.022742523382999924,1.0
666,Netanyahu,Regular,Still in Office,Still in Office,1,Leader Still in Office,1,1949,-777,0,-888.0,2009,2015,Middle East and North Africa,31050.40794692868,27644.69749458088,7226.38,199771089.08088937,60,6972891730.374713,90134685455.90204,9249129498.157887,113181872475.00757,6.751540041067762,0.017599399115019714,0.04663442894897069,0.03652817194391237,1.0
670,Saud,Regular,Regular,Regular,0,Exile,1,1902,1969,0,1.0,1953,1964,Middle East and North Africa,7978.0,4246.0,4081.572,17330354.712,51,288387396.447,10381252161.518972,531191444.973,17168846684.352207,10.981519507186858,0.07990408084614396,0.07653973645343427,0.0594392697460503,1.0
670,Faisal,Regular,Irregular,Assassination by Unsupported Individual,0,Death,1,1905,1975,0,3.0,1964,1975,Middle East and North Africa,18788.0,7978.0,5192.398,41424951.244,59,531191444.973,17168846684.352207,1235915649.752,28234680865.07181,10.390143737166325,0.12317965313703594,0.12060780986664298,0.05859362274093954,1.0
670,Khalid,Regular,Natural Death,Regular,0,Missing: Natural Death within Six Months of Losing Office,1,1913,1982,0,2.0,1975,1982,Middle East and North Africa,20535.0,18788.0,7204.82,135364158.16,62,1235915649.752,28234680865.07181,1641316216.812,36196627164.43434,7.219712525667351,0.011623110496061323,0.04100204645249739,0.0352489653478428,1.0
670,Fahd,Regular,Retired Due to Ill Health,Regular,0,OK,1,1922,2005,0,2.1,1982,1996,Middle East and North Africa,20280.49318462111,20535.0,11254.672,231114689.52,60,1641316216.812,36196627164.43434,2870383374.9381247,53971480867.83615,13.552361396303901,-0.0008852718890357547,0.05348787174310781,0.035075986544772446,1.0
670,Abdullah ibn Abdilaziz,Regular,Natural Death,Regular,0,Missing: Left Office after 2014-12-31,1,1924,-777,0,2.0,1996,2015,Middle East and North Africa,51941.59890346145,20280.49318462111,18819.82,381675231.2457961,72,2870383374.9381247,53971480867.83615,9249129498.157887,113181872475.00757,19.06091718001369,0.07805802706723437,0.1111131387345996,0.05485340651682706,1.0
670,Salman bin Abdulaziz Al Saud,Regular,Natural Death,Regular,0,Missing: Left Office after 2014-12-31,1,1935,-777,0,2.0,2015,2016,Middle East and North Africa,51959.074712164904,51941.59890346145,30645.9,1591797045.8355892,80,9249129498.157887,113181872475.00757,9624655205.417772,116773716558.88167,0.9363449691991786,0.00033645111187152743,0.040601194667528206,0.03173515338922517,1.0
678,Al-Badr,Irregular,Irregular,"Removed by Military, without Foreign Support",0,OK,1,1928,1996,1,3.0,1962,1963,Middle East and North Africa,1568.0,1554.0,6120.081,9510605.874,34,459060791.028,15291081770.15114,497363917.823,15991243735.72246,0.024640657084188913,0.009009009009008917,0.08343802725827598,0.045788909908131226,1.0
678,AL-Sallal,Irregular,Irregular,"Removed by Military, without Foreign Support",0,Exile,1,1917,1994,1,3.0,1962,1967,Middle East and North Africa,1624.0,1554.0,6120.081,9510605.874,45,459060791.028,15291081770.15114,643110523.996,19784467002.851566,5.106091718001369,0.007507507507507505,0.06682111845355942,0.04897609927410662,1.0
678,Al-Iryani,Irregular,Irregular,"Removed by Military, without Foreign Support",0,Exile,1,1917,1998,1,3.0,1967,1974,Middle East and North Africa,2703.0,1624.0,6740.785,10947034.84,50,643110523.996,19784467002.851566,1167277961.798,27746656042.65312,6.6036960985626285,0.09491555242786769,0.11643575987198214,0.057492353822347804,1.0
678,Al-Hamadi,Irregular,Irregular,"Irregular, Other",0,Death,1,1943,1977,1,3.0,1974,1977,Middle East and North Africa,3446.0,2703.0,7755.019,20961816.357,31,1167277961.798,27746656042.65312,1445357946.033,30733214214.56724,3.3292265571526354,0.06871994080651128,0.05955736194287936,0.026909172111795054,1.0
678,Al-Ghashmi,Regular,Irregular,Assassination by Unsupported Individual,0,Death,1,1939,1978,0,3.0,1977,1978,Middle East and North Africa,3636.0,3446.0,8403.99,28960149.54,38,1445357946.033,30733214214.56724,1477016396.433,32088474953.570343,0.7008898015058179,0.05513639001741155,0.02190353641247933,0.04409759192582996,1.0
678,Saleh al-Hashidi,Regular,Regular,Regular,0,OK,1,1942,-777,0,1.0,1978,2012,Middle East and North Africa,4064.3423064292706,3636.0,8641.036,31418806.896,36,1477016396.433,32088474953.570343,8412689753.41546,102883604981.64182,33.61533196440794,0.0034648798488098645,0.13810976868304428,0.06488964370294283,1.0
678,Abd Rabbuh Mansur Hadi,Regular,Still in Office,Still in Office,0,Leader Still in Office,1,1945,-777,0,-888.0,2012,2015,Middle East and North Africa,2820.617221187428,4064.3423064292706,24594.25,99959450.76989809,67,8412689753.41546,102883604981.64182,9249129498.157887,113181872475.00757,3.8412046543463383,-0.07650223526168232,0.02485648969768678,0.02502407330887013,1.0
694,Ahmed Ath-Thani,Regular,Irregular,"Removed by Other Government Actors, without Foreign Support",0,Exile,1,1917,1977,0,3.0,1971,1972,Middle East and North Africa,62416.0,59731.0,124.489,7435852.459,54,906445851.407,24246398728.449657,1005903553.785,25373866516.69958,0.47091033538672145,0.04495153270496055,0.10972271782547205,0.04650042263501186,1.0
694,Khalifah Ath-Thani,Irregular,Irregular,"Removed by Other Government Actors, without Foreign Support",0,Exile,1,1932,-777,1,3.0,1972,1995,Middle East and North Africa,19959.703059990767,62416.0,134.408,8389209.728,40,1005903553.785,25373866516.69958,2648181209.881338,51854384806.948204,23.342915811088297,-0.028342289997763153,0.06802663676174514,0.043483910031378005,1.0
694,Hamad ibn Khalifah Al Thani,Irregular,Regular,Regular,0,OK,1,1952,-777,1,1.0,1995,2013,Middle East and North Africa,155657.12776683117,19959.703059990767,524.67,10472257.404485354,43,2648181209.881338,51854384806.948204,8655407644.30839,106221801332.0274,17.9958932238193,0.3776982951293553,0.1260241560008532,0.05824795801581563,1.0
694,Tamim ibn Hamad Al Thani,Regular,Still in Office,Still in Office,0,Leader Still in Office,1,1980,-777,0,-888.0,2013,2015,Middle East and North Africa,159800.18870866153,155657.12776683117,2103.27,327388967.11814296,33,8655407644.30839,106221801332.0274,9249129498.157887,113181872475.00757,2.513347022587269,0.008872194506969041,0.02286516045799858,0.021841313979178434,1.0
700,Sardar Mohammad Daud Khan,Irregular,Regular,Regular,0,OK,1,1909,1978,1,1.0,1953,1963,South and South East Asia,1298.0,1240.0,8573.0,10630520.0,44,791321205.625012,10381252161.518972,1150556115.3424516,15991243735.72246,9.503080082135524,0.004677419354838719,0.04539685113502092,0.05403964268393844,1.0
700,Mohammad Yusuf,Regular,Regular,Regular,0,OK,1,1917,1998,0,1.0,1963,1965,South and South East Asia,1290.0,1298.0,10501.0,13630298.0,46,1150556115.3424516,15991243735.72246,1215995835.520826,18075505373.698357,2.650239561943874,-0.0020544427324088455,0.018958866732863067,0.04344589394090118,1.0
700,Mohammad Hashim Maiwandwal,Regular,Retired Due to Ill Health,Regular,0,OK,1,1919,1973,0,2.1,1965,1967,South and South East Asia,1277.0,1290.0,10998.0,14187420.0,46,1215995835.520826,18075505373.698357,1298560435.6419897,19784467002.851566,1.9383983572895278,-0.005038759689922456,0.033949376185897995,0.04727285887231447,1.0
700,Abdallah Yakta,Regular,Regular,Regular,0,OK,1,1914,2003,0,1.0,1967,1968,South and South East Asia,1290.0,1277.0,11538.0,14734026.0,53,1298560435.6419897,19784467002.851566,1361682193.157546,20870428352.946007,0.057494866529774126,0.010180109631949819,0.04860902564334624,0.05488959343397615,1.0
700,Nur Ahmad Etemadi,Regular,Regular,Regular,0,OK,1,1921,1979,0,1.0,1967,1971,South and South East Asia,1237.0,1277.0,11538.0,14734026.0,46,1298560435.6419897,19784467002.851566,1578081997.403,24246398728.449657,3.6030116358658453,-0.007830853563038365,0.05381373752212365,0.056381752980191324,1.0
700,Abdul Zahir,Regular,Regular,Regular,0,OK,1,1910,1982,0,1.0,1971,1972,South and South East Asia,1007.0,1237.0,12749.0,15770513.0,61,1578081997.403,24246398728.449657,1614157243.5034103,25373866516.69958,1.4948665297741273,-0.0929668552950687,0.011430092403239556,0.02325021131750593,1.0
700,Mohammad Musa Shafiq,Regular,Irregular,"Removed by Military, without Foreign Support",0,Imprisonment,1,1932,1979,0,3.0,1972,1973,South and South East Asia,1011.0,1007.0,13079.0,13170553.0,40,1614157243.5034103,25373866516.69958,1733677262.1793554,28100062467.301537,0.5941136208076659,0.003972194637537285,0.0740448423826019,0.10744109293740212,1.0
700,Sardar Mohammad Daud Khan,Irregular,Irregular,"Removed by Military, without Foreign Support",1,Death,1,1909,1978,1,3.0,1973,1978,South and South East Asia,1070.0,1011.0,13421.0,13568631.0,64,1733677262.1793554,28100062467.301537,2225610072.841807,32088474953.570343,4.777549623545517,0.011671612265084086,0.056750217747455166,0.02838721437655094,1.0
700,Taraki,Irregular,Irregular,"Removed by Other Government Actors, without Foreign Support",0,Death,1,1917,1979,1,3.0,1978,1979,South and South East Asia,1023.0,1070.0,15269.0,16337830.0,61,2225610072.841807,32088474953.570343,2236735069.8728704,33220383789.58506,0.9062286105407256,-0.043925233644859785,0.004998628091603896,0.03527462235748202,1.0
700,Amin,Irregular,Irregular,"Removed by Other Government Actors, with Foreign Support",0,Death,1,1929,1979,1,3.0,1979,1980,South and South East Asia,1019.0,1023.0,15556.0,15913788.0,50,2236735069.8728704,33220383789.58506,2385284678.1,35105310712.72682,0.7529089664613279,-0.003910068426197455,0.0664135910542023,0.05674007064700759,1.0
700,Karmal,Irregular,Foreign,Removed through Threat of Foreign Force,0,Exile,1,1929,1996,1,4.0,1979,1986,South and South East Asia,1344.0,1023.0,15556.0,15913788.0,50,2236735069.8728704,33220383789.58506,3095546258.0868187,41482688664.595215,6.351813826146475,0.04482614160033514,0.054851070318741764,0.03553027187568612,1.0
700,Najibullah,Irregular,Irregular,"Removed by Rebels, without Foreign Support",0,Exile,1,1947,1996,1,3.0,1986,1992,South and South East Asia,843.8753488998832,1344.0,13126.0,17641344.0,39,3095546258.0868187,41482688664.595215,4416131155.019964,47778114919.29238,5.952087611225188,-0.06201942597967719,0.07110133865620882,0.025293387263292333,1.0
700,Mojadidi,Irregular,Regular,Regular,0,Missing: No Information Found,1,1926,-777,1,1.0,1992,1993,South and South East Asia,578.4027440310482,843.8753488998832,15023.0,12677539.366522945,66,4416131155.019964,47778114919.29238,4684653166.079072,48709321632.52854,0.16700889801505817,-0.31458746272766225,0.060804808922821474,0.01949023553585505,1.0
700,Burhanuddin Rabbani,Regular,Irregular,"Removed by Rebels, without Foreign Support",0,OK,1,1939,2012,0,3.0,1992,1996,South and South East Asia,600.175264462535,843.8753488998832,15023.0,12677539.366522945,53,4416131155.019964,47778114919.29238,5736179721.70249,53971480867.83615,4.249144421629021,-0.05775736541067291,0.059783032720030604,0.025925534981887478,1.0
700,Mullah Omar,Irregular,Irregular,"Removed by Rebels, with Foreign Support",0,OK,1,1959,-777,1,3.0,1996,2001,South and South East Asia,489.68199690749356,600.175264462535,20111.0,12070124.74360604,37,5736179721.70249,53971480867.83615,6749077062.484173,64760587194.60295,5.127994524298426,-0.030683611409740907,0.02943007919101766,0.033317306823539096,1.0
700,Hamid Karzai,Foreign Imposition,Regular,Regular,0,OK,1,1957,-777,2,1.0,2001,2014,South and South East Asia,2022.0,489.68199690749356,22507.0,11021272.704396958,44,6749077062.484173,64760587194.60295,14867387792.111801,109801891452.69542,12.76933607118412,0.24070849319945,0.09252901322047265,0.05350037518575346,1.0
700,Ahmadzai,Regular,Still in Office,Still in Office,0,Leader Still in Office,1,1949,-777,0,-888.0,2014,2015,South and South East Asia,1928.0,2022.0,31823.0,64346106.0,65,14867387792.111801,109801891452.69542,15784105618.10651,113181872475.00757,1.2539356605065024,-0.02324431256181997,0.030829821580395378,0.015391269574660749,1.0
701,Niyazov,Regular,Natural Death,Regular,0,Missing: Natural Death within Six Months of Losing Office,1,1940,2006,0,2.0,1990,2006,Eastern Europe,9752.355478498552,5796.0,3658.0,21201768.0,50,7833175413.821,46715156894.540726,10335993869.819094,82618841699.03532,16.150581793292265,0.04015300083727674,0.018795010615866657,0.045209769151706096,1.0
701,Berdymukhammedov,Regular,Still in Office,Still in Office,0,Leader Still in Office,1,1957,-777,0,-888.0,2006,2015,Eastern Europe,17857.25990917966,9752.355478498552,4718.86,46020000.17326767,49,10335993869.819094,82618841699.03532,13748749519.361681,113181872475.00757,9.026694045174539,0.08310714727893528,0.03301816634690322,0.03699280956674209,1.0
704,Karimov,Regular,Still in Office,Still in Office,0,Leader Still in Office,1,1938,-777,0,-888.0,1990,2015,Eastern Europe,9381.346864214403,6790.0,20530.0,139398700.0,52,7833175413.821,46715156894.540726,13748749519.361681,113181872475.00757,25.77138945927447,0.014678525343913016,0.029045957604994996,0.05472339830692109,1.0
710,Hua Guofeng,Regular,Regular,Regular,0,OK,1,1921,-777,0,1.0,1976,1980,East Asia,1930.0,1519.0,930685.0,1413710515.0,55,3843637957.056568,29537559377.26344,4856853955.763886,35105310712.72682,3.9260780287474333,0.06764318630678079,0.06590214856521193,0.04712433468478411,1.0
710,Deng Xiaoping,Regular,Natural Death,Regular,0,Missing: Natural Death within Six Months of Losing Office,1,1904,1997,0,2.0,1980,1997,East Asia,4310.828198416168,1930.0,981235.0,1893783550.0,76,4856853955.763886,35105310712.72682,11176205053.050947,56142944592.630035,16.4435318275154,0.07256410235952965,0.07653648607106775,0.03525130101867429,1.0
710,Jiang Zemin,Regular,Regular,Regular,0,OK,1,1926,-777,0,1.0,1997,2003,East Asia,5649.4632391271925,4310.828198416168,1227452.97,5291338875.305675,71,11176205053.050947,56142944592.630035,13669026073.76097,69971417637.12488,6.064339493497604,0.044361215163873355,0.03186388286385685,0.03518689950353753,1.0
710,Hu Jintao,Regular,Regular,Regular,0,OK,1,1942,-777,0,1.0,2003,2012,East Asia,10946.83397149056,5649.4632391271925,1283063.96,7248622675.468963,61,13669026073.76097,69971417637.12488,22222439149.448067,102883604981.64182,9.672826830937714,0.0937676821343788,0.06257514638958958,0.04703661645845325,1.0
710,Xi Jinping,Regular,Still in Office,Still in Office,0,Leader Still in Office,1,1953,-777,0,-888.0,2012,2015,East Asia,13325.431748191117,10946.83397149056,1349537.02,14773157696.320135,59,22222439149.448067,102883604981.64182,26191581996.268272,113181872475.00757,3.1238877481177276,0.0543215915874688,0.04465242114206425,0.02502407330887013,1.0
731,Kim Jong-Il,Regular,Natural Death,Regular,0,Missing: Natural Death within Six Months of Losing Office,1,1942,2011,0,2.0,1994,2011,East Asia,1756.6108066887382,1925.956032988804,21852.0,42085991.232871346,52,9784335418.96575,50046959415.1475,21015038029.209187,99528621997.01219,17.44284736481862,-0.004884882087978653,0.06376804310918177,0.05492803732080506,1.0
731,Kim Jong Un,Regular,Still in Office,Still in Office,0,Leader Still in Office,1,1983,-777,0,-888.0,2011,2015,East Asia,1762.5166753384246,1756.6108066887382,24457.0,42961430.49918647,28,21015038029.209187,99528621997.01219,26191581996.268272,113181872475.00757,4.03832991101985,0.0006724162947419288,0.04926514013311909,0.027435827411345537,1.0
740,Hirobumi Ito,Regular,Regular,Regular,0,OK,1,1842,1909,0,1.0,1885,1888,East Asia,1723.5686034900002,1728.6804725700001,38427.0,66428004.51944739,43,66428004.51944739,1569887596.480446,67651791.255586,1669655927.7811909,2.3545516769336072,-0.0009856976966175306,0.006140917749934453,0.021183752587216425,1.0
740,Kuroda,Regular,Regular,Regular,0,OK,1,1840,1900,0,1.0,1888,1889,East Asia,1754.5337501400002,1723.5686034900002,39251.0,67651791.255586,48,67651791.255586,1669655927.7811909,69633935.47555633,1714730856.0219688,1.6509240246406571,0.008982858758073142,0.014649606338447585,0.013498268562636806,1.0
740,Yamagata,Regular,Regular,Regular,0,OK,1,1838,1922,0,1.0,1889,1891,East Asia,1749.73712877,1754.5337501400002,39688.0,69633935.47555633,51,69633935.47555633,1714730856.0219688,70654385.2597326,1755379986.2233455,1.3634496919917864,-0.0013669219442536962,0.007327244806768718,0.01185291850864545,1.0
740,Matsukata,Regular,Regular,Regular,0,OK,1,1835,1924,0,1.0,1891,1892,East Asia,1841.7019051500001,1749.73712877,40380.0,70654385.2597326,56,70654385.2597326,1755379986.2233455,74927800.3091226,1831626029.2905164,1.2594113620807665,0.026279597908700714,0.030241683044021306,0.021717817129501493,1.0
740,Hirobumi Ito,Regular,Regular,Regular,1,OK,1,1842,1909,0,1.0,1892,1896,East Asia,1904.44316682,1841.7019051500001,40684.0,74927800.3091226,50,74927800.3091226,1831626029.2905164,80359883.86713672,1960151150.4666553,4.112251882272417,0.006813400311370144,0.014499514294036332,0.01403399155950229,1.0
740,Matsukata,Regular,Regular,Regular,1,OK,1,1835,1924,0,1.0,1896,1897,East Asia,1904.51098668,1904.44316682,42196.0,80359883.86713672,61,80359883.86713672,1960151150.4666553,81214062.00499524,2070110790.055213,0.5694729637234771,3.5611385617473346e-05,0.01062940980938687,0.05609753082683411,1.0
740,Kuroda,Regular,Regular,Regular,1,OK,1,1840,1900,0,1.0,1897,1898,East Asia,2232.8545281600004,1904.51098668,42643.0,81214062.00499524,57,81214062.00499524,2070110790.055213,96336508.61746322,2145898307.1412191,0.15058179329226556,0.17240307027704715,0.18620478078707392,0.03661036764316594,1.0
740,Matsukata,Regular,Regular,Regular,2,OK,1,1835,1924,0,1.0,1897,1898,East Asia,2232.8545281600004,1904.51098668,42643.0,81214062.00499524,62,81214062.00499524,2070110790.055213,96336508.61746322,2145898307.1412191,0.5968514715947981,0.17240307027704715,0.18620478078707392,0.03661036764316594,1.0
740,Hirobumi Ito,Regular,Regular,Regular,2,OK,1,1842,1909,0,1.0,1898,1899,East Asia,2104.5571817100003,2232.8545281600004,43145.0,96336508.61746322,56,96336508.61746322,2145898307.1412191,91813411.60928048,2208935645.8065176,0.46269678302532513,-0.057458891670710166,-0.046951016526281086,0.02937573437451335,1.0
740,Okuma,Regular,Regular,Regular,0,OK,1,1838,1922,0,1.0,1898,1899,East Asia,2104.5571817100003,2232.8545281600004,43145.0,96336508.61746322,60,96336508.61746322,2145898307.1412191,91813411.60928048,2208935645.8065176,0.33675564681724846,-0.057458891670710166,-0.046951016526281086,0.02937573437451335,1.0
740,Yamagata,Regular,Regular,Regular,1,OK,1,1838,1922,0,1.0,1898,1900,East Asia,2123.25060819,2232.8545281600004,43145.0,96336508.61746322,60,96336508.61746322,2145898307.1412191,482441721.5730036,3063830824.5552855,1.946611909650924,-0.02454345291816218,2.003940242887056,0.21388071241757545,1.0
740,Hirobumi Ito,Regular,Regular,Regular,3,OK,1,1842,1909,0,1.0,1900,1901,East Asia,2161.51483428,2123.25060819,44103.0,93641721.57300358,58,482441721.5730036,3063830824.5552855,99641858.52861336,2383409478.9599314,0.5557837097878165,0.018021530733302704,-0.7934634297304748,-0.22208189177485582,1.0
740,Saionji,Regular,Regular,Regular,0,OK,1,1849,1940,0,1.0,1901,1902,East Asia,2012.76705888,2161.51483428,44662.0,96537575.52861336,52,99641858.52861336,2383409478.9599314,94269744.2496144,2427437019.6413016,0.06297056810403832,-0.06881644902036854,-0.053914232013810626,0.01847250381020671,1.0
740,Katsura,Regular,Regular,Regular,0,OK,1,1847,1913,0,1.0,1901,1906,East Asia,2328.9772642499997,2161.51483428,44662.0,96537575.52861336,54,99641858.52861336,2383409478.9599314,113244739.25873473,2786976251.5688505,4.59958932238193,0.015494913781221564,0.02730354678443727,0.03386466120668672,1.0
740,Saionji,Regular,Regular,Regular,1,OK,1,1849,1940,0,1.0,1906,1908,East Asia,2356.91760126,2328.9772642499997,47227.0,109990609.25873473,57,113244739.25873473,2786976251.5688505,117529369.4368076,2760330548.1963253,2.516084873374401,0.003998942288085949,0.01261171219701899,-0.0031869310401103266,1.0
740,Katsura,Regular,Regular,Regular,1,OK,1,1847,1913,0,1.0,1908,1911,East Asia,2399.7747713100002,2356.91760126,48260.0,113744843.4368076,61,117529369.4368076,2760330548.1963253,523108147.717791,3482522324.7243567,3.1266255989048597,0.004545891849071115,0.8627179321740772,0.06540808826319106,1.0
740,Saionji,Regular,Regular,Regular,2,OK,1,1849,1940,0,1.0,1911,1912,East Asia,2419.7094901200003,2399.7747713100002,50215.0,120504690.14133166,62,523108147.717791,3482522324.7243567,138662179.6731668,3179188159.666755,1.3114305270362765,0.00415345620104135,-0.3674631811049778,-0.043550929006838546,1.0
740,Katsura,Regular,Regular,Regular,2,OK,1,1847,1913,0,1.0,1912,1913,East Asia,2430.62504205,2419.7094901200003,50941.0,123262421.13620293,65,138662179.6731668,3179188159.666755,580000154.2937306,4396657850.163141,0.16700889801505817,0.004511100185608852,3.182828768888661,0.38294986938552333,1.0
740,"Yamamoto, G.",Regular,Regular,Regular,0,OK,1,1852,1933,0,1.0,1913,1914,East Asia,2357.80394835,2430.62504205,51672.0,125595257.1728076,61,580000154.2937306,4396657850.163141,141417837.2311609,3092014836.2343206,1.1498973305954825,-0.014979911018809855,-0.37808810378389796,-0.1483675849236723,1.0
740,Okuma,Regular,Regular,Regular,1,OK,1,1838,1922,0,1.0,1914,1916,East Asia,2829.2870951400005,2357.80394835,52396.0,123539495.67774661,76,141417837.2311609,3092014836.2343206,171804160.65138844,3334816155.24101,2.4832306639288158,0.06665568994401842,0.07162303335789762,0.026175092064175527,1.0
740,Terauchi,Regular,Regular,Regular,0,OK,1,1852,1919,0,1.0,1916,1918,East Asia,2973.4880016,2829.2870951400005,53815.0,152258085.02495912,64,171804160.65138844,3334816155.24101,184960266.2529563,3237619941.9560475,1.9712525667351128,0.025483611526681105,0.03828808787775284,-0.014572949266214996,1.0
740,"Hara, T.",Regular,Irregular,Assassination by Unsupported Individual,0,Death,1,1856,1921,0,3.0,1918,1921,East Asia,3244.35210021,2973.4880016,54886.0,163202862.4558176,62,184960266.2529563,3237619941.9560475,206928900.99085912,3494210458.682645,3.0992470910335386,0.022773263122656873,0.029693721769217696,0.019813205481707563,1.0
740,Uchida,Regular,Regular,Regular,0,OK,1,1865,1936,0,1.0,1921,1922,East Asia,3243.83007618,3244.35210021,56490.0,183273450.1408629,56,206928900.99085912,3494210458.682645,210554007.89825472,3715797650.1647186,0.024640657084188913,-0.0001609023971123058,0.017518610933693335,0.06341552522443505,1.0
740,"Takahashi, K.",Regular,Regular,Regular,0,OK,1,1854,1936,0,1.0,1921,1922,East Asia,3243.83007618,3244.35210021,56490.0,183273450.1408629,67,206928900.99085912,3494210458.682645,210554007.89825472,3715797650.1647186,0.5749486652977412,-0.0001609023971123058,0.017518610933693335,0.06341552522443505,1.0
740,"Kato, Tomosaburo",Regular,Natural Death,Regular,0,Missing: Natural Death within Six Months of Losing Office,1,1859,1923,0,2.0,1922,1923,East Asia,3243.54978144,3243.83007618,57209.0,185576274.82818162,63,210554007.89825472,3715797650.1647186,213650505.19930387,3902172216.269208,1.2019164955509924,-4.32042883593553e-05,0.007353213866499897,0.025078675381613902,1.0
740,Uchida,Regular,Regular,Regular,1,OK,1,1865,1936,0,1.0,1923,1924,East Asia,3316.3571931900005,3243.54978144,57937.0,187921543.6872893,58,213650505.19930387,3902172216.269208,220273090.82965234,4177978439.109769,0.05201916495550993,0.02244683037288775,0.03099728514178146,0.07068017697697981,1.0
740,"Yamamoto, G.",Regular,Regular,Regular,1,OK,1,1852,1933,0,1.0,1923,1924,East Asia,3316.3571931900005,3243.54978144,57937.0,187921543.6872893,71,213650505.19930387,3902172216.269208,220273090.82965234,4177978439.109769,0.29568788501026694,0.02244683037288775,0.03099728514178146,0.07068017697697981,1.0
740,Kiyoura,Regular,Regular,Regular,0,OK,1,1850,1942,0,1.0,1923,1924,East Asia,3316.3571931900005,3243.54978144,57937.0,187921543.6872893,73,213650505.19930387,3902172216.269208,220273090.82965234,4177978439.109769,0.4517453798767967,0.02244683037288775,0.03099728514178146,0.07068017697697981,1.0
740,"Kato, Takaaki",Regular,Natural Death,Regular,0,Missing: Natural Death within Six Months of Losing Office,1,1860,1926,0,2.0,1924,1926,East Asia,3358.5393366900003,3316.3571931900005,58686.0,194623738.2395484,64,220273090.82965234,4177978439.109769,231405462.15519115,4582082014.773711,1.6317590691307324,0.00635971052614881,0.025269476365926136,0.048361137037132185,1.0
740,Wakatsuki,Regular,Regular,Regular,0,OK,1,1866,1949,0,1.0,1926,1927,East Asia,3346.89218283,3358.5393366900003,60490.0,203158044.4763781,60,231405462.15519115,4582082014.773711,235246923.0837074,4698671884.768971,1.212867898699521,-0.001733961209380852,0.00830028144698669,0.012722368305428278,1.0
740,"Tanaka, G.",Regular,Regular,Regular,0,OK,1,1864,1929,0,1.0,1927,1929,East Asia,3665.0866859400003,3346.89218283,61430.0,205599586.7912469,63,235246923.0837074,4698671884.768971,749880902.7597617,5654440675.939672,2.209445585215606,0.0316905441155609,0.7292110674322306,0.06780418060040068,1.0
740,Hamaguchi,Regular,Irregular,Assassination by Unsupported Individual,0,Death,1,1870,1931,0,3.0,1929,1930,East Asia,3334.10818374,3665.0866859400003,63244.0,231794742.36558938,59,749880902.7597617,5654440675.939672,740906786.9043058,5458058939.984556,1.3689253935660506,-0.045152888671050995,-0.005983694092241032,-0.017365266275649882,1.0
740,Shidehara,Regular,Regular,Regular,0,OK,1,1872,1951,0,1.0,1930,1931,East Asia,3320.8106718900003,3334.10818374,64203.0,214059747.72065923,58,740906786.9043058,5458058939.984556,748797522.7885556,5274746126.337196,0.4106776180698152,-0.003988326448088886,0.010650106091238953,-0.03358571529971033,1.0
740,Wakatsuki,Regular,Regular,Regular,1,OK,1,1866,1949,0,1.0,1931,1932,East Asia,3529.2878625900003,3320.8106718900003,65205.0,216533459.86058748,65,748797522.7885556,5274746126.337196,782433306.482731,5018502854.988797,0.6625598904859685,0.0627790052786561,0.04491973153024631,-0.04857926148690983,1.0
740,Inukai,Regular,Irregular,"Removed by Rebels, without Foreign Support",0,Death,1,1855,1932,0,3.0,1931,1932,East Asia,3529.2878625900003,3320.8106718900003,65205.0,216533459.86058748,76,748797522.7885556,5274746126.337196,782433306.482731,5018502854.988797,0.4216290212183436,0.0627790052786561,0.04491973153024631,-0.04857926148690983,1.0
740,"Takahashi, K.",Regular,Regular,Regular,1,OK,1,1854,1936,0,1.0,1932,1933,East Asia,3786.8017329,3529.2878625900003,66189.0,233600034.33696952,78,782433306.482731,5018502854.988797,749657316.8034042,5044728874.113239,0.02737850787132101,0.07296482472841448,-0.04188981911655132,0.005225865139913521,1.0
740,"Saito, M.",Regular,Regular,Regular,0,OK,1,1858,1936,0,1.0,1932,1934,East Asia,3755.68783221,3529.2878625900003,66189.0,233600034.33696952,74,782433306.482731,5018502854.988797,761630763.9637244,5285216561.450975,2.113620807665982,0.02138297001498146,-0.008862328306089204,0.01771535682845086,1.0
740,Okada,Regular,Regular,Regular,0,OK,1,1868,1952,0,1.0,1934,1936,East Asia,3985.5455811900006,3755.68783221,68090.0,255724784.4951789,66,761630763.9637244,5285216561.450975,858171726.8614511,5983416185.986538,1.6646132785763177,0.030601285203826767,0.06337779897131679,0.06605213016511502,1.0
740,Hirota,Regular,Regular,Regular,0,OK,1,1878,1948,0,1.0,1936,1937,East Asia,4074.92227323,3985.5455811900006,70171.0,279669718.97768354,58,858171726.8614511,5983416185.986538,861077385.4369459,6283610123.956657,0.8761122518822724,0.02242520885015531,0.003385870781505984,0.05017099406743397,1.0
740,Hayashi,Regular,Regular,Regular,0,OK,1,1876,1943,0,1.0,1937,1938,East Asia,4256.84109609,4074.92227323,71278.0,290452309.79128796,61,861077385.4369459,6283610123.956657,863359046.5373913,6269649368.577917,0.32306639288158795,0.04464350744923573,0.002649774734575727,-0.002221773009995376,1.0
740,"Konoe, F.",Regular,Regular,Regular,0,OK,1,1891,1945,0,1.0,1937,1939,East Asia,4803.78281109,4074.92227323,71278.0,290452309.79128796,46,861077385.4369459,6283610123.956657,385089715.8102637,5943149740.776493,1.5989048596851472,0.089432446681034,-0.27639076212943775,-0.02709114477696012,1.0
740,Hiranuma,Regular,Regular,Regular,0,OK,1,1867,1952,0,1.0,1939,1940,East Asia,4882.39852782,4803.78281109,72364.0,347620939.34171677,72,385089715.8102637,5943149740.776493,398748292.454621,6033654014.749514,0.6461327857631759,0.01636537700008156,0.03546855728312148,0.015228334792250386,1.0
740,"Abe, M.",Regular,Regular,Regular,0,OK,1,1875,1953,0,1.0,1939,1940,East Asia,4882.39852782,4803.78281109,72364.0,347620939.34171677,64,385089715.8102637,5943149740.776493,398748292.454621,6033654014.749514,0.3750855578370979,0.01636537700008156,0.03546855728312148,0.015228334792250386,1.0
740,Yonai,Regular,Regular,Regular,0,OK,1,1873,1948,0,1.0,1940,1941,East Asia,4986.240000000001,4882.39852782,72967.0,356253973.3794419,67,398748292.454621,6033654014.749514,402425529.0458196,5616296626.636931,0.5037645448323066,0.021268536680959294,0.009221949437230537,-0.06917158111690447,1.0
740,"Konoe, F.",Regular,Regular,Regular,1,OK,1,1891,1945,0,1.0,1940,1941,East Asia,4986.240000000001,4882.39852782,72967.0,356253973.3794419,49,398748292.454621,6033654014.749514,402425529.0458196,5616296626.636931,1.2539356605065024,0.010634268340479647,0.004610974718615268,-0.034585790558452234,1.0
740,Tojo,Regular,Regular,Regular,0,OK,1,1883,1948,0,1.0,1941,1944,East Asia,4816.110000000001,4986.240000000001,74005.0,369006691.20000005,58,402425529.0458196,5616296626.636931,371697737.58000004,5921553827.78953,2.751540041067762,-0.011373299319727895,-0.0254521555318797,0.01811734798721439,1.0
740,Koiso,Regular,Regular,Regular,0,Imprisonment,1,1880,1950,0,1.0,1944,1945,East Asia,3677.67,4816.110000000001,77178.0,371697737.58000004,64,371697737.58000004,5921553827.78953,280326718.08,5516514526.341848,0.7145790554414785,-0.23638164410696605,-0.24582075773419088,-0.06840084768745225,1.0
740,"Suzuki, Kantaro",Regular,Foreign,Removed through Threat of Foreign Force,0,Imprisonment,1,1867,1948,0,4.0,1945,1946,East Asia,2771.3700000000003,3677.67,76224.0,280326718.08,78,280326718.08,5516514526.341848,231684446.9450455,5764995899.017727,0.3613963039014374,-0.2464332036316471,-0.1735199251363293,0.04504318288103071,1.0
740,Douglas MacArthur,Foreign Imposition,Regular,Regular,0,OK,1,1880,1964,2,1.0,1945,1951,East Asia,3389.0,3677.67,76224.0,280326718.08,65,280326718.08,5516514526.341848,858203297.8449538,9334940849.93543,5.604380561259411,-0.013082105427258739,0.3435732560699873,0.11536349342083836,1.0
740,Matthew Bunker Ridgway,Regular,Regular,Regular,0,OK,1,1895,1993,0,1.0,1951,1952,East Asia,3724.0,3389.0,85163.848,288620280.872,56,858203297.8449538,9334940849.93543,960741001.7267416,9831337731.891596,1.0485968514715949,0.049424609029212196,0.0597397517227396,0.026588110730214165,1.0
740,"Yoshida, Shigeru",Regular,Regular,Regular,0,OK,1,1878,1967,0,1.0,1952,1954,East Asia,4116.0,3724.0,86459.025,321973409.09999996,74,960741001.7267416,9831337731.891596,1044391053.1978042,10684681554.893536,2.6064339493497606,0.03508771929824565,0.029022754769744807,0.02893278094576431,1.0
740,Hatoyama,Regular,Regular,Regular,0,OK,1,1883,1959,0,1.0,1954,1956,East Asia,4699.0,4116.0,88753.892,365311019.472,71,1044391053.1978042,10684681554.893536,1225317380.1915429,11951387652.483673,2.0314852840520192,0.04721412374473596,0.05774539668826254,0.039517824063740825,1.0
740,Ishibashi,Regular,Retired Due to Ill Health,Regular,0,OK,1,1884,1973,0,2.1,1956,1957,East Asia,4999.0,4699.0,90766.211,426510425.48899996,72,1225317380.1915429,11951387652.483673,1284335189.4909687,12402988214.360376,0.1697467488021903,0.06384337092998504,0.04816532455468803,0.03778645417654536,1.0
740,Kishi,Regular,Regular,Regular,0,OK,1,1896,1987,0,1.0,1957,1960,East Asia,6354.0,4999.0,91563.009,457723481.99100006,61,1284335189.4909687,12402988214.360376,1380126774.1022367,14025367456.334517,3.3921971252566734,0.06776355271054213,0.01864614187072805,0.03270137836815251,1.0
740,Ikeda,Regular,Retired Due to Ill Health,Regular,0,Missing: Natural Death within Six Months of Losing Office,1,1899,1965,0,2.1,1960,1964,East Asia,9035.0,6354.0,94091.638,597858267.852,61,1380126774.1022367,14025367456.334517,1795287919.5373774,17168846684.352207,4.271047227926078,0.0843877872206484,0.06016275507809059,0.044825623824892344,1.0
740,Sato,Regular,Regular,Regular,0,OK,1,1901,1975,0,1.0,1964,1972,East Asia,17110.0,9035.0,97826.267,883860322.345,63,1795287919.5373774,17168846684.352207,3298289916.1388326,25373866516.69958,7.652292950034223,0.11171831765356946,0.10464909139676878,0.05973770387140709,1.0
740,Tanaka,Regular,Regular,Regular,0,Imprisonment,1,1918,1993,0,1.0,1972,1974,East Asia,17765.0,17110.0,107188.273,1833991351.03,54,3298289916.1388326,25373866516.69958,3601141817.1981964,27746656042.65312,2.425735797399042,0.012760568868108354,0.030606961866054865,0.031171041333569294,1.0
740,Miki,Regular,Regular,Regular,0,OK,1,1907,1988,0,1.0,1974,1976,East Asia,18600.0,17765.0,110162.302,1957033295.03,67,3601141817.1981964,27746656042.65312,3843637957.056568,29537559377.26344,2.0424366872005475,0.01566751102354817,0.02244622698095992,0.02151494498240658,1.0
740,Fukuda,Regular,Regular,Regular,0,OK,1,1905,1995,0,1.0,1976,1978,East Asia,20060.0,18600.0,112774.841,2097612042.6,71,3843637957.056568,29537559377.26344,4385206426.878033,32088474953.570343,1.9520876112251881,0.03924731182795704,0.07044998460731644,0.04318087936321635,1.0
740,Ohira,Regular,Natural Death,Regular,0,Missing: Natural Death within Six Months of Losing Office,1,1910,1980,0,2.0,1978,1980,East Asia,21404.0,20060.0,114912.911,2305152994.66,68,4385206426.878033,32088474953.570343,4856853955.763886,35105310712.72682,1.514031485284052,0.033499501495513506,0.05377711822127773,0.04700808878454987,1.0
740,Masayoshi Ito,Regular,Regular,Regular,0,OK,1,1913,1994,0,1.0,1980,1981,East Asia,21924.0,21404.0,116807.309,2500143641.836,67,4856853955.763886,35105310712.72682,5025737204.050034,35740398961.4584,0.09582477754962354,0.024294524387964866,0.03477214876632728,0.01809094509741338,1.0
740,Suzuki,Regular,Regular,Regular,0,OK,1,1911,2004,0,1.0,1980,1982,East Asia,22440.0,21404.0,116807.309,2500143641.836,69,4856853955.763886,35105310712.72682,5311980239.871894,36196627164.43434,2.3600273785078714,0.01613405593969978,0.03123601466115633,0.010362311091503726,1.0
740,Nakasone,Regular,Regular,Regular,0,OK,1,1918,-777,0,1.0,1982,1987,East Asia,25904.0,22440.0,118454.974,2658129616.56,64,5311980239.871894,36196627164.43434,7197833780.153531,42930313200.45056,4.944558521560575,0.03087344028520498,0.07100378597519472,0.03720615186285934,1.0
740,Takeshita,Regular,Regular,Regular,0,OK,1,1924,2000,0,1.0,1987,1989,East Asia,28601.0,25904.0,122091.325,3162653682.7999997,63,7197833780.153531,42930313200.45056,7899878026.581589,46016341267.83971,1.571526351813826,0.052057597282272994,0.048767745121024664,0.0359422962159609,1.0
740,Uno,Regular,Regular,Regular,0,OK,1,1922,1998,0,1.0,1989,1990,East Asia,29949.0,28601.0,123107.5,3520997607.5,67,7899878026.581589,46016341267.83971,8208511670.008168,46715156894.540726,0.1861738535249829,0.04713121918814034,0.03906815300034827,0.015186249220326742,1.0
740,Kaifu,Regular,Regular,Regular,0,OK,1,1931,-777,0,1.0,1989,1991,East Asia,30837.43073704086,28601.0,123107.5,3520997607.5,58,7899878026.581589,46016341267.83971,8545298964.823563,47192014400.92255,2.242299794661191,0.02606471495216785,0.027233371455029836,0.008516345140956153,1.0
740,Miyazawa,Regular,Regular,Regular,0,OK,1,1919,2007,0,1.0,1991,1993,East Asia,30920.659268311716,30837.43073704086,124027.11,3824677414.140348,72,8545298964.823563,47192014400.92255,9339867581.269573,48709321632.52854,1.757700205338809,0.0013494725287033216,0.04649156335646221,0.016075889648570874,1.0
740,Hosokawa,Regular,Regular,Regular,0,OK,1,1938,-777,0,1.0,1993,1994,East Asia,31135.427225745778,30920.659268311716,124863.61,3860865139.8213596,55,9339867581.269573,48709321632.52854,9784335418.96575,50046959415.1475,0.7091033538672142,0.006945775494966888,0.04758823760922737,0.027461638507518593,1.0
740,Hata,Regular,Regular,Regular,0,OK,1,1935,-777,0,1.0,1994,1995,East Asia,31887.277635764545,31135.427225745778,125041.5,3893220523.4480906,59,9784335418.96575,50046959415.1475,10356191120.381819,51854384806.948204,0.17796030116358658,0.02414774669920261,0.05844604430747502,0.03611458943604995,1.0
740,Murayama,Regular,Regular,Regular,0,OK,1,1924,-777,0,1.0,1994,1996,East Asia,32784.158185979286,31135.427225745778,125041.5,3893220523.4480906,70,9784335418.96575,50046959415.1475,10889942392.587156,53971480867.83615,1.5359342915811087,0.026476767899786147,0.05649882829437358,0.039208390465184095,1.0
740,Hashimoto,Regular,Regular,Regular,0,OK,1,1937,2006,0,1.0,1996,1998,East Asia,32558.186616065806,32784.158185979286,125636.15,4118875415.4774213,59,10889942392.587156,53971480867.83615,11119390713.777838,57448919778.54096,2.5489390828199863,-0.0022975687284854476,0.007023248698017885,0.021477014988837473,1.0
740,Obuchi,Regular,Retired Due to Ill Health,Regular,0,Missing: Natural Death within Six Months of Losing Office,1,1937,2000,0,2.1,1998,2000,East Asia,33210.80781599041,32558.186616065806,126273.77,4111244968.374172,61,11119390713.777838,57448919778.54096,12096129948.813297,62796055415.77486,1.675564681724846,0.010022382505826766,0.04392053756260217,0.04653817389296866,1.0
740,Mikio Aoki,Regular,Regular,Regular,0,OK,1,1934,-777,0,1.0,2000,2001,East Asia,33246.39206634778,33210.80781599041,126755.48,4209651885.903616,66,12096129948.813297,62796055415.77486,12522204146.43166,64760587194.60295,0.008213552361396304,0.0010714659683837002,0.03522400961475802,0.031284318191976634,1.0
740,Yoshiro Mori,Regular,Regular,Regular,0,OK,1,1937,-777,0,1.0,2000,2001,East Asia,33246.39206634778,33210.80781599041,126755.48,4209651885.903616,63,12096129948.813297,62796055415.77486,12522204146.43166,64760587194.60295,1.056810403832991,0.0005357329841918501,0.01761200480737901,0.015642159095988317,1.0
740,Junichiro Koizumi,Regular,Regular,Regular,0,OK,1,1942,-777,0,1.0,2001,2006,East Asia,35333.11309237394,33246.39206634778,127056.3,4224163564.2995033,59,12522204146.43166,64760587194.60295,16447970353.2468,82618841699.03532,5.418206707734429,0.010460889620051724,0.052250734786892274,0.045959678249902845,1.0
740,Shinzo Abe,Regular,Regular,Regular,0,OK,1,1954,-777,0,1.0,2006,2007,East Asia,35892.7127732509,35333.11309237394,127761.88,4514224954.934308,52,16447970353.2468,82618841699.03532,17520655355.05471,87408786989.82104,0.999315537303217,0.01583782553815616,0.06521686133731164,0.05797642755915877,1.0
740,Yasuo Fukuda,Regular,Regular,Regular,0,OK,1,1936,-777,0,1.0,2007,2008,East Asia,35496.22745171,35892.7127732509,127903.8,4590814356.007329,71,17520655355.05471,87408786989.82104,17952357910.85801,90277694082.64677,0.9965776865160849,-0.011046401648314053,0.024639635165173868,0.03282172412665818,1.0
740,Taro Aso,Regular,Regular,Regular,0,OK,1,1940,-777,0,1.0,2008,2009,East Asia,33590.01094460268,35496.22745171,127968.76,4542408211.673288,68,17952357910.85801,90277694082.64677,18455712047.54542,90134685455.90204,0.9774127310061602,-0.05370194648714666,0.028038330072673645,-0.0015840970263797383,1.0
740,Hatoyama Yukio,Regular,Regular,Regular,0,OK,1,1947,-777,0,1.0,2009,2010,East Asia,35011.4025017665,33590.01094460268,127957.77,4298102894.746953,62,18455712047.54542,90134685455.90204,20106396413.012234,95439312780.60913,0.7255304585900069,0.04231590038800537,0.08944029692348554,0.05885223094612502,1.0
740,Naoto Kan,Regular,Regular,Regular,0,OK,1,1946,-777,0,1.0,2010,2011,East Asia,34979.0,35011.4025017665,127966.76,4480295741.206953,64,20106396413.012234,95439312780.60913,21015038029.209187,99528621997.01219,1.2347707049965777,-0.0004627421275806287,0.022595834617308852,0.021423609921643827,1.0
740,Yoshihiko Noda,Regular,Regular,Regular,0,OK,1,1957,-777,0,1.0,2011,2012,East Asia,35537.438764156825,34979.0,127754.89,4468738297.31,54,21015038029.209187,99528621997.01219,22222439149.448067,102883604981.64182,1.3169062286105406,0.00798248612248531,0.02872707435886368,0.01685436268137186,1.0
740,Shinzo Abe,Regular,Still in Office,Still in Office,1,Leader Still in Office,1,1954,-777,0,-888.0,2012,2015,East Asia,37053.174046739085,35537.438764156825,127476.05,4530172320.771594,58,22222439149.448067,102883604981.64182,26191581996.268272,113181872475.00757,3.0116358658453115,0.010662946847699084,0.04465242114206425,0.02502407330887013,1.0
750,Nehru,Regular,Natural Death,Regular,0,Missing: Natural Death within Six Months of Losing Office,1,1889,1964,0,2.0,1947,1964,South and South East Asia,1309.0,985.0,346000.0,340810000.0,58,389679124.0,5916422135.694958,1218401646.425869,17168846684.352207,16.78302532511978,0.019349059420722597,0.12509878171484992,0.11187628455349452,1.0
750,Nanda,Regular,Regular,Regular,0,OK,1,1898,1998,0,1.0,1964,1965,South and South East Asia,1229.0,1309.0,474000.0,620466000.0,66,1218401646.425869,17168846684.352207,1215995835.520826,18075505373.698357,0.03559206023271732,-0.061115355233002266,-0.0019745630778653656,0.05280836307848702,1.0
750,Shastri,Regular,Natural Death,Regular,0,Missing: Natural Death within Six Months of Losing Office,1,1904,1966,0,2.0,1964,1966,South and South East Asia,1215.0,1309.0,474000.0,620466000.0,60,1218401646.425869,17168846684.352207,1241990750.8209891,19030818060.72169,1.5906913073237507,-0.035905271199388855,0.00968034821042707,0.054225289869543114,1.0
750,Nanda,Regular,Regular,Regular,1,OK,1,1898,1998,0,1.0,1966,1967,South and South East Asia,1286.0,1215.0,495000.0,601425000.0,68,1241990750.8209891,19030818060.72169,1298560435.6419897,19784467002.851566,0.03559206023271732,0.05843621399176957,0.04554758945153692,0.03960150003668805,1.0
750,"Gandhi, I.",Regular,Regular,Regular,0,Imprisonment,0,1917,1984,0,1.0,1966,1977,South and South East Asia,1494.0,1215.0,495000.0,601425000.0,49,1241990750.8209891,19030818060.72169,2103088578.229204,30733214214.56724,11.156741957563312,0.019135802469135803,0.05777672034721985,0.05124318231489348,1.0
750,Desai,Regular,Regular,Regular,0,OK,1,1896,1995,0,1.0,1977,1979,South and South East Asia,1427.0,1494.0,634000.0,947196000.0,81,2103088578.229204,30733214214.56724,2236735069.8728704,33220383789.58506,2.2258726899383983,-0.01494868362338242,0.02118257452826781,0.02697591339512336,1.0
750,Charan Singh,Regular,Regular,Regular,0,OK,1,1902,1987,0,1.0,1979,1980,South and South East Asia,1495.0,1427.0,664000.0,947528000.0,77,2236735069.8728704,33220383789.58506,2385284678.1,35105310712.72682,0.4654346338124572,0.047652417659425295,0.0664135910542023,0.05674007064700759,1.0
750,"Gandhi, I.",Regular,Irregular,"Irregular, Other",1,Death,0,1917,1984,0,3.0,1980,1984,South and South East Asia,1690.0,1495.0,679000.0,1015105000.0,63,2385284678.1,35105310712.72682,2874204704.4019823,38795331361.618996,4.7967145790554415,0.02608695652173911,0.040994689714892375,0.02102257791755946,1.0
750,"Gandhi, R.",Regular,Regular,Regular,0,OK,1,1944,1991,0,1.0,1984,1989,South and South East Asia,2024.0,1690.0,739000.0,1248910000.0,40,2874204704.4019823,38795331361.618996,3763602740.6630135,46016341267.83971,5.086926762491444,0.032938856015779096,0.05157357296662942,0.031021816512371236,1.0
750,Pratap Singh,Regular,Regular,Regular,0,OK,1,1931,2008,0,1.0,1989,1990,South and South East Asia,2087.0,2024.0,822000.0,1663728000.0,58,3763602740.6630135,46016341267.83971,4007196544.015,46715156894.540726,0.9390828199863107,0.031126482213438722,0.06472356944587454,0.015186249220326742,1.0
750,Shekhar,Regular,Regular,Regular,0,OK,1,1927,2007,0,1.0,1990,1991,South and South East Asia,2062.3101938964883,2087.0,839000.0,1750993000.0,63,4007196544.015,46715156894.540726,4182517297.6171837,47192014400.92255,0.6105407255304586,-0.011830285626982184,0.04375147354926634,0.010207768486325097,1.0
750,Rao,Regular,Regular,Regular,0,OK,1,1921,2004,0,1.0,1991,1996,South and South East Asia,2475.56805896638,2062.3101938964883,857530.33,1768493541.1344194,70,4182517297.6171837,47192014400.92255,5736179721.70249,53971480867.83615,4.903490759753593,0.04007717813672738,0.07429317387260737,0.028731413790978478,1.0
750,Vajpayee,Regular,Regular,Regular,0,OK,1,1924,-777,0,1.0,1996,1997,South and South East Asia,2514.0217106960536,2475.56805896638,947349.69,2345228633.2357016,72,5736179721.70249,53971480867.83615,5956332678.666667,56142944592.630035,0.04380561259411362,0.015533263806016828,0.03837971745049096,0.040233539822842834,1.0
750,Gowda,Regular,Regular,Regular,0,OK,1,1933,-777,0,1.0,1996,1997,South and South East Asia,2514.0217106960536,2475.56805896638,947349.69,2345228633.2357016,63,5736179721.70249,53971480867.83615,5956332678.666667,56142944592.630035,0.8870636550308009,0.015533263806016828,0.03837971745049096,0.040233539822842834,1.0
750,Gujral,Regular,Regular,Regular,0,OK,1,1919,-777,0,1.0,1997,1998,South and South East Asia,2611.781380479922,2514.0217106960536,965307.79,2426804741.564027,78,5956332678.666667,56142944592.630035,5913764465.295049,57448919778.54096,0.9089664613278576,0.038885769907214485,-0.0071467152135543666,0.023261608299796288,1.0
750,Vajpayee,Regular,Regular,Regular,1,OK,1,1924,-777,0,1.0,1998,2004,South and South East Asia,3212.5110336341645,2611.781380479922,983180.71,2567853072.0250297,74,5913764465.295049,57448919778.54096,8066295411.7605,74015814861.56413,6.176591375770021,0.03285823328115162,0.05199808391562209,0.04119658483915962,1.0
750,Manmohan Singh,Regular,Regular,Regular,0,OK,1,1932,-777,0,1.0,2004,2014,South and South East Asia,5524.114583596415,3212.5110336341645,1087941.16,3495022980.4447517,72,8066295411.7605,74015814861.56413,14867387792.111801,109801891452.69542,10.009582477754963,0.06541480327043962,0.07664994820113336,0.04395384548812484,1.0
750,Narendra Modi,Regular,Still in Office,Still in Office,0,Leader Still in Office,1,1950,-777,0,-888.0,2014,2015,South and South East Asia,5869.846531869248,5524.114583596415,1244577.0,6875185956.108676,64,14867387792.111801,109801891452.69542,15784105618.10651,113181872475.00757,1.5906913073237507,0.03129297401790565,0.030829821580395378,0.015391269574660749,1.0
770,Nazimuddin,Regular,Regular,Regular,0,OK,1,1894,1964,0,1.0,1951,1953,South and South East Asia,1015.0,969.0,40382.206,39130357.614,57,721977521.5672405,9334940849.93543,791321205.625012,10381252161.518972,1.5003422313483916,0.023735810113519107,0.048023437008982595,0.0560427392312175,1.0
770,Mohammed Ali,Regular,Regular,Regular,0,OK,1,1909,1963,0,1.0,1953,1955,South and South East Asia,1012.0,1015.0,42342.412,42977548.18,44,791321205.625012,10381252161.518972,847810420.2040347,11398992120.516134,2.308008213552361,-0.0009852216748768388,0.02379531606022763,0.032678779758049524,1.0
770,Chaudhri M. Ali,Regular,Regular,Regular,0,OK,1,1905,1980,0,1.0,1955,1956,South and South East Asia,1017.0,1012.0,44434.445,44967658.339999996,50,847810420.2040347,11398992120.516134,889301919.384743,11951387652.483673,1.0896646132785763,0.0024703557312253377,0.024469797841552232,0.024230016396507792,1.0
770,Shahid Suhrawardy,Regular,Regular,Regular,0,OK,1,1893,1963,0,1.0,1956,1957,South and South East Asia,1036.0,1017.0,45535.711,46309818.087000005,63,889301919.384743,11951387652.483673,901406993.836007,12402988214.360376,1.0951403148528405,0.009341199606686335,0.0068059419345675165,0.01889322708827268,1.0
770,Chundrigar,Regular,Regular,Regular,0,OK,1,1897,1960,0,1.0,1957,1958,South and South East Asia,1025.0,1036.0,46679.944,48360421.984000005,60,901406993.836007,12402988214.360376,936130681.4674392,12754499113.886679,0.16427104722792607,-0.010617760617760652,0.03852165322532364,0.028340823473436583,1.0
770,Khan Noon,Regular,Irregular,"Removed by Other Government Actors, without Foreign Support",0,OK,1,1893,1970,0,3.0,1957,1958,South and South East Asia,1025.0,1036.0,46679.944,48360421.984000005,64,901406993.836007,12402988214.360376,936130681.4674392,12754499113.886679,0.8076659822039699,-0.010617760617760652,0.03852165322532364,0.028340823473436583,1.0
770,Ayub Khan,Irregular,Irregular,"Popular Protest, without Foreign Support",0,OK,1,1907,1974,1,3.0,1958,1969,South and South East Asia,1411.0,1025.0,47868.932,49065655.3,51,936130681.4674392,12754499113.886679,1456174617.610141,22012539042.756966,10.464065708418891,0.034235033259423495,0.05050226683459338,0.06598769469647872,1.0
770,Yahya Khan,Irregular,Irregular,"Removed by Military, without Foreign Support",0,Imprisonment,1,1917,1980,1,3.0,1969,1971,South and South East Asia,1484.0,1411.0,63969.987,90261651.657,52,1456174617.610141,22012539042.756966,1578081997.403,24246398728.449657,2.7214236824093088,0.017245452397826638,0.027905851930709675,0.03382707891100408,1.0
770,Bhutto,Regular,Irregular,"Removed by Military, without Foreign Support",0,Death,1,1928,1979,0,3.0,1971,1977,South and South East Asia,1631.0,1484.0,67491.369,100157191.59600002,43,1578081997.403,24246398728.449657,2103088578.229204,30733214214.56724,5.541409993155373,0.016509433962264158,0.05544775046440242,0.0445895461202811,1.0
770,Zia,Irregular,Irregular,"Irregular, Other",0,Death,1,1924,1988,1,3.0,1977,1988,South and South East Asia,2442.0,1631.0,78152.686,127467030.866,53,2103088578.229204,30733214214.56724,3511334065.247377,44671815935.24714,11.118412046543463,0.041436746372368695,0.05580068847297881,0.0377946196997328,1.0
770,Ishaq Khan,Regular,Regular,Regular,0,OK,1,1915,2006,0,1.0,1988,1989,South and South East Asia,2487.0,2442.0,108407.786,264731813.41199997,73,3511334065.247377,44671815935.24714,3763602740.6630135,46016341267.83971,0.2929500342231348,0.01842751842751844,0.07184411130584456,0.030097843672652225,1.0
770,Benazir Bhutto,Regular,Regular,Regular,0,OK,0,1953,2007,0,1.0,1988,1990,South and South East Asia,2531.0,2442.0,108407.786,264731813.41199997,35,3511334065.247377,44671815935.24714,4007196544.015,46715156894.540726,1.675564681724846,0.01822276822276825,0.07060884403955014,0.02287058312399315,1.0
770,Jatoi,Regular,Regular,Regular,0,OK,1,1931,2009,0,1.0,1990,1991,South and South East Asia,2644.574215569029,2531.0,114606.69,290069532.39,59,4007196544.015,46715156894.540726,4182517297.6171837,47192014400.92255,0.2518822724161533,0.044873257830513325,0.04375147354926634,0.010207768486325097,1.0
770,Sharif,Regular,Irregular,"Removed by Other Government Actors, without Foreign Support",0,OK,1,1949,-777,0,3.0,1990,1993,South and South East Asia,2777.332031983147,2531.0,114606.69,290069532.39,41,4007196544.015,46715156894.540726,4684653166.079072,48709321632.52854,2.4476386036960984,0.03244199025196193,0.05635333119824929,0.014229248567651768,1.0
770,Mazari,Irregular,Regular,Regular,0,OK,1,1922,-777,1,1.0,1993,1994,South and South East Asia,2855.9061964784687,2777.332031983147,122051.82,338978429.2478413,71,4684653166.079072,48709321632.52854,4994780097.927918,50046959415.1475,0.10403832991101986,0.02829123907061848,0.06620061738923022,0.027461638507518593,1.0
770,Sharif,Regular,Regular,Regular,1,OK,1,1949,-777,0,1.0,1993,1994,South and South East Asia,2855.9061964784687,2777.332031983147,122051.82,338978429.2478413,44,4684653166.079072,48709321632.52854,4994780097.927918,50046959415.1475,0.14510609171800137,0.02829123907061848,0.06620061738923022,0.027461638507518593,1.0
770,Qureshi,Regular,Regular,Regular,0,OK,1,1930,-777,0,1.0,1993,1994,South and South East Asia,2855.9061964784687,2777.332031983147,122051.82,338978429.2478413,63,4684653166.079072,48709321632.52854,4994780097.927918,50046959415.1475,0.2518822724161533,0.02829123907061848,0.06620061738923022,0.027461638507518593,1.0
770,Benazir Bhutto,Regular,Irregular,"Removed by Other Government Actors, without Foreign Support",1,OK,0,1953,2007,0,3.0,1993,1996,South and South East Asia,2979.808225508058,2777.332031983147,122051.82,338978429.2478413,40,4684653166.079072,48709321632.52854,5736179721.70249,53971480867.83615,3.047227926078029,0.01822578208089992,0.05611549661975923,0.027007968182179987,1.0
770,Khalid,Irregular,Regular,Regular,0,OK,1,1916,2003,1,1.0,1996,1997,South and South East Asia,2986.7055656454686,2979.808225508058,131362.55,391435207.01371354,80,5736179721.70249,53971480867.83615,5956332678.666667,56142944592.630035,0.28473648186173856,0.0023146926296691017,0.03837971745049096,0.040233539822842834,1.0
770,Sharif,Regular,Irregular,"Removed by Military, without Foreign Support",2,Imprisonment,1,1949,-777,0,3.0,1997,1999,South and South East Asia,3111.9585703627713,2986.7055656454686,134716.84,402359535.81417006,48,5956332678.666667,56142944592.630035,6180530775.097834,59628765673.01684,2.647501711156742,0.013978947925993893,0.012546763728972529,0.020696106493165,1.0
770,Musharraf,Irregular,Regular,Regular,0,Exile,1,1943,-777,1,1.0,1999,2008,South and South East Asia,4224.404803717347,3111.9585703627713,141497.13,440333206.3852352,56,6180530775.097834,59628765673.01684,10501454590.885288,90277694082.64677,8.845995893223819,0.039719403149055504,0.0776798407238748,0.05711063194957106,1.0
770,Soomro,Regular,Regular,Regular,0,OK,1,1950,-777,0,1.0,2008,2009,South and South East Asia,4288.461819263837,4224.404803717347,176808.99,746912746.6964123,58,10501454590.885288,90277694082.64677,11037423590.374306,90134685455.90204,0.06023271731690623,0.015163559962369622,0.05103759625397131,-0.0015840970263797383,1.0
770,Zardari,Regular,Regular,Regular,0,OK,1,1955,-777,0,1.0,2008,2013,South and South East Asia,4638.161854593577,4224.404803717347,176808.99,746912746.6964123,53,10501454590.885288,90277694082.64677,14040361139.873257,106221801332.0274,4.736481861738535,0.019588892168294868,0.06739840692278105,0.03532236265313608,1.0
770,Nawaz Sharif,Regular,Still in Office,Still in Office,0,Leader Still in Office,1,1949,-777,0,-888.0,2013,2015,South and South East Asia,4889.914999073702,4638.161854593577,197994.08,918328589.291349,64,14040361139.873257,106221801332.0274,15784105618.10651,113181872475.00757,2.5708418891170433,0.018092881934164806,0.04139837669562474,0.021841313979178434,1.0
812,Souvanna Phouma,Regular,Regular,Regular,0,OK,1,1901,1984,0,1.0,1951,1954,South and South East Asia,730.0,706.0,1921.0,1356226.0,50,721977521.5672405,9334940849.93543,824094446.999376,10684681554.893536,3.0116358658453115,0.008498583569405083,0.03536014708964352,0.0361475430497088,1.0
812,Katay Don Sasorith,Regular,Regular,Regular,0,OK,1,1904,1959,0,1.0,1954,1956,South and South East Asia,744.0,730.0,2035.0,1485550.0,50,824094446.999376,10684681554.893536,889301919.384743,11951387652.483673,1.319644079397673,0.009589041095890427,0.039563106281564564,0.05927673609561124,1.0
812,Souvanna Phouma,Regular,Regular,Regular,1,OK,1,1901,1984,0,1.0,1956,1958,South and South East Asia,759.0,744.0,2121.0,1578024.0,55,889301919.384743,11951387652.483673,936130681.4674392,12754499113.886679,2.3353867214236823,0.006720430107526913,0.017552629788203006,0.022399392292495508,1.0
812,Sananikone,Regular,Irregular,"Removed by Military, without Foreign Support",0,OK,1,1903,1983,0,3.0,1958,1959,South and South East Asia,765.0,759.0,2213.0,1679667.0,55,936130681.4674392,12754499113.886679,971254105.4540915,13330790435.611374,1.377138945927447,0.0039525691699604515,0.018759893614209044,0.022591687708741426,1.0
812,Nosavan,Irregular,Regular,Regular,0,OK,1,1920,1985,1,1.0,1959,1960,South and South East Asia,771.0,765.0,2261.0,1729665.0,39,971254105.4540915,13330790435.611374,1028637326.4954227,14025367456.334517,0.019164955509924708,0.007843137254901933,0.059081573729361736,0.052103213539961946,1.0
812,Kou Abhay Og Long,Irregular,Regular,Regular,0,Missing: No Information Found,1,1892,1964,1,1.0,1960,1961,South and South East Asia,779.0,771.0,2309.0,1780239.0,68,1028637326.4954227,14025367456.334517,1071597070.2049999,14545646569.21639,0.39698836413415467,0.01037613488975353,0.04176374179998055,0.0370955780304274,1.0
812,Somsanith,Irregular,Irregular,"Removed by Military, without Foreign Support",0,OK,1,1913,1975,1,3.0,1960,1961,South and South East Asia,779.0,771.0,2309.0,1780239.0,47,1028637326.4954227,14025367456.334517,1071597070.2049999,14545646569.21639,0.19164955509924708,0.01037613488975353,0.04176374179998055,0.0370955780304274,1.0
812,Kong Le,Irregular,Regular,Regular,0,Exile,1,1934,2014,1,1.0,1960,1961,South and South East Asia,779.0,771.0,2309.0,1780239.0,26,1028637326.4954227,14025367456.334517,1071597070.2049999,14545646569.21639,0.01642710472279261,0.01037613488975353,0.04176374179998055,0.0370955780304274,1.0
812,Souvanna Phouma,Irregular,Irregular,"Removed by Military, without Foreign Support",2,Exile,1,1901,1984,1,3.0,1960,1961,South and South East Asia,779.0,771.0,2309.0,1780239.0,59,1028637326.4954227,14025367456.334517,1071597070.2049999,14545646569.21639,0.3203285420944558,0.01037613488975353,0.04176374179998055,0.0370955780304274,1.0
812,Boun Oum,Irregular,Regular,Regular,0,OK,1,1912,1980,1,1.0,1960,1962,South and South East Asia,787.0,771.0,2309.0,1780239.0,48,1028637326.4954227,14025367456.334517,1105094900.3305614,15291081770.15114,1.5222450376454484,0.01037613488975353,0.03716449513631315,0.04512232273974992,1.0
812,Souvanna Phouma,Regular,Irregular,"Removed by Military, without Foreign Support",3,Imprisonment,1,1901,1984,0,3.0,1962,1964,South and South East Asia,802.0,787.0,2409.0,1895883.0,61,1105094900.3305614,15291081770.15114,1218401646.425869,17168846684.352207,1.8206707734428473,0.009529860228716602,0.051265618030367666,0.06140065635730707,1.0
812,Kouprasith,Irregular,Regular,Regular,0,OK,1,1926,1999,1,1.0,1964,1965,South and South East Asia,810.0,802.0,2512.0,2014624.0,38,1218401646.425869,17168846684.352207,1215995835.520826,18075505373.698357,0.0027378507871321013,0.009975062344139696,-0.0019745630778653656,0.05280836307848702,1.0
812,Souvanna Phouma,Regular,Irregular,"Removed by Rebels, with Foreign Support",4,OK,1,1901,1984,0,3.0,1964,1975,South and South East Asia,999.0,802.0,2512.0,2014624.0,63,1218401646.425869,17168846684.352207,1872045054.068352,28234680865.07181,11.616700889801505,0.020469659185369915,0.04470634468526306,0.05371082084586124,1.0
812,Phomivan,Irregular,Natural Death,Regular,0,Missing: Natural Death within Six Months of Losing Office,1,1920,1992,1,2.0,1975,1992,South and South East Asia,1563.9057366520678,999.0,3161.0,3157839.0,55,1872045054.068352,28234680865.07181,4416131155.019964,47778114919.29238,16.982888432580424,0.03326301222705458,0.07994044975582348,0.040716371946582786,1.0
812,Phounsavanh,Regular,Regular,Regular,0,OK,1,1914,2008,0,1.0,1992,1998,South and South East Asia,2050.8838106292883,1563.9057366520678,4454.0,6965636.15104831,78,4416131155.019964,47778114919.29238,5913764465.295049,57448919778.54096,5.248459958932238,0.051897637068130775,0.05652131763088131,0.03373512773782402,1.0
812,Siphandon,Regular,Regular,Regular,0,OK,1,1924,-777,0,1.0,1998,2006,South and South East Asia,2896.1354787623054,2050.8838106292883,5168.0,10598967.533332162,74,5913764465.295049,57448919778.54096,9259010917.563665,82618841699.03532,8.284736481861739,0.04579335578545645,0.06285235951370005,0.048680775930110394,1.0
812,Sayasone,Regular,Still in Office,Still in Office,0,Leader Still in Office,1,1936,-777,0,-888.0,2006,2015,South and South East Asia,5559.0,2896.1354787623054,5931.0,17176979.524539232,70,9259010917.563665,82618841699.03532,15784105618.10651,113181872475.00757,9.56331279945243,0.09194544042448242,0.07047291291303284,0.03699280956674209,1.0
