ccode,entry,exit,exitcode,prevtimesinoffice,posttenurefate,gender,yrborn,yrdied,numentry,numexit,yrbegin,yrend,region,begin_gdppc,begin_pop,begin_GDP,age,Region_begin_GDP,World_begin_GDP,Region_end_GDP,World_end_GDP,tenure,growth_rate,growth_rate_region,growth_rate_world,fties_range,growth_rate_normgroup,growth_rate_avggrp
0.0,0.0,0.0,0.2857142857142857,0.0,0.625,1,0.08,0.9571855293727182,0.0,0.9966367713004485,0.039473684210526314,0.007142857142857143,1.0,0.029402145885812785,0.029094520836341634,194685253.82,0.4225352112676056,203316253.82,826379035.034994,268504022.32000005,1017661045.702806,0.1601095890410959,0.0034966045369166,0.0356247238122995,0.0257188963415171,1.0,4,5
0.0,0.0,0.0,0.2857142857142857,0.0,0.625,1,0.08,0.9598406903418519,0.0,0.9966367713004485,0.09210526315789473,0.03571428571428571,1.0,0.030403936542234233,0.03497856283061299,241295485.32,0.5352112676056338,268504022.32000005,1017661045.702806,360704575.1312,1168068272.6993976,0.08005479452054795,0.0478063540090771,0.0686772227950584,0.029559395563327,1.0,4,5
0.0,0.0,0.16666666666666666,0.0,0.0,0.0,1,0.13142857142857142,0.9558579488881513,0.0,0.9988789237668162,0.11842105263157894,0.04285714285714286,1.0,0.038252676561139454,0.038252580151858694,326883215.1312,0.4647887323943662,360704575.1312,1168068272.6993976,381313272.6312,1209112829.7728684,0.010904109589041096,0.038054538054538,0.0571345608591296,0.0351388339472804,1.0,4,5
0.0,0.0,0.0,0.2857142857142857,0.0,0.625,1,0.12,0.9575174244938599,0.0,0.9966367713004485,0.11842105263157894,0.06428571428571428,1.0,0.038252676561139454,0.038252580151858694,326883215.1312,0.49295774647887325,360704575.1312,1168068272.6993976,403006007.0728,1569887596.480446,0.06915068493150685,0.0042226292226292,0.0293186133875718,0.0860008214358153,1.0,4,5
0.0,0.0,0.0,0.2857142857142857,0.0,0.625,1,0.1657142857142857,0.9648191171589777,0.0,0.9966367713004485,0.14473684210526316,0.09285714285714286,1.0,0.03893985527587483,0.042058680867548576,365398841.0728,0.43661971830985913,403006007.0728,1569887596.480446,459960449.2336,1714730856.0219688,0.08005479452054795,0.0087652591554932,0.0282648105294924,0.0184526917552886,1.0,4,5
0.0,0.0,0.0,0.2857142857142857,0.0,0.625,1,0.14285714285714285,0.9624958513109857,0.0,0.9966367713004485,0.17105263157894737,0.12142857142857143,1.0,0.04075301357138142,0.045865522646461925,415860046.2336,0.5492957746478874,459960449.2336,1714730856.0219688,502302004.8576,1828684347.56283,0.08005479452054795,0.0038343558282208,0.0184109549829994,0.0132911227602474,1.0,4,5
0.0,0.0,0.0,0.2857142857142857,0.25,0.625,1,0.1657142857142857,0.9648191171589777,0.0,0.9966367713004485,0.19736842105263158,0.15,1.0,0.04158093973371319,0.04973016735680514,459473434.8576,0.5492957746478874,502302004.8576,1828684347.56283,582199488.0936,2070110790.055213,0.08005479452054795,0.0167419112114371,0.0318125281059352,0.0264043866087816,1.0,4,5
0.0,0.0,0.16666666666666666,0.0,0.0,0.0,1,0.2,0.9624958513109857,0.0,0.9988789237668162,0.2236842105263158,0.17857142857142858,1.0,0.04526521115608959,0.05361333864773485,536744982.0936,0.5211267605633803,582199488.0936,2070110790.055213,739205229.9216,2383409478.9599314,0.09063013698630136,0.0368338830064224,0.0539353761172521,0.0302687846862884,1.0,4,5
0.0,0.0,0.0,0.2857142857142857,0.0,0.625,1,0.2857142857142857,0.9684699634915367,0.0,0.9966367713004485,0.25,0.2357142857142857,1.0,0.054049507738429724,0.05762767812921696,683106048.9216,0.36619718309859156,739205229.9216,2383409478.9599314,974778877.7868638,2939559126.60919,0.14947945205479451,0.0146481243496635,0.0398356299322734,0.0291677559268975,1.0,4,5
0.0,0.0,0.0,0.2857142857142857,0.0,0.625,1,0.28,0.9721208098240955,0.0,0.9966367713004485,0.3026315789473684,0.2642857142857143,1.0,0.06066824781922281,0.06722963431558648,890110044.7868638,0.49295774647887325,974778877.7868638,2939559126.60919,1091095921.9483504,4396657850.163141,0.08005479452054795,0.0063247092120832,0.0238653189584026,0.0991372284615161,1.0,4,5
0.0,0.0,0.0,0.2857142857142857,0.0,0.625,1,0.2742857142857143,0.9701294390972452,0.0,0.9966367713004485,0.32894736842105265,0.32142857142857145,1.0,0.06266368923925844,0.07223996276939865,986598461.9483504,0.5633802816901409,1091095921.9483504,4396657850.163141,1155693063.447896,3494210458.682645,0.1601095890410959,-0.0047606981302908,0.0065782118897479,-0.022806398815637,1.0,4,6
0.0,0.0,0.5,0.2857142857142857,0.0,0.0,1,0.32571428571428573,0.9697975439761035,0.0,0.9977578475336323,0.3815789473684211,0.3357142857142857,1.0,0.05987459739822278,0.08065695886145584,1054213677.447896,0.5492957746478874,1155693063.447896,3494210458.682645,1360948558.5634964,3902172216.269208,0.048328767123287666,0.0481095517467894,0.0592012711123721,0.0389178769100596,1.0,4,5
0.0,0.0,0.0,0.2857142857142857,0.0,0.625,1,0.3657142857142857,0.9731164951875207,0.0,0.9966367713004485,0.39473684210526316,0.37857142857142856,1.0,0.06886716925483893,0.08319361827535897,1244263784.5634964,0.4788732394366197,1360948558.5634964,3902172216.269208,1610542861.8412397,5654440675.939672,0.11178082191780822,0.0132925810521428,0.0305662181605152,0.0748415823527207,1.0,4,5
0.0,0.0,0.0,0.2857142857142857,0.0,0.625,1,0.37714285714285717,0.9834052439429141,0.0,0.9966367713004485,0.4342105263157895,0.40714285714285714,1.0,0.07455363847105294,0.09049901953222636,1461345499.8412397,0.5352112676056338,1610542861.8412397,5654440675.939672,1136592655.4067135,5044728874.113239,0.08005479452054795,-0.0653494049088554,-0.0588559569153827,-0.021565768809666,1.0,4,6
0.0,0.0,0.5,0.2857142857142857,0.0,0.0,1,0.4228571428571429,0.9770992366412213,0.0,0.9977578475336323,0.4605263157894737,0.4928571428571429,1.0,0.049398935947352535,0.09341510331654095,1015524969.4067136,0.4788732394366197,1136592655.4067135,5044728874.113239,2555812784.84346,5516514526.341848,0.2423013698630137,0.0805655691185681,0.0960509278923475,0.0071938859199771,1.0,4,5
0.0,0.0,0.0,0.2857142857142857,0.0,0.625,1,0.4342857142857143,0.9860604049120478,0.0,0.9966367713004485,0.5394736842105263,0.55,1.0,0.10368378785827201,0.1040078610326763,2314667606.84346,0.6197183098591549,2555812784.84346,5516514526.341848,3034661133.164,10381252161.518972,0.1556164383561644,0.0033336887645351,0.0234195727852318,0.1102312341413126,1.0,4,5
0.0,0.0,0.0,0.2857142857142857,0.0,0.625,1,0.4685714285714286,0.9850647195486226,0.0,0.9966367713004485,0.5921052631578947,0.6071428571428571,1.0,0.10651383366978326,0.11861421716707031,2709832728.0,0.647887323943662,3034661133.164,10381252161.518972,3784937088.512,14545646569.21639,0.1601095890410959,0.0082625629708445,0.0274706108460121,0.0445717416882834,1.0,4,5
0.0,0.0,0.16666666666666666,0.0,0.0,0.0,1,0.6228571428571429,0.9830733488217723,0.0,0.9988789237668162,0.6447368421052632,0.6214285714285714,1.0,0.11461535134412498,0.13603439036094145,3338583925.0,0.38028169014084506,3784937088.512,14545646569.21639,4193686049.857,15991243735.72246,0.05676712328767124,0.0245575424117377,0.0359978648509667,0.0331278310576089,1.0,4,5
0.0,0.0,0.0,0.2857142857142857,0.0,0.625,1,0.5714285714285714,0.9863923000331896,0.0,0.9966367713004485,0.6578947368421053,0.6642857142857143,1.0,0.12323850886872242,0.14014803231436718,3692868388.0,0.5352112676056338,4193686049.857,15991243735.72246,5590316711.476,22012539042.75697,0.10334246575342466,0.03997984353114,0.0555052939512334,0.0627561704657955,1.0,4,5
0.0,0.0,0.0,0.2857142857142857,0.0,0.625,1,0.6,0.9933620975771656,0.0,0.9966367713004485,0.6973684210526315,0.7,1.0,0.15338414021498128,0.15010421672155053,4903770015.0,0.5492957746478874,5590316711.476,22012539042.75697,6483578141.5,27746656042.65312,0.11106849315068493,0.0144038024385203,0.0266312111974586,0.0434155353361573,1.0,4,5
0.0,0.0,0.0,0.2857142857142857,0.0,0.625,1,0.6,0.9973448390308662,0.0,0.9966367713004485,0.7302631578947368,0.7214285714285714,1.0,0.1668501763493601,0.15838708037016147,5621366244.0,0.6197183098591549,6483578141.5,27746656042.65312,7108701091.2,30733214214.56724,0.04904109589041095,0.0217479520150143,0.0321387838657958,0.03587889614906,1.0,4,5
0.0,0.0,0.0,0.2857142857142857,0.0,0.625,1,0.6628571428571428,0.07368071689346167,0.0,0.9966367713004485,0.75,0.75,1.0,0.17789477317884822,0.16311876905195274,6166912239.0,0.5070422535211268,7108701091.2,30733214214.56724,7979785945.601999,35740398961.4584,0.08005479452054795,0.0146780472125995,0.0245075673664302,0.0325848426522065,1.0,4,5
0.0,0.0,0.0,0.2857142857142857,0.0,0.625,1,0.5885714285714285,0.9966810487885828,0.0,0.9966367713004485,0.7763157894736842,0.8071428571428572,1.0,0.19112896937978008,0.17032726665853082,6911865219.271999,0.7464788732394366,7979785945.601999,35740398961.4584,10457063747.332,46016341267.83971,0.1601095890410959,0.0247685801319019,0.0344937935625722,0.0319462401247104,1.0,4,5
0.0,0.0,0.0,0.2857142857142857,0.0,0.625,1,0.6628571428571428,0.07368071689346167,0.0,0.9966367713004485,0.8289473684210527,0.8357142857142857,1.0,0.2342769569935238,0.18320358105522883,9091291414.932,0.676056338028169,10457063747.332,46016341267.83971,11249703066.466791,48709321632.52854,0.08005479452054795,0.0054714069395052,0.0151598830854794,0.0117044523336362,1.0,4,5
0.0,0.0,0.0,0.2857142857142857,0.0,0.625,1,0.7885714285714286,0.07368071689346167,0.0,0.9966367713004485,0.8552631578947368,0.8928571428571429,1.0,0.24075260161228026,0.19252415775884033,9814940459.160437,0.4225352112676056,11249703066.466791,48709321632.52854,15056386981.662312,64760587194.60295,0.1601095890410959,0.0238822505218749,0.0375978705364185,0.0366146333302778,1.0,4,5
0.0,0.0,0.0,0.2857142857142857,0.0,0.625,1,0.7885714285714286,0.07368071689346167,0.0,0.9966367713004485,0.9078947368421053,0.95,1.0,0.2930226790811868,0.21108779150651003,13073810390.593632,0.5352112676056338,15056386981.662312,64760587194.60295,17324172040.043434,90134685455.90204,0.16005479452054794,0.0070156824522344,0.0188274340080984,0.0489767375507477,1.0,4,5
0.0,0.0,1.0,1.0,0.0,0.875,1,0.8742857142857143,0.07368071689346167,0.0,0.0,0.9605263157894737,0.9928571428571429,1.0,0.3096051871357027,0.22724519296760556,14864003316.912,0.43661971830985913,17324172040.043434,90134685455.90204,19805745934.47515,113181872475.00755,0.13895890410958903,0.012840798913763,0.02046334771601,0.0365281719439123,1.0,4,5
0.022222222222222223,0.0,0.0,0.2857142857142857,0.0,0.625,1,0.08,0.9595087952207103,0.0,0.9966367713004485,0.06578947368421052,0.014285714285714285,1.0,0.016476219516387607,0.0028297580704769666,11576648.0,0.4788732394366197,245312435.712,943174079.4074694,279740999.0368,1038709456.9097269,0.0989041095890411,-0.022275204359673,0.0280691545252272,0.0202582703634679,1.0,4,6
0.022222222222222223,0.0,0.5,0.2857142857142857,0.25,0.0,1,0.04,0.9591769000995686,0.0,0.9977578475336323,0.09868421052631579,0.10714285714285714,1.0,0.014370340120910862,0.0030528181007383874,11072596.0,0.647887323943662,279740999.0368,1038709456.9097269,486951967.7856,1755379986.2233455,0.25287671232876713,0.0362944835922988,0.0569787958978169,0.0530740351771774,1.0,4,5
0.022222222222222223,0.0,0.0,0.2857142857142857,0.0,0.625,1,0.07428571428571429,0.9598406903418519,0.0,0.9966367713004485,0.18421052631578946,0.11428571428571428,1.0,0.022297977845167356,0.003592312127417172,19092480.0,0.7464788732394366,486951967.7856,1755379986.2233455,526800338.2704001,1831626029.2905164,0.02947945205479452,-0.0079427083333333,0.0409161201935474,0.0217178171295014,1.0,4,6
0.022222222222222223,0.0,0.5,0.2857142857142857,0.0,0.0,1,0.21142857142857144,0.9601725854629937,0.0,0.9977578475336323,0.19078947368421054,0.12857142857142856,1.0,0.021905137957937748,0.0036293652885901655,18978138.0,0.4225352112676056,526800338.2704001,1831626029.2905164,490471883.8144,1864405397.3313825,0.040383561643835615,0.0068801270177295,-0.0229868584717024,0.0059654404550334,1.0,4,5
0.022222222222222223,0.0,0.0,0.2857142857142857,0.0,0.625,1,0.08571428571428572,0.9678061732492532,0.0,0.9966367713004485,0.20394736842105263,0.14285714285714285,1.0,0.022407457813739543,0.0037027305477126925,19751697.0,0.7605633802816901,490471883.8144,1864405397.3313825,534470603.0496,1960151150.4666553,0.02723287671232877,-0.0272232304900181,0.0448534571370553,0.0256772891969521,1.0,4,6
0.022222222222222223,0.0,0.0,0.2857142857142857,0.0,0.625,1,0.07428571428571429,0.9671423830069698,0.0,0.9966367713004485,0.21710526315789475,0.15,1.0,0.021055058201965484,0.0037746136803882995,19030046.0,0.8169014084507042,534470603.0496,1960151150.4666553,582199488.0936,2070110790.055213,0.0038904109589041097,0.0978886756238004,0.0893012352254118,0.0560975308268341,1.0,3,5
0.022222222222222223,0.0,0.0,0.2857142857142857,0.0,0.625,1,0.18857142857142858,0.9684699634915367,0.0,0.9966367713004485,0.21710526315789475,0.25,1.0,0.021055058201965484,0.0037746136803882995,19030046.0,0.5352112676056338,534470603.0496,1960151150.4666553,1013165659.0498738,3482522324.7243567,0.3050958904109589,0.0525774609267891,0.0559777110832803,0.0485412557947147,1.0,4,5
0.022222222222222223,0.0,0.6666666666666666,0.2857142857142857,0.0,0.625,1,0.26285714285714284,0.9744440756720876,0.0,0.9978699551569506,0.3157894736842105,0.3142857142857143,1.0,0.04081297253016933,0.005399024266212332,49758150.0,0.5633802816901409,1013165659.0498738,3482522324.7243567,1191161692.3117025,3564985722.0261664,0.17347945205479454,-0.0092827004219409,0.0195203389025629,0.0026310239664942,1.0,4,6
0.022222222222222223,0.0,0.0,0.2857142857142857,0.0,0.625,1,0.37714285714285717,0.9820776634583471,0.0,0.9966367713004485,0.375,0.32142857142857145,1.0,0.03720013356728721,0.00642762002037463,54142892.0,0.4084507042253521,1191161692.3117025,3564985722.0261664,1155693063.447896,3494210458.682645,0.029424657534246577,-0.0652421189470263,-0.014888251147068,-0.009926444151829,1.0,4,6
0.022222222222222223,0.0,0.0,0.2857142857142857,0.0,0.625,1,0.37714285714285717,0.9790906073680717,0.0,0.9966367713004485,0.3815789473684211,0.35714285714285715,1.0,0.03202881505178926,0.006598064561770399,48308828.0,0.4225352112676056,1155693063.447896,3494210458.682645,1507299279.0289705,4582082014.773711,0.08997260273972603,0.0679125397122033,0.0608476812229178,0.0622670883139194,1.0,4,5
0.022222222222222223,0.0,0.0,0.2857142857142857,0.25,0.625,1,0.37714285714285717,0.9820776634583471,0.0,0.9966367713004485,0.4144736842105263,0.36428571428571427,1.0,0.043730291692710505,0.00710569286984041,69622784.0,0.49295774647887325,1507299279.0289705,4582082014.773711,1520081204.7339897,4698671884.768971,0.0048219178082191776,0.0778459821428572,0.0084800184560915,0.0254447366108565,1.0,4,5
0.022222222222222223,0.0,0.0,0.2857142857142857,0.25,0.625,1,0.37714285714285717,0.9790906073680717,0.0,0.9966367713004485,0.4144736842105263,0.38571428571428573,1.0,0.043730291692710505,0.00710569286984041,69622784.0,0.49295774647887325,1507299279.0289705,4582082014.773711,1463406549.286065,5458058939.984556,0.07736986301369862,0.0174734933035714,-0.0072800289818989,0.0477936079268381,1.0,4,5
0.022222222222222223,0.0,0.0,0.2857142857142857,0.0,0.625,1,0.35428571428571426,0.9777630268835048,0.0,0.9966367713004485,0.4407894736842105,0.42142857142857143,1.0,0.046956730766514326,0.007680016868021808,80432472.0,0.6056338028169014,1463406549.286065,5458058939.984556,1377331650.0228455,5630779125.9489,0.10427397260273974,-0.0297952796974833,-0.0098030287966584,0.0052741639431261,1.0,4,6
0.022222222222222223,0.0,0.6666666666666666,0.2857142857142857,0.5,0.625,1,0.37714285714285717,0.9790906073680717,0.0,0.9978699551569506,0.47368421052631576,0.5142857142857142,1.0,0.03812749330107513,0.008160225836823803,70134528.0,0.6197183098591549,1377331650.0228455,5630779125.9489,2423263711.3491716,6499684837.63634,0.26147945205479456,0.0562877103842489,0.0542421521720213,0.0110223989085171,1.0,4,5
0.022222222222222223,0.0,0.0,0.2857142857142857,0.0,0.625,1,0.4228571428571429,0.9863923000331896,0.0,0.9966367713004485,0.5592105263157895,0.5785714285714286,1.0,0.070089204126002,0.009674959065575774,148419980.0,0.6901408450704225,2423263711.3491716,6499684837.63634,3384302974.107,12402988214.360376,0.17205479452054795,0.0242528293323071,0.0440654229278965,0.1009160619012895,1.0,4,5
0.022222222222222223,0.0,0.0,0.2857142857142857,0.0,0.625,1,0.49714285714285716,0.9883836707600399,0.0,0.9966367713004485,0.618421052631579,0.6214285714285714,1.0,0.08591871958190977,0.012513345335163482,233362302.726,0.6338028169014085,3384302974.107,12402988214.360376,4193686049.857,15991243735.72246,0.11676712328767123,0.0185752119930996,0.0398596639614576,0.0482176211536875,1.0,4,5
0.022222222222222223,0.0,0.0,0.2857142857142857,0.0,0.625,1,0.5085714285714286,0.9860604049120478,0.0,0.9966367713004485,0.6578947368421053,0.6571428571428571,1.0,0.09576547675525517,0.014242013882706414,294939639.568,0.6901408450704225,4193686049.857,15991243735.72246,5403203675.9,20870428352.946007,0.1,0.039992130115425,0.0576827932116779,0.0610232036714449,1.0,4,5
0.022222222222222223,0.0,0.0,0.2857142857142857,0.0,0.625,1,0.6342857142857142,0.9953534683040159,0.0,0.9966367713004485,0.6907894736842105,0.7357142857142858,1.0,0.1154010311185842,0.015576119620309054,386855300.7,0.4507042253521127,5403203675.9,20870428352.946007,7757065470.9,33220383789.58506,0.22257534246575345,0.0340584066604725,0.036303489808879,0.049312018692131,1.0,4,5
0.022222222222222223,0.0,0.0,0.2857142857142857,0.0,0.625,1,0.7485714285714286,0.07368071689346167,0.0,0.9966367713004485,0.7631578947368421,0.7428571428571429,1.0,0.16355933729404323,0.01789846354998759,625737097.5,0.323943661971831,7757065470.9,33220383789.58506,7775470120.042999,35105310712.72682,0.014958904109589041,0.0003491755577109,0.0023726303731794,0.0567400706470075,1.0,4,6
0.022222222222222223,0.0,0.0,0.2857142857142857,0.25,0.625,1,0.6342857142857142,0.9953534683040159,0.0,0.9966367713004485,0.7697368421052632,0.7714285714285715,1.0,0.16361729727740498,0.018132935953890292,634113647.1999999,0.6197183098591549,7775470120.042999,35105310712.72682,8715061242.991999,38795331361.618996,0.08657534246575342,0.0081600992863791,0.0241680852332515,0.0210225779175594,1.0,4,5
0.022222222222222223,0.0,0.0,0.2857142857142857,0.0,0.625,1,0.6914285714285714,0.07368071689346167,0.0,0.9966367713004485,0.7960526315789473,0.7785714285714286,1.0,0.17039217533257786,0.018954404537095557,689733504.8,0.5352112676056338,8715061242.991999,38795331361.618996,9065511388.509,40098894653.77975,0.004328767123287672,0.0443061559099717,0.0402120117972557,0.0336010351351294,1.0,4,5
0.022222222222222223,0.0,0.0,0.2857142857142857,0.0,0.625,1,0.7485714285714286,0.07368071689346167,0.0,0.9966367713004485,0.7960526315789473,0.8357142857142857,1.0,0.17039217533257786,0.018954404537095557,689733504.8,0.39436619718309857,8715061242.991999,38795331361.618996,11249703066.466791,48709321632.52854,0.1755068493150685,0.0116823767278366,0.0323149615846291,0.0283939957691738,1.0,4,5
0.022222222222222223,0.0,0.0,0.2857142857142857,0.0,0.625,0,0.7942857142857143,0.07368071689346167,0.0,0.9966367713004485,0.8552631578947368,0.8428571428571429,1.0,0.18856310897422984,0.021241318234060478,853776022.4933472,0.4084507042253521,11249703066.466791,48709321632.52854,11718939595.990294,50046959415.1475,0.007232876712328768,0.0366937793433481,0.0417110146597738,0.0274616385075185,1.0,4,5
0.022222222222222223,0.0,0.0,0.2857142857142857,0.0,0.625,1,0.7485714285714286,0.07368071689346167,0.0,0.9966367713004485,0.8552631578947368,0.9071428571428571,1.0,0.18856310897422984,0.021241318234060478,853776022.4933472,0.5211267605633803,11249703066.466791,48709321632.52854,15798159997.971424,69971417637.12488,0.20219178082191777,0.0272884498815073,0.0367561776732393,0.0396827086441878,1.0,4,5
0.022222222222222223,0.0,0.0,0.2857142857142857,0.0,0.625,1,0.7428571428571429,0.07368071689346167,0.0,0.9966367713004485,0.9210526315789473,0.9285714285714286,1.0,0.24589455847182673,0.02344220190141394,1224575761.125003,0.676056338028169,15798159997.971424,69971417637.12488,17410960199.111603,82618841699.03532,0.04312328767123288,0.0232293834136501,0.0340292836074427,0.060250430289982,1.0,4,5
0.022222222222222223,0.0,0.0,0.2857142857142857,0.0,1.0,1,0.8628571428571429,0.07368071689346167,0.0,0.9966367713004485,0.9407894736842105,0.9928571428571429,1.0,0.26319995016138337,0.024131738998946644,1348293415.753791,0.4225352112676056,17410960199.111603,82618841699.03532,19805745934.47515,113181872475.00755,0.19495890410958905,0.0060958825920254,0.0137544725160289,0.036992809566742,1.0,4,5
0.022222222222222223,0.0,1.0,1.0,0.0,1.0,1,0.9314285714285714,0.07368071689346167,0.0,0.0,1.0,1.0,1.0,0.27939253850438517,0.02646089329964878,1568025841.4038954,0.38028169014084506,19805745934.47515,113181872475.00755,20141178862.26269,116773716558.88168,0.0031232876712328755,-0.0013584418982993,0.0169361421123586,0.0317351533892251,1.0,4,6
0.04691358024691358,0.0,0.16666666666666666,0.9285714285714286,0.0,0.625,1,0.15428571428571428,0.9648191171589777,0.0,0.9988789237668162,0.2565789473684211,0.21428571428571427,0.0,0.008387581838348488,0.0012231330020159713,2982000.0,0.704225352112676,99363364.0,2427437019.6413016,124281783.0,2786976251.5688505,0.08723287671232877,0.0277380952380952,0.0501561501078002,0.0296229503808652,1.0,4,5
0.04691358024691358,0.0,0.0,0.2857142857142857,0.0,0.625,1,0.2857142857142857,0.9691337537338202,0.0,0.9966367713004485,0.3026315789473684,0.2642857142857143,0.0,0.010892741119206146,0.0015039959637072615,4456626.0,0.4788732394366197,139328207.0,2939559126.60919,155476888.0,4396657850.163141,0.08619178082191781,0.0049299178347027,0.0231807777444519,0.0991372284615161,1.0,4,5
0.04691358024691358,0.0,0.0,0.2857142857142857,0.0,0.125,1,0.34285714285714286,0.9757716561566545,0.0,0.9966367713004485,0.32894736842105265,0.32142857142857145,0.0,0.011221181024922703,0.0017092704766056453,5153720.0,0.39436619718309857,155476888.0,4396657850.163141,192715258.0,3494210458.682645,0.1601095890410959,0.0095387840670859,0.0266122940836497,-0.022806398815637,1.0,4,5
0.04691358024691358,0.0,0.0,0.2857142857142857,0.0,0.625,1,0.3028571428571429,0.9734483903086625,0.0,0.9966367713004485,0.3815789473684211,0.35,0.0,0.012393260688460219,0.0021924436983014797,7097066.0,0.6056338028169014,192715258.0,3494210458.682645,235026569.0,4389125672.035584,0.08005479452054795,0.0224152910512597,0.0439107016632798,0.0512227425299581,1.0,4,5
0.04691358024691358,0.0,0.16666666666666666,0.42857142857142855,0.0,0.125,1,0.36,0.975107865914371,0.0,0.9988789237668162,0.40789473684210525,0.40714285714285714,0.0,0.014054780211496915,0.002451074763288974,8785920.0,0.5211267605633803,235026569.0,4389125672.035584,257259548.0,5044728874.113239,0.1647123287671233,-0.0437934027777777,0.0105108584553263,0.0165966540204046,1.0,4,6
0.04691358024691358,0.5,0.16666666666666666,0.42857142857142855,0.0,0.625,1,0.36,0.975107865914371,0.5,0.9988789237668162,0.4605263157894737,0.4142857142857143,0.0,0.007556822076830139,0.0029164624676217715,6297060.0,0.6338028169014085,257259548.0,5044728874.113239,276350304.0,5285216561.450975,0.0013150684931506845,0.0831721470019342,0.0742081533937857,0.0476710826961952,1.0,4,5
0.04691358024691358,0.5,0.16666666666666666,0.7857142857142857,0.0,0.125,1,0.4228571428571429,0.9850647195486226,0.5,0.9988789237668162,0.4605263157894737,0.4142857142857143,0.0,0.007556822076830139,0.0029164624676217715,6297060.0,0.4788732394366197,257259548.0,5044728874.113239,276350304.0,5285216561.450975,0.006958904109589039,0.0831721470019342,0.0742081533937857,0.0476710826961952,1.0,4,5
0.04691358024691358,0.5,0.16666666666666666,0.7857142857142857,0.0,0.625,1,0.5257142857142857,0.9834052439429141,0.5,0.9988789237668162,0.46710526315789475,0.42142857142857143,0.0,0.008387581838348488,0.002973524335828181,6950160.0,0.23943661971830985,276350304.0,5285216561.450975,294207804.0,5630779125.9489,0.00016438356164383557,0.0767857142857142,0.0646190713074084,0.065382858106207,1.0,4,5
0.04691358024691358,0.5,0.0,0.2857142857142857,0.0,0.625,1,0.37142857142857144,0.9820776634583471,0.5,0.9966367713004485,0.46710526315789475,0.42142857142857143,0.0,0.008387581838348488,0.002973524335828181,6950160.0,0.6197183098591549,276350304.0,5285216561.450975,294207804.0,5630779125.9489,0.037972602739726025,0.0383928571428571,0.0323095356537042,0.0326914290531035,1.0,4,5
0.04691358024691358,0.0,0.0,0.2857142857142857,0.0,0.625,1,0.32,0.9770992366412213,0.0,0.9966367713004485,0.47368421052631576,0.42857142857142855,0.0,0.009218341599866838,0.003035773646598811,7635789.0,0.7605633802816901,294207804.0,5630779125.9489,310140444.0,5983416185.986538,0.008767123287671232,0.0574903261470425,0.0541543758642106,0.0626266902234797,1.0,4,5
0.04691358024691358,0.0,0.0,0.2857142857142857,0.0,0.625,1,0.46285714285714286,0.97875871224693,0.0,0.9966367713004485,0.48026315789473684,0.4357142857142857,0.0,0.009888101407602561,0.0030861659457940816,8204857.0,0.4225352112676056,310140444.0,5983416185.986538,325433436.0,6283610123.956657,0.012164383561643836,0.0674333507579718,0.0493098926497956,0.0501709940674339,1.0,4,5
0.04691358024691358,0.0,0.0,0.2857142857142857,0.0,0.625,1,0.38285714285714284,0.9774311317623631,0.0,0.9966367713004485,0.48026315789473684,0.45714285714285713,0.0,0.009888101407602561,0.0030861659457940816,8204857.0,0.6197183098591549,310140444.0,5983416185.986538,358293969.0,6033654014.749514,0.07572602739726028,0.0203868269733403,0.038815902546396,0.0020990445592199,1.0,4,5
0.04691358024691358,0.0,0.0,0.2857142857142857,0.0,0.125,1,0.5314285714285715,0.9863923000331896,0.0,0.9966367713004485,0.506578947368421,0.4857142857142857,0.0,0.010892741119206146,0.003291440458692465,9447054.0,0.30985915492957744,358293969.0,6033654014.749514,415891044.0,5921553827.78953,0.08005479452054795,0.0199130014499758,0.0321507365366789,-0.0037158307946047,1.0,4,5
0.04691358024691358,0.0,0.0,0.2857142857142857,0.25,0.125,1,0.4228571428571429,0.9850647195486226,0.0,0.9966367713004485,0.5328947368421053,0.5142857142857142,0.0,0.012219380738374983,0.003501161350931608,11031475.0,0.6338028169014085,415891044.0,5921553827.78953,529832059.0,6499684837.63634,0.08005479452054795,0.0203956043956043,0.0547936853384128,0.0195263279422935,1.0,4,5
0.04691358024691358,0.0,0.16666666666666666,0.42857142857142855,0.0,0.125,1,0.5428571428571428,0.9877198805177564,0.0,0.9988789237668162,0.5592105263157895,0.5428571428571428,0.0,0.01371346030947775,0.0038116668415612933,13206876.0,0.39436619718309857,529832059.0,6499684837.63634,659388635.711,9831337731.891596,0.06832876712328767,0.0336059034702831,0.0611309633450285,0.1281467093205567,1.0,4,5
0.04691358024691358,0.5,0.16666666666666666,0.7142857142857143,0.25,0.125,1,0.5314285714285715,0.9863923000331896,0.5,0.9988789237668162,0.5855263157894737,0.5928571428571429,0.0,0.015883739686467543,0.004360053626921596,17086752.0,0.4788732394366197,659388635.711,9831337731.891596,942740965.706,13330790435.611374,0.13632876712328768,0.0081374321880651,0.0613885379467493,0.0508498261834123,1.0,4,5
0.04691358024691358,0.5,0.6666666666666666,0.2857142857142857,0.0,0.625,1,0.68,0.07368071689346167,0.5,0.9978699551569506,0.631578947368421,0.9428571428571428,0.0,0.01692701938697896,0.0050218230854712585,20744406.0,0.2112676056338028,942740965.706,13330790435.611374,7321236617.331129,90277694082.64676,0.9835616438356164,0.0199527203048871,0.1353180965642752,0.1154423723314745,1.0,4,5
0.04691358024691358,0.0,1.0,1.0,0.0,0.875,1,0.7028571428571428,0.07368071689346167,0.0,0.0,0.9539473684210527,0.9928571428571429,0.0,0.03623989031308897,0.008250635550085907,67603095.0964206,0.8450704225352113,7321236617.331129,90277694082.64676,8738737945.986675,113181872475.00755,0.15709589041095892,0.0392202214878739,0.0242018767242814,0.0317135071751398,1.0,4,5
0.04938271604938271,0.5,0.16666666666666666,0.42857142857142855,0.0,0.125,1,0.5657142857142857,0.9960172585462994,0.5,0.9988789237668162,0.6447368421052632,0.6142857142857143,0.0,0.010216541313319118,0.002383309718946133,6560853.948,0.5211267605633803,1077511563.008,14545646569.21639,1127021110.899,15291081770.15114,0.012712328767123289,0.1313645621181263,0.0459480432421424,0.0512479935070295,1.0,3,5
0.04938271604938271,0.5,0.16666666666666666,0.42857142857142855,0.0,0.25,1,0.6685714285714286,0.07368071689346167,0.5,0.9988789237668162,0.6513157894736842,0.6214285714285714,0.0,0.011878060836355816,0.002466958712420613,7673530.348,0.28169014084507044,1127021110.899,15291081770.15114,1163421978.836,15991243735.72246,0.00010958904109589036,0.0310531053105309,0.0322983017664717,0.0457889099081312,1.0,4,5
0.04938271604938271,0.0,0.0,0.2857142857142857,0.0,0.625,1,0.5485714285714286,0.9883836707600399,0.0,0.9966367713004485,0.6513157894736842,0.6214285714285714,0.0,0.011878060836355816,0.002466958712420613,7673530.348,0.5774647887323944,1127021110.899,15291081770.15114,1163421978.836,15991243735.72246,0.022136986301369864,0.0155265526552654,0.0161491508832358,0.0228944549540656,1.0,4,5
0.04938271604938271,0.0,0.16666666666666666,0.42857142857142855,0.0,0.125,1,0.5771428571428572,0.9956853634251577,0.0,0.9988789237668162,0.6578947368421053,0.6285714285714286,0.0,0.012322420708795863,0.0025527612356224666,8177076.147,0.5211267605633803,1163421978.836,15991243735.72246,1249245419.046,17168846684.352207,0.011506849315068493,0.0323003055434307,0.0737681097411158,0.0736404852612637,1.0,4,5
0.04938271604938271,0.5,0.0,0.2857142857142857,0.0,0.625,1,0.5428571428571428,0.9907069366080319,0.5,0.9966367713004485,0.6578947368421053,0.6285714285714286,0.0,0.012322420708795863,0.0025527612356224666,8177076.147,0.6056338028169014,1163421978.836,15991243735.72246,1249245419.046,17168846684.352207,0.004767123287671232,0.0323003055434307,0.0737681097411158,0.0736404852612637,1.0,4,5
0.04938271604938271,0.5,0.16666666666666666,0.42857142857142855,0.0,0.625,1,0.6571428571428571,0.9973448390308662,0.5,0.9988789237668162,0.6578947368421053,0.6357142857142857,0.0,0.012322420708795863,0.0025527612356224666,8177076.147,0.323943661971831,1163421978.836,15991243735.72246,1314086558.923,18075505373.698357,0.02684931506849315,-0.061981667394151,0.064750616211385,0.0651688409113517,1.0,4,6
0.04938271604938271,0.5,0.16666666666666666,0.42857142857142855,0.0,0.125,1,0.6457142857142857,0.9953534683040159,0.5,0.9988789237668162,0.6710526315789473,0.6428571428571429,0.0,0.010493461233825234,0.002728144222339373,7638403.166999999,0.38028169014084506,1314086558.923,18075505373.698357,1383196801.941,19030818060.72169,0.00010958904109589036,0.0991529646238167,0.052591849866147,0.0528512297317789,1.0,3,5
0.04938271604938271,0.5,0.0,0.2857142857142857,0.0,0.625,1,0.6457142857142857,0.07368071689346167,0.5,0.9966367713004485,0.6710526315789473,0.6428571428571429,0.0,0.010493461233825234,0.002728144222339373,7638403.166999999,0.38028169014084506,1314086558.923,18075505373.698357,1383196801.941,19030818060.72169,0.0005479452054794518,0.0991529646238167,0.052591849866147,0.0528512297317789,1.0,3,5
0.04938271604938271,0.5,0.0,0.2857142857142857,0.0,0.625,1,0.64,0.0,0.5,0.9966367713004485,0.6710526315789473,0.6428571428571429,0.0,0.010493461233825234,0.002728144222339373,7638403.166999999,0.39436619718309857,1314086558.923,18075505373.698357,1383196801.941,19030818060.72169,0.006301369863013697,0.0991529646238167,0.052591849866147,0.0528512297317789,1.0,3,5
0.04938271604938271,0.0,0.0,0.2857142857142857,0.0,0.625,1,0.6457142857142857,0.9853966146697644,0.0,0.9966367713004485,0.6710526315789473,0.6428571428571429,0.0,0.010493461233825234,0.002728144222339373,7638403.166999999,0.38028169014084506,1314086558.923,18075505373.698357,1383196801.941,19030818060.72169,0.01649315068493151,0.0991529646238167,0.052591849866147,0.0528512297317789,1.0,3,5
0.04938271604938271,0.0,0.0,0.2857142857142857,0.25,0.625,1,0.5657142857142857,0.9960172585462994,0.0,0.9966367713004485,0.6776315789473685,0.7285714285714285,0.0,0.011775020865934935,0.0028174527156514155,8661627.37,0.5915492957746479,1383196801.941,19030818060.72169,2740771000.139,32088474953.570343,0.24016438356164385,0.0480159006904247,0.0754981390429961,0.0527793993089991,1.0,4,5
0.04938271604938271,0.0,0.8333333333333334,0.2857142857142857,0.0,0.0,1,0.5885714285714285,0.989379356123465,0.0,0.9979820627802691,0.756578947368421,0.7571428571428571,0.0,0.020642898320281964,0.0039326883944580775,19460376.564,0.704225352112676,2740771000.139,32088474953.570343,3079731264.3409996,36196627164.43434,0.08021917808219178,0.0135640524699971,0.0247346651131969,0.0256051570964852,1.0,4,5
0.04938271604938271,0.0,0.0,0.2857142857142857,0.0,0.625,1,0.72,0.994025887819449,0.0,0.9966367713004485,0.7828947368421053,0.7642857142857142,0.0,0.022207817871049085,0.004331152161206661,22837394.0,0.43661971830985913,3079731264.3409996,36196627164.43434,3006650568.852,37212432698.472725,0.002356164383561643,0.0206481965499216,-0.0237295689838824,0.0280635410980081,1.0,4,5
0.04938271604938271,0.0,0.0,0.2857142857142857,0.0,0.625,1,0.6742857142857143,0.9986724195154332,0.0,0.9966367713004485,0.7828947368421053,0.7857142857142857,0.0,0.022207817871049085,0.004331152161206661,22837394.0,0.5492957746478874,3079731264.3409996,36196627164.43434,3340983614.9059997,41482688664.595215,0.08005479452054795,-0.007527443805541,0.0169659186559514,0.0292074809962116,1.0,4,6
0.04938271604938271,0.0,0.0,0.2857142857142857,0.5,0.625,1,0.5657142857142857,0.9960172585462994,0.0,0.9966367713004485,0.8092105263157895,0.8571428571428571,0.0,0.021280458137261163,0.004737254807662669,23995594.0,0.8732394366197183,3340983614.9059997,41482688664.595215,4492940575.211721,53971480867.83615,0.20016438356164384,0.0374442410044979,0.03134506842852,0.0273691214889398,1.0,4,5
0.04938271604938271,0.0,0.0,0.2857142857142857,0.0,0.625,1,0.8285714285714286,0.07368071689346167,0.0,0.9966367713004485,0.875,0.8857142857142857,0.0,0.03104714455420933,0.005692314858161044,40578815.593046255,0.36619718309859156,4492940575.211721,53971480867.83615,5194943343.847668,62796055415.77486,0.08005479452054795,0.0611521350923792,0.0312491454932214,0.0327008798203928,1.0,4,5
0.04938271604938271,0.0,0.0,0.2857142857142857,0.0,0.625,1,0.76,0.07368071689346167,0.0,0.9966367713004485,0.9013157894736842,0.9142857142857143,0.0,0.041283632706205664,0.006058992941128987,56344965.571566865,0.5915492957746479,5194943343.847668,62796055415.77486,5863197758.565579,74015814861.56413,0.08,0.0240628924042217,0.0321588884847666,0.0446674531206731,1.0,4,5
0.04938271604938271,0.0,0.0,0.2857142857142857,0.25,0.625,1,0.8285714285714286,0.07368071689346167,0.0,0.9966367713004485,0.9276315789473685,0.9714285714285714,0.0,0.04549129391949404,0.006430169277863332,65495454.821897,0.4788732394366197,5863197758.565579,74015814861.56413,8384594258.468367,102883604981.64182,0.1601095890410959,0.0658909755914628,0.0477819746479785,0.0433357687348766,1.0,4,5
0.04938271604938271,0.0,1.0,1.0,0.0,0.875,1,0.8171428571428572,0.07368071689346167,0.0,0.0,0.9802631578947368,0.9928571428571429,0.0,0.07391047894958706,0.007127361558494376,115488076.92635046,0.6197183098591549,8384594258.468367,102883604981.64182,8738737945.986675,113181872475.00755,0.06750684931506849,0.0402964000175897,0.010559356738122,0.0250240733088701,1.0,4,5
0.06049382716049383,0.0,0.0,0.2857142857142857,0.0,0.625,1,0.4342857142857143,0.9877198805177564,0.0,0.9966367713004485,0.6513157894736842,0.65,0.0,0.025511536922668568,0.0011417109035279885,7224990.392,0.8591549295774648,1127021110.899,15291081770.15114,1443948083.726,19784467002.851566,0.091013698630137,0.0335100253514634,0.0562415326140953,0.0587713191289279,1.0,4,5
0.06049382716049383,0.0,0.5,0.2857142857142857,0.0,0.0,1,0.5885714285714285,0.9844009293063392,0.0,0.9977578475336323,0.6842105263157895,0.6571428571428571,0.0,0.030193415578667327,0.0012869355813029722,9428312.336,0.5492957746478874,1443948083.726,19784467002.851566,1532849525.322,20870428352.946007,0.002630136986301369,0.0333596525858665,0.0615683088595515,0.0548895934339761,1.0,4,5
0.06049382716049383,0.0,0.0,0.2857142857142857,0.0,0.625,1,0.6571428571428571,0.9966810487885828,0.0,0.9966367713004485,0.6842105263157895,0.6857142857142857,0.0,0.030193415578667327,0.0012869355813029722,9428312.336,0.38028169014084506,1443948083.726,19784467002.851566,1991838516.389,25373866516.69958,0.09791780821917807,0.0427951046190288,0.0758878298794801,0.0565029071851408,1.0,4,5
0.06049382716049383,0.0,0.0,0.2857142857142857,0.0,0.625,1,0.6628571428571428,0.9943577829405907,0.0,0.9966367713004485,0.7171052631578947,0.7428571428571429,0.0,0.037174373574681986,0.0013881055325697135,12285338.4,0.43661971830985913,1991838516.389,25373866516.69958,3087260751.627,35105310712.72682,0.17347945205479454,-0.0212285456187895,0.061106149264432,0.0426135912957818,1.0,4,6
0.06049382716049383,0.0,0.0,0.2857142857142857,0.0,0.625,1,0.6971428571428572,0.07368071689346167,0.0,0.9966367713004485,0.7697368421052632,0.8071428571428572,0.0,0.02960737574689857,0.0015594297160117301,11088294.925,0.4647887323943662,3087260751.627,35105310712.72682,3526756992.264,46016341267.83971,0.16564383561643833,0.0172640982691234,0.0158175546398528,0.034534282811699,1.0,4,5
0.06049382716049383,0.0,0.6666666666666666,0.2857142857142857,0.25,0.625,1,0.6628571428571428,0.9943577829405907,0.0,0.9978699551569506,0.8289473684210527,0.8285714285714286,0.0,0.03458549431785736,0.0016399936632869462,13436047.715999998,0.676056338028169,3526756992.264,46016341267.83971,3858778563.783289,47778114919.29238,0.06268493150684931,0.023661658757976,0.0235358980110894,0.0095714565897265,1.0,4,5
0.06049382716049383,0.0,0.0,0.2857142857142857,0.0,0.625,1,0.7257142857142858,0.07368071689346167,0.0,0.9966367713004485,0.8486842105263158,0.9285714285714286,0.0,0.03808903915868615,0.0016962425851372207,15185308.286868678,0.5633802816901409,3858778563.783289,47778114919.29238,6563879628.943458,82618841699.03532,0.28016438356164386,0.0112947650210848,0.0500732295104428,0.0520870977353132,1.0,4,5
0.06049382716049383,0.0,0.0,0.2857142857142857,0.0,0.625,0,0.7828571428571428,0.07368071689346167,0.0,0.9966367713004485,0.9407894736842105,0.9357142857142857,0.0,0.04449643690863866,0.001915982652157541,19747242.491810225,0.6197183098591549,6563879628.943458,82618841699.03532,6992107294.041285,87408786989.82104,0.029041095890410956,0.0079053281703781,0.0326200120436056,0.0289882137795793,1.0,4,5
0.06049382716049383,0.0,0.0,0.2857142857142857,0.0,0.625,1,0.7942857142857143,0.07368071689346167,0.0,0.9966367713004485,0.9473684210526315,0.9642857142857143,0.0,0.04523840021099024,0.001914670970252017,20046357.500742644,0.6056338028169014,6992107294.041285,87408786989.82104,8156972484.557,99528621997.0122,0.08235616438356165,-0.007056798530271,0.0333194312252164,0.0277313881694812,1.0,4,6
0.06049382716049383,0.0,0.0,0.2857142857142857,0.0,0.625,1,0.9371428571428572,0.07368071689346167,0.0,0.9966367713004485,0.9736842105263158,0.9714285714285714,0.0,0.04355641174262527,0.0019023470888458794,19220287.14,0.30985915492957744,8156972484.557,99528621997.0122,8384594258.468367,102883604981.64182,0.0040547945205479455,-0.0030100050698003,0.0279051785870685,0.0337087253627437,1.0,4,6
0.06049382716049383,0.0,1.0,1.0,0.25,0.875,0,0.7828571428571428,0.07368071689346167,0.0,0.0,0.9802631578947368,0.9928571428571429,0.0,0.043417987548811765,0.001898345347439196,19123988.64827508,0.704225352112676,8384594258.468367,102883604981.64182,8738737945.986675,113181872475.00755,0.07978082191780823,0.0052224704526845,0.010559356738122,0.0250240733088701,1.0,4,5
0.08395061728395062,0.0,0.0,0.2857142857142857,0.0,0.125,1,0.3142857142857143,0.975107865914371,0.0,0.9966367713004485,0.3157894736842105,0.2571428571428571,0.0,0.011414380969461853,0.011016283500038138,32228500.0,0.43661971830985913,147401920.0,3482522324.7243567,153929329.0,3179188159.666755,0.008986301369863014,-0.0088372093023255,0.0442830663264088,-0.087101858013677,1.0,4,6
0.08395061728395062,0.0,0.16666666666666666,0.9285714285714286,0.0,0.0,1,0.37142857142857144,0.9664785927646864,0.0,0.9988789237668162,0.3157894736842105,0.2642857142857143,0.0,0.011414380969461853,0.011016283500038138,32228500.0,0.29577464788732394,147401920.0,3482522324.7243567,155476888.0,4396657850.163141,0.025808219178082188,-0.033953488372093,0.0273909864946128,0.1312461831111361,1.0,4,6
0.08395061728395062,0.5,0.16666666666666666,0.9285714285714286,0.0,0.125,1,0.21142857142857144,0.9674742781281115,0.5,0.9988789237668162,0.32894736842105265,0.2714285714285714,0.0,0.010474141239371319,0.01100146223556894,29999880.0,0.7183098591549296,155476888.0,4396657850.163141,147294375.0,3092014836.2343206,0.028,0.0007485029940119,-0.0263142422814637,-0.1483675849236723,1.0,4,6
0.08395061728395062,0.5,0.16666666666666666,0.7142857142857143,0.0,0.0,1,0.2914285714285714,0.9688018586126784,0.5,0.9988789237668162,0.34210526315789475,0.3142857142857143,0.0,0.010306701287437388,0.010986640971099743,29571100.0,0.5492957746478874,148598033.0,3112087731.959568,191513114.0,3564985722.0261664,0.091013698630137,0.0580384226491405,0.0577599583703776,0.0291057340971184,1.0,4,5
0.08395061728395062,0.0,0.0,0.2857142857142857,0.0,0.625,1,0.41714285714285715,0.9804181878526386,0.0,0.9966367713004485,0.375,0.32142857142857145,0.0,0.014003260226286474,0.01094958780992675,38024800.0,0.30985915492957744,191513114.0,3564985722.0261664,192715258.0,3494210458.682645,0.010465753424657536,-0.0039184952978056,0.0062770845029442,-0.0198528883036581,1.0,4,6
0.08395061728395062,0.5,0.0,0.2857142857142857,0.0,0.625,1,0.4685714285714286,0.9714570195818122,0.5,0.9966367713004485,0.375,0.34285714285714286,0.0,0.014003260226286474,0.01094958780992675,38024800.0,0.18309859154929578,191513114.0,3564985722.0261664,228277553.0,4177978439.109769,0.08005479452054795,-0.0022727272727272,0.0383936517266384,0.0343896309764296,1.0,4,6
0.08395061728395062,0.0,0.0,0.2857142857142857,0.0,0.125,1,0.3942857142857143,0.9770992366412213,0.0,0.9966367713004485,0.40131578947368424,0.37142857142857144,0.0,0.01381650027989863,0.011475001635359796,39381507.0,0.4225352112676056,228277553.0,4177978439.109769,272421476.0,4861352558.274555,0.08005479452054795,0.0033293697978596,0.0386756581362163,0.0327131472373226,1.0,4,5
0.08395061728395062,0.0,0.0,0.2857142857142857,0.0,0.625,1,0.4685714285714286,0.9880517756388981,0.0,0.9966367713004485,0.4276315789473684,0.38571428571428573,0.0,0.01408698020225344,0.012219029111713502,42612345.0,0.29577464788732394,272421476.0,4861352558.274555,267002454.0,5458058939.984556,0.023616438356164383,-0.0647173489278752,-0.0099460256943912,0.0613724652303134,1.0,4,6
0.08395061728395062,0.0,0.0,0.2857142857142857,0.0,0.125,1,0.3942857142857143,0.9830733488217723,0.0,0.9966367713004485,0.4407894736842105,0.4,0.0,0.011948900816020172,0.012635506643297949,38351775.0,0.5070422535211268,267002454.0,5458058939.984556,238034537.0,5018502854.988797,0.05161643835616438,-0.051201671891327,-0.0361643579999955,-0.0268444691802835,1.0,4,6
0.08395061728395062,0.0,0.0,0.2857142857142857,0.0,0.625,1,0.46285714285714286,0.9844009293063392,0.0,0.9966367713004485,0.45394736842105265,0.4142857142857143,0.0,0.009739981450122545,0.013091260525725767,33623100.0,0.36619718309859156,238034537.0,5018502854.988797,276350304.0,5285216561.450975,0.04482191780821918,0.0504409171075837,0.0536557530444976,0.0177153568284508,1.0,4,5
0.08395061728395062,0.0,0.0,0.2857142857142857,0.0,0.625,1,0.49714285714285716,0.9853966146697644,0.0,0.9966367713004485,0.46710526315789475,0.45714285714285713,0.0,0.011581820921395784,0.013576656937091982,40136320.0,0.30985915492957744,276350304.0,5285216561.450975,358293969.0,6033654014.749514,0.12010958904109591,0.0252100840336134,0.042360141051782,0.0202299442118133,1.0,4,5
0.08395061728395062,0.0,0.0,0.2857142857142857,0.0,0.625,1,0.5085714285714286,0.9804181878526386,0.0,0.9966367713004485,0.506578947368421,0.5,0.0,0.014054780211496915,0.015020248096391806,52206080.0,0.36619718309859156,358293969.0,6033654014.749514,475890330.0,5764995899.017727,0.12005479452054794,0.0367187499999999,0.05470199109045,-0.007421100466236,1.0,4,5
0.08395061728395062,0.0,0.0,0.2857142857142857,0.0,0.125,1,0.5428571428571428,0.9897112512446067,0.0,0.9966367713004485,0.5460526315789473,0.5428571428571428,0.0,0.017686939168832953,0.017999322254700478,76266212.0,0.36619718309859156,475890330.0,5764995899.017727,659388635.711,9831337731.891596,0.12010958904109591,0.0266142308395829,0.0550842116775098,0.1007643346674047,1.0,4,5
0.08395061728395062,0.0,0.0,0.2857142857142857,0.0,0.625,1,0.4685714285714286,0.9863923000331896,0.0,0.9966367713004485,0.5855263157894737,0.5857142857142857,0.0,0.021435018092892482,0.022246590505390823,111714838.802,0.6338028169014085,659388635.711,9831337731.891596,917164941.479,12754499113.88668,0.12005479452054794,0.0357528332433891,0.0651553807591399,0.0495551650194514,1.0,4,5
0.08395061728395062,0.0,0.0,0.2857142857142857,0.0,0.625,1,0.5828571428571429,0.9850647195486226,0.0,0.9966367713004485,0.625,0.6285714285714286,0.0,0.026554816623179985,0.026691219454816225,162674939.455,0.43661971830985913,917164941.479,12754499113.88668,1249245419.046,17168846684.352207,0.12010958904109591,0.0334528834862094,0.0517246855809341,0.0494430299350976,1.0,4,5
0.08395061728395062,0.0,0.0,0.2857142857142857,0.0,0.625,1,0.5885714285714285,0.9883836707600399,0.0,0.9966367713004485,0.6644736842105263,0.6714285714285714,0.0,0.03334257467465549,0.03234747343546048,243167764.12499997,0.5070422535211268,1249245419.046,17168846684.352207,1754182512.501,23271103735.64346,0.12005479452054794,0.0395439543954395,0.0673656120402401,0.0592376914174913,1.0,4,5
0.08395061728395062,0.0,0.0,0.2857142857142857,0.0,0.625,1,0.6514285714285715,0.07368071689346167,0.0,0.9966367713004485,0.7039473684210527,0.7142857142857143,0.0,0.04183049223807552,0.039017474486458585,362723660.934,0.43661971830985913,1754182512.501,23271103735.64346,2505485432.207,29537559377.26344,0.12010958904109591,0.0261478663923011,0.0611846189119773,0.0384686501754404,1.0,4,5
0.08395061728395062,0.0,0.0,0.2857142857142857,0.0,0.625,1,0.64,0.9966810487885828,0.0,0.9966367713004485,0.743421052631579,0.7571428571428571,0.0,0.04993200991241725,0.04601667286577169,505910527.284,0.5492957746478874,2505485432.207,29537559377.26344,3079731264.3409996,36196627164.43434,0.12005479452054794,0.0432296150534989,0.0381992397396197,0.037574012700909,1.0,4,5
0.08395061728395062,0.0,0.0,0.2857142857142857,0.0,0.625,1,0.72,0.9993362097577165,0.0,0.9966367713004485,0.7828947368421053,0.8,0.0,0.06351396601351957,0.052998185030193705,733602856.9599999,0.43661971830985913,3079731264.3409996,36196627164.43434,3484355322.693,44671815935.24714,0.12010958904109591,-0.0146065848214285,0.0187689872738936,0.0334490074855066,1.0,4,6
0.08395061728395062,0.0,0.0,0.2857142857142857,0.0,0.125,1,0.8,0.07368071689346167,0.0,0.9966367713004485,0.8223684210526315,0.8428571428571429,0.0,0.056771287949103195,0.060513241965736576,751820234.488,0.323943661971831,3484355322.693,44671815935.24714,4224740380.411421,50046959415.1475,0.12,0.027702386440024,0.0354147319063788,0.0200541936318108,1.0,4,5
0.08395061728395062,0.0,0.0,0.2857142857142857,0.0,0.625,1,0.8171428571428572,0.07368071689346167,0.0,0.9966367713004485,0.8618421052631579,0.8857142857142857,0.0,0.06661165813358905,0.06716341290593811,972991963.4731648,0.36619718309859156,4224740380.411421,50046959415.1475,5194943343.847668,62796055415.77486,0.12005479452054794,0.029418685566235,0.0382746581673485,0.0424571114463104,1.0,4,5
0.08395061728395062,0.0,0.0,0.2857142857142857,0.0,0.625,1,0.7657142857142857,0.07368071689346167,0.0,0.9966367713004485,0.9013157894736842,0.9285714285714286,0.0,0.07879863220013064,0.07283050864154159,1241194624.2224731,0.5774647887323944,5194943343.847668,62796055415.77486,6563879628.943458,82618841699.03532,0.12,0.0221214837736677,0.0439188711819482,0.0526115484802697,1.0,4,5
0.08395061728395062,0.0,0.0,0.2857142857142857,0.0,0.625,1,0.88,0.07368071689346167,0.0,0.9966367713004485,0.9407894736842105,0.9714285714285714,0.0,0.08958023377975499,0.07826600729854938,1510732406.9191618,0.38028169014084506,6563879628.943458,82618841699.03532,8384594258.468367,102883604981.64182,0.12010958904109591,0.0126027357822102,0.0396262735814362,0.0350400238455933,1.0,4,5
0.08395061728395062,0.0,1.0,1.0,0.0,0.875,1,0.9028571428571428,0.07368071689346167,0.0,0.0,0.9802631578947368,0.9928571428571429,0.0,0.09769744091770904,0.08450947236683103,1774999945.7750762,0.4084507042253521,8384594258.468367,102883604981.64182,8738737945.986675,113181872475.00755,0.06164383561643836,0.0110465986321371,0.010559356738122,0.0250240733088701,1.0,4,5
0.11234567901234568,0.0,0.5,0.2857142857142857,0.0,0.0,1,0.3028571428571429,0.9697975439761035,0.0,0.9977578475336323,0.3815789473684211,0.3357142857142857,0.0,0.010982901093324416,0.00038202624338902035,1333120.0,0.6056338028169014,192715258.0,3494210458.682645,219186564.0,3902172216.269208,0.05556164383561644,-0.0116818690990558,0.0457865597059609,0.0389178769100596,1.0,4,6
0.11234567901234568,0.0,0.0,0.2857142857142857,0.0,0.125,1,0.29714285714285715,0.974112180550946,0.0,0.9966367713004485,0.39473684210526316,0.34285714285714286,0.0,0.01051278122827915,0.000389436875623619,1306500.0,0.647887323943662,219186564.0,3902172216.269208,228277553.0,4177978439.109769,0.023123287671232878,0.0218905472636815,0.0207380161313172,0.0353400884884899,1.0,4,5
0.11234567901234568,0.0,0.16666666666666666,0.42857142857142855,0.0,0.125,1,0.29714285714285715,0.974112180550946,0.0,0.9988789237668162,0.40789473684210525,0.35714285714285715,0.0,0.012483420662578489,0.00039684750785821775,1528560.0,0.676056338028169,235026569.0,4389125672.035584,244042383.0,4582082014.773711,0.020712328767123287,-0.0718911917098445,0.0191804144492276,0.0219811822622792,1.0,4,6
0.11234567901234568,0.5,0.0,0.2857142857142857,0.25,0.125,1,0.36,0.9840690341851974,0.5,0.9966367713004485,0.4144736842105263,0.36428571428571427,0.0,0.010338901278193913,0.0004042581400928164,1328610.0,0.5352112676056338,244042383.0,4582082014.773711,252940663.0,4698671884.768971,0.015671232876712328,0.0045385779122542,0.036462027171731,0.0254447366108565,1.0,4,5
0.11234567901234568,0.0,0.0,0.2857142857142857,0.25,0.125,1,0.38285714285714284,0.9834052439429141,0.0,0.9966367713004485,0.4144736842105263,0.37857142857142856,0.0,0.010338901278193913,0.0004042581400928164,1328610.0,0.4788732394366197,244042383.0,4582082014.773711,280769547.0,5654440675.939672,0.0435068493150685,0.1336359051941502,0.0501650076085349,0.0780110189871783,1.0,3,5
0.11234567901234568,0.0,0.0,0.2857142857142857,0.0,0.625,1,0.36,0.9770992366412213,0.0,0.9966367713004485,0.4342105263157895,0.4,0.0,0.015458699808481411,0.0004116687723274151,1889040.0,0.5774647887323944,280769547.0,5654440675.939672,238034537.0,5018502854.988797,0.08,-0.0823434125269978,-0.0380516783752192,-0.0281167429900214,1.0,4,6
0.11234567901234568,0.0,0.0,0.2857142857142857,0.0,0.125,1,0.37714285714285717,0.9774311317623631,0.0,0.9966367713004485,0.4605263157894737,0.42857142857142855,0.0,0.012451220671821963,0.0004264900367966125,1617700.0,0.5915492957746479,257259548.0,5044728874.113239,310140444.0,5983416185.986538,0.0686027397260274,-0.078753786239723,0.0513886621615303,0.0465182240362868,1.0,4,6
0.11234567901234568,0.0,0.0,0.2857142857142857,0.0,0.125,1,0.44571428571428573,0.9761035512777962,0.0,0.9966367713004485,0.48026315789473684,0.4357142857142857,0.0,0.0077629020176719,0.0004635431979696059,1187250.0,0.4647887323943662,310140444.0,5983416185.986538,325433436.0,6283610123.956657,0.010684931506849316,0.0562223626026532,0.0493098926497956,0.0501709940674339,1.0,4,5
0.11234567901234568,0.0,0.0,0.2857142857142857,0.0,0.625,1,0.5028571428571429,0.9807500829737803,0.0,0.9966367713004485,0.4868421052631579,0.5071428571428571,0.0,0.008336061853138049,0.0004783644624388033,1287440.0,0.3380281690140845,325433436.0,6283610123.956657,495900627.0,5916422135.694958,0.20668493150684933,0.034688995215311,0.0476196224767647,-0.0053123484027665,1.0,4,5
0.11234567901234568,0.0,0.16666666666666666,0.42857142857142855,0.0,0.125,1,0.38285714285714284,0.9777630268835048,0.0,0.9988789237668162,0.5526315789473685,0.5142857142857142,0.0,0.012444780673670658,0.0006339877393653757,2263800.0,0.7746478873239436,495900627.0,5916422135.694958,529832059.0,6499684837.63634,0.0013698630136986295,0.0649350649350648,0.0684238537976278,0.0985836859784634,1.0,4,5
0.11234567901234568,0.5,0.16666666666666666,0.0,0.25,0.0,1,0.5028571428571429,0.9807500829737803,0.5,0.9988789237668162,0.5526315789473685,0.5714285714285714,0.0,0.012444780673670658,0.0006339877393653757,2263800.0,0.4788732394366197,495900627.0,5916422135.694958,813934456.329,11951387652.483671,0.18706849315068488,0.0379220779220779,0.0641325725383686,0.1020036329114949,1.0,4,5
0.11234567901234568,0.0,0.0,0.2857142857142857,0.0,0.625,1,0.6514285714285715,0.9844009293063392,0.0,0.9966367713004485,0.6118421052631579,0.6214285714285714,0.0,0.018086219054213867,0.0008837260456713515,4195962.0,0.23943661971830985,813934456.329,11951387652.483671,1163421978.836,15991243735.72246,0.13178082191780824,0.0266792215944758,0.0613400606662492,0.0482891455274322,1.0,4,5
0.11234567901234568,0.5,0.5,0.2857142857142857,0.0,0.0,1,0.5771428571428572,0.9840690341851974,0.5,0.9977578475336323,0.6578947368421053,0.6428571428571429,0.0,0.02191801795424036,0.0011245715932958087,6208402.0,0.5211267605633803,1163421978.836,15991243735.72246,1383196801.941,19030818060.72169,0.0652054794520548,0.0370933615445649,0.0472259479154941,0.0475193545798004,1.0,4,5
0.11234567901234568,0.0,0.0,0.2857142857142857,0.0,0.625,1,0.5257142857142857,0.9890474610023232,0.0,0.9966367713004485,0.6776315789473685,0.65,0.0,0.025530856917122483,0.0012468470251666872,7845994.0,0.6901408450704225,1383196801.941,19030818060.72169,1443948083.726,19784467002.851566,0.014794520547945205,0.0363887609396591,0.0439209241228359,0.039601500036688,1.0,4,5
0.11234567901234568,0.0,0.16666666666666666,0.6428571428571429,0.0,0.0,1,0.6685714285714286,0.9887155658811816,0.0,0.9988789237668162,0.6842105263157895,0.7357142857142858,0.0,0.02654837662502868,0.0012898286921273596,8392500.0,0.352112676056338,1443948083.726,19784467002.851566,2914837745.91,33220383789.58506,0.24438356164383562,-0.0187179487179487,0.0783583287409996,0.0522395705868142,1.0,4,6
0.11234567901234568,0.5,0.0,0.2857142857142857,0.0,0.625,1,0.7828571428571428,0.07368071689346167,0.5,0.9966367713004485,0.7631578947368421,0.8142857142857143,0.0,0.01949657864934967,0.0018989826618113716,9149235.0,0.23943661971830985,2914837745.91,33220383789.58506,3546778466.365,46715156894.540726,0.21556164383561643,-0.0297423574956614,0.0197092124546591,0.036929060265119,1.0,4,6
0.11234567901234568,0.0,0.0,0.2857142857142857,0.0,0.625,0,0.6914285714285714,0.07368071689346167,0.0,0.9966367713004485,0.8355263157894737,0.8642857142857143,0.0,0.012322420708795863,0.002608180166662466,8348404.0,0.6197183098591549,3546778466.365,46715156894.540726,4764813624.333422,56142944592.630035,0.13435616438356163,0.0119530351065981,0.0490600200201538,0.0288306173744254,1.0,4,5
0.11234567901234568,0.0,0.0,0.2857142857142857,0.0,0.625,1,0.7885714285714286,0.07368071689346167,0.0,0.9966367713004485,0.881578947368421,0.9,0.0,0.01355690926100707,0.003315154481843181,11415412.408772755,0.4788732394366197,4764813624.333422,56142944592.630035,5340359249.454948,67072928019.09664,0.10005479452054795,0.0392128376323192,0.0241581589752964,0.0389362670795909,1.0,4,5
0.11234567901234568,0.0,0.0,0.2857142857142857,0.0,0.625,1,0.6857142857142857,0.07368071689346167,0.0,0.9966367713004485,0.9144736842105263,0.9357142857142857,0.0,0.016691686301092412,0.0036397401737186036,14954188.39740131,0.8028169014084507,5340359249.454948,67072928019.09664,6992107294.041285,87408786989.82104,0.1,0.0512143263031105,0.0618590610642876,0.0606380534481348,1.0,4,5
0.11234567901234568,0.0,1.0,1.0,0.25,0.875,1,0.7828571428571428,0.07368071689346167,0.0,0.0,0.9473684210526315,0.9928571428571429,0.0,0.021588621279526692,0.003915415692845675,20171036.55151837,0.6338028169014085,6992107294.041285,87408786989.82104,8738737945.986675,113181872475.00755,0.17956164383561643,0.0338455115128876,0.0277555913084692,0.0327618797107229,1.0,4,5
0.11481481481481481,0.0,0.5,0.2857142857142857,0.0,0.0,1,0.21142857142857144,0.9654829074012612,0.0,0.9977578475336323,0.29605263157894735,0.24285714285714285,0.0,0.013694140315023834,0.00013895750609418345,781248.0,0.647887323943662,133316053.0,2760330548.1963253,145113649.0,3166254860.355937,0.028273972602739728,0.0664936102236422,0.0442467194854621,0.0735282070520237,1.0,4,5
0.11481481481481481,0.0,0.0,0.2857142857142857,0.0,0.625,1,0.2742857142857143,0.9674742781281115,0.0,0.9966367713004485,0.3092105263157895,0.25,0.0,0.015838659699408408,0.0001493323912226216,924862.0,0.5211267605633803,145113649.0,3166254860.355937,147401920.0,3482522324.7243567,0.011726027397260273,0.0274938315121606,0.0157688199267871,0.099886925821526,1.0,4,5
0.11481481481481481,0.0,0.0,0.2857142857142857,0.0,0.625,1,0.16,0.9688018586126784,0.0,0.9966367713004485,0.3092105263157895,0.2571428571428571,0.0,0.015838659699408408,0.0001493323912226216,924862.0,0.8028169014084507,145113649.0,3166254860.355937,153929329.0,3179188159.666755,0.02679452054794521,0.0163905534014804,0.0303750889759515,0.0020423654887598,1.0,4,5
0.11481481481481481,0.0,0.0,0.2857142857142857,0.0,0.625,1,0.35428571428571426,0.9744440756720876,0.0,0.9966367713004485,0.3223684210526316,0.2642857142857143,0.0,0.016437579527479776,0.00016044833957451965,999130.0,0.352112676056338,153929329.0,3179188159.666755,155476888.0,4396657850.163141,0.0019178082191780813,-0.0010238907849828,0.0100536980837484,0.3829498693855233,1.0,4,6
0.11481481481481481,0.0,0.0,0.2857142857142857,0.25,0.625,1,0.16,0.9688018586126784,0.0,0.9966367713004485,0.3223684210526316,0.2642857142857143,0.0,0.016437579527479776,0.00016044833957451965,999130.0,0.8309859154929577,153929329.0,3179188159.666755,155476888.0,4396657850.163141,0.011342465753424657,-0.0010238907849828,0.0100536980837484,0.3829498693855233,1.0,4,6
0.11481481481481481,0.0,0.0,0.2857142857142857,0.0,0.625,1,0.2742857142857143,0.9761035512777962,0.0,0.9966367713004485,0.3223684210526316,0.2857142857142857,0.0,0.016437579527479776,0.00016044833957451965,999130.0,0.5492957746478874,153929329.0,3179188159.666755,154776992.0,3334816155.24101,0.08005479452054795,-0.0028668941979522,0.0011013664588896,0.009790423703048,1.0,4,6
0.11481481481481481,0.0,0.5,0.2857142857142857,0.0,0.0,1,0.33714285714285713,0.968138068370395,0.0,0.9977578475336323,0.34868421052631576,0.3,0.0,0.016167099605124965,0.0002056531962055716,1160976.0,0.4507042253521127,154776992.0,3334816155.24101,166209096.0,3237619941.9560475,0.033424657534246574,-0.0446675900277008,0.0369308895730445,-0.0145729492662149,1.0,4,6
0.11481481481481481,0.0,0.0,0.2857142857142857,0.0,0.625,1,0.3142857142857143,0.9694656488549618,0.0,0.9966367713004485,0.3618421052631579,0.30714285714285716,0.0,0.014505580082088267,0.00023529572514396636,1162460.0,0.5352112676056338,166209096.0,3237619941.9560475,172685640.0,3233683011.2296357,0.006575342465753423,-0.0365019011406844,0.038966242858333,-0.001215995328974,1.0,4,6
0.11481481481481481,0.0,0.0,0.2857142857142857,0.25,0.625,1,0.2742857142857143,0.9761035512777962,0.0,0.9966367713004485,0.3618421052631579,0.3142857142857143,0.0,0.014505580082088267,0.00023529572514396636,1162460.0,0.6338028169014085,166209096.0,3237619941.9560475,191513114.0,3564985722.0261664,0.02663013698630137,-0.0351711026615969,0.0761210385260744,0.0505565486281779,1.0,4,6
0.11481481481481481,0.0,0.0,0.2857142857142857,0.0,0.625,1,0.38857142857142857,0.9694656488549618,0.0,0.9966367713004485,0.375,0.32142857142857145,0.0,0.013314180424096836,0.00026864357019966043,1190715.0,0.38028169014084506,191513114.0,3564985722.0261664,192715258.0,3494210458.682645,0.013424657534246575,-0.0306748466257669,0.0062770845029442,-0.0198528883036581,1.0,4,6
0.11481481481481481,0.0,0.0,0.2857142857142857,0.5,0.625,1,0.2742857142857143,0.9761035512777962,0.0,0.9966367713004485,0.375,0.34285714285714286,0.0,0.013314180424096836,0.00026864357019966043,1190715.0,0.6619718309859155,191513114.0,3564985722.0261664,228277553.0,4177978439.109769,0.08005479452054795,0.003762781186094,0.0383936517266384,0.0343896309764296,1.0,4,5
0.11481481481481481,0.0,0.0,0.2857142857142857,0.25,0.625,1,0.35428571428571426,0.9744440756720876,0.0,0.9966367713004485,0.40131578947368424,0.37142857142857144,0.0,0.013610420339056867,0.0002745720759873394,1233045.0,0.5211267605633803,228277553.0,4177978439.109769,272421476.0,4861352558.274555,0.07879452054794521,0.0067242071457245,0.0483445726702703,0.0408914340466533,1.0,4,5
0.11481481481481481,0.0,0.0,0.2857142857142857,0.0,0.625,1,0.4685714285714286,0.0,0.0,0.9966367713004485,0.4276315789473684,0.37857142857142856,0.0,0.014041900215194305,0.00028124164499847824,1289232.0,0.29577464788732394,272421476.0,4861352558.274555,280769547.0,5654440675.939672,0.0012602739726027391,0.0183737294761532,0.0306439533423568,0.1631414525398276,1.0,4,5
0.11481481481481481,0.0,0.16666666666666666,0.7142857142857143,0.0,0.125,1,0.3657142857142857,0.9770992366412213,0.0,0.9988789237668162,0.4276315789473684,0.39285714285714285,0.0,0.014041900215194305,0.00028124164499847824,1289232.0,0.5492957746478874,272421476.0,4861352558.274555,251610514.0,5274746126.337196,0.04515068493150685,-0.0228042741725306,-0.0254641720439593,0.0283455796239944,1.0,4,6
0.11481481481481481,0.5,0.0,0.2857142857142857,0.0,0.625,1,0.44571428571428573,0.9827414537006306,0.5,0.9966367713004485,0.4473684210526316,0.4,0.0,0.012914900538715926,0.00029828609913805517,1255841.0,0.39436619718309857,251610514.0,5274746126.337196,238034537.0,5018502854.988797,0.0007123287671232873,-0.0088124213176667,-0.0539563183754714,-0.0485792614869098,1.0,4,6
0.11481481481481481,0.0,0.0,0.2857142857142857,0.0,0.625,1,0.4228571428571429,0.9857285097909061,0.0,0.9966367713004485,0.4473684210526316,0.4,0.0,0.012914900538715926,0.00029828609913805517,1255841.0,0.4507042253521127,251610514.0,5274746126.337196,238034537.0,5018502854.988797,0.03419178082191781,-0.0044062106588333,-0.0269781591877357,-0.0242896307434549,1.0,4,6
0.11481481481481481,0.0,0.0,0.2857142857142857,0.25,0.625,1,0.44571428571428573,0.9827414537006306,0.0,0.9966367713004485,0.45394736842105265,0.42857142857142855,0.0,0.01277966057753852,0.0003101431107134131,1282566.0,0.4084507042253521,238034537.0,5018502854.988797,310140444.0,5983416185.986538,0.08005479452054795,0.0122777307366638,0.0605844075475484,0.0384542306293016,1.0,4,5
0.11481481481481481,0.0,0.5,0.2857142857142857,0.0,0.0,1,0.4057142857142857,0.975107865914371,0.0,0.9977578475336323,0.48026315789473684,0.45,0.0,0.01371346030947775,0.00035831222023830454,1524256.0,0.5633802816901409,310140444.0,5983416185.986538,350268792.0,5943149740.776493,0.06416438356164383,0.0175508575987236,0.0323469163538051,-0.0016824187035639,1.0,4,5
0.11481481481481481,0.0,0.0,0.2857142857142857,0.0,0.625,1,0.4057142857142857,0.981081978094922,0.0,0.9966367713004485,0.5,0.45714285714285713,0.0,0.014846899984107435,0.00039388325496437826,1760048.0,0.6056338028169014,350268792.0,5943149740.776493,358293969.0,6033654014.749514,0.01578082191780822,-0.0119269474468878,0.0229114816486419,0.0152283347922503,1.0,4,6
0.11481481481481481,0.0,0.16666666666666666,0.5714285714285714,0.0,0.125,1,0.5314285714285715,0.9913707268503154,0.0,0.9988789237668162,0.506578947368421,0.4642857142857143,0.0,0.014640820043265673,0.0004242668471262329,1847747.0,0.30985915492957744,358293969.0,6033654014.749514,376295581.0,5616296626.636931,0.020438356164383557,0.0490380988306299,0.0251212880449014,-0.0345857905584522,1.0,4,5
0.11481481481481481,0.0,0.0,0.2857142857142857,0.0,0.625,1,0.49714285714285716,0.9824095585794889,0.0,0.9966367713004485,0.5131578947368421,0.4714285714285714,0.0,0.016315219562604982,0.0004413113012658099,2095920.0,0.4084507042253521,376295581.0,5616296626.636931,378518382.0,5685375444.6349,0.0,-0.0051528684300927,0.0059070611302236,0.0122997096824164,1.0,4,6
0.11481481481481481,0.5,0.0,0.2857142857142857,0.0,0.625,1,0.52,0.9850647195486226,0.5,0.9966367713004485,0.5131578947368421,0.4928571428571429,0.0,0.016315219562604982,0.0004413113012658099,2095920.0,0.352112676056338,376295581.0,5616296626.636931,434131070.0,5516514526.341848,0.0736986301369863,0.0395053246307111,0.0384242414210014,-0.0044416324015827,1.0,4,5
0.11481481481481481,0.0,0.16666666666666666,0.5714285714285714,0.0,0.125,1,0.45714285714285713,0.9853966146697644,0.0,0.9988789237668162,0.5394736842105263,0.5142857142857142,0.0,0.019277618712205295,0.0004939267901314606,2666461.0,0.5633802816901409,434131070.0,5516514526.341848,529832059.0,6499684837.63634,0.06597260273972604,-0.0479827944230198,0.0551106541395436,0.0445557746018688,1.0,4,6
0.11481481481481481,0.5,0.6666666666666666,0.2857142857142857,0.0,0.0,1,0.37142857142857144,0.9784268171257883,0.5,0.9978699551569506,0.5592105263157895,0.5214285714285715,0.0,0.01511093990831094,0.0005168997500587164,2239128.0,0.8169014084507042,529832059.0,6499684837.63634,549177110.0,6839178858.225641,0.01643835616438356,0.0029368575624082,0.0365116656710273,0.0522323818877286,1.0,4,5
0.11481481481481481,0.0,0.16666666666666666,0.42857142857142855,0.0,0.125,1,0.48,0.9824095585794889,0.0,0.9988789237668162,0.5657894736842105,0.5285714285714286,0.0,0.01516245989352138,0.0005287567616340744,2289416.0,0.5633802816901409,549177110.0,6839178858.225641,604047804.132,8767224010.95815,0.006301369863013697,-0.0567349926793557,0.0999143866939391,0.2819117898069889,1.0,4,6
0.11481481481481481,0.0,0.0,0.2857142857142857,0.0,0.625,1,0.5542857142857143,0.9890474610023232,0.0,0.9966367713004485,0.5657894736842105,0.5285714285714286,0.0,0.01516245989352138,0.0005287567616340744,2289416.0,0.38028169014084506,549177110.0,6839178858.225641,604047804.132,8767224010.95815,0.0002739726027397259,-0.0567349926793557,0.0999143866939391,0.2819117898069889,1.0,4,6
0.11481481481481481,0.5,0.0,0.2857142857142857,0.25,0.25,1,0.5314285714285715,0.9913707268503154,0.5,0.9966367713004485,0.5657894736842105,0.5357142857142857,0.0,0.01516245989352138,0.0005287567616340744,2289416.0,0.43661971830985913,549177110.0,6839178858.225641,637484504.19,9334940849.93543,0.029095890410958905,-0.0441068814055636,0.0803997404316433,0.1824606464786395,1.0,4,6
0.11481481481481481,0.0,0.0,0.2857142857142857,0.0,0.625,1,0.42857142857142855,0.9814138732160638,0.0,0.9966367713004485,0.5789473684210527,0.5428571428571428,0.0,0.013610420339056867,0.0005865596930639441,2281756.0,0.7183098591549296,637484504.19,9334940849.93543,659388635.711,9831337731.891596,0.027945205479452055,0.0132476916900843,0.017180128596876,0.0265881107302141,1.0,4,5
0.11481481481481481,0.0,0.16666666666666666,0.0,0.0,0.0,1,0.5714285714285714,0.9804181878526386,0.0,0.9988789237668162,0.5855263157894737,0.5642857142857143,0.0,0.014035460217043,0.000604345210426981,2403580.0,0.38028169014084506,659388635.711,9831337731.891596,777827903.911,11398992120.516134,0.045095890410958905,0.0272454699517664,0.0598732734058978,0.0531516134553852,1.0,4,5
0.11481481481481481,0.0,0.0,0.2857142857142857,0.0,0.25,1,0.52,0.9834052439429141,0.0,0.9966367713004485,0.6052631578947368,0.5714285714285714,0.0,0.015381419830665752,0.0006569606992926317,2796426.0,0.5492957746478874,777827903.911,11398992120.516134,813934456.329,11951387652.483671,0.0006575342465753423,0.0253073029645698,0.0464197185990018,0.0484600327930155,1.0,4,5
0.11481481481481481,0.0,0.0,0.2857142857142857,0.0,0.625,1,0.5942857142857143,0.9930302024560239,0.0,0.9966367713004485,0.6052631578947368,0.5714285714285714,0.0,0.015381419830665752,0.0006569606992926317,2796426.0,0.36619718309859156,777827903.911,11398992120.516134,813934456.329,11951387652.483671,0.03424657534246575,0.0126536514822849,0.0232098592995009,0.0242300163965077,1.0,4,5
0.11481481481481481,0.0,0.0,0.2857142857142857,0.0,0.625,1,0.5485714285714286,0.9897112512446067,0.0,0.9966367713004485,0.6118421052631579,0.6,0.0,0.015832219701257103,0.0006762283431025883,2940932.0,0.49295774647887325,813934456.329,11951387652.483671,1014324872.635,14025367456.334517,0.08005479452054795,0.0268688293370944,0.0492399393459269,0.0347069288380055,1.0,4,5
0.11481481481481481,0.0,0.0,0.2857142857142857,0.25,0.625,1,0.5542857142857143,0.9890474610023232,0.0,0.9966367713004485,0.6381578947368421,0.6285714285714286,0.0,0.01828585899690432,0.0007584863609066336,3693116.0,0.5352112676056338,1014324872.635,14025367456.334517,1249245419.046,17168846684.352207,0.08005479452054795,0.0442648430214485,0.0463205729739677,0.0448256238248923,1.0,4,5
0.11481481481481481,0.0,0.0,0.2857142857142857,0.0,0.125,1,0.5542857142857143,0.9920345170925987,0.0,0.9966367713004485,0.6644736842105263,0.6571428571428571,0.0,0.022871137680633504,0.0008622352121910153,5060552.0,0.5915492957746479,1249245419.046,17168846684.352207,1532849525.322,20870428352.946007,0.08005479452054795,0.0418936116060065,0.0454040658388128,0.0431197474897069,1.0,4,5
0.11481481481481481,0.0,0.16666666666666666,0.42857142857142855,0.5,0.125,1,0.5314285714285715,0.9913707268503154,0.0,0.9988789237668162,0.6907894736842105,0.6642857142857143,0.0,0.028171256159157547,0.0009800642647211344,6876144.0,0.704225352112676,1532849525.322,20870428352.946007,1636456669.4099998,22012539042.75697,0.000602739726027397,0.0471380471380471,0.0675912034263346,0.0547238739184643,1.0,4,5
0.11481481481481481,0.5,0.5,0.2857142857142857,0.0,0.0,1,0.6914285714285714,0.9890474610023232,0.5,0.9977578475336323,0.6907894736842105,0.75,0.0,0.028171256159157547,0.0009800642647211344,6876144.0,0.30985915492957744,1532849525.322,20870428352.946007,3104329192.9090004,35740398961.4584,0.25616438356164384,0.0414562289562289,0.078861655600182,0.0548069198014821,1.0,4,5
0.11481481481481481,0.5,0.16666666666666666,0.7857142857142857,0.0,0.25,1,0.7028571428571428,0.07368071689346167,0.5,0.9988789237668162,0.7763157894736842,0.7571428571428571,0.0,0.044664091424649735,0.0013891311640709819,14618687.0,0.4647887323943662,3104329192.9090004,35740398961.4584,3079731264.3409996,36196627164.43434,0.01178082191780822,0.0179133050731574,-0.0079237500404879,0.0127650562453969,1.0,4,5
0.11481481481481481,0.5,0.0,0.2857142857142857,0.0,0.625,1,0.7028571428571428,0.07368071689346167,0.5,0.9966367713004485,0.7828947368421053,0.7642857142857142,0.0,0.045507731182470694,0.0014195147562328365,15185760.0,0.4788732394366197,3079731264.3409996,36196627164.43434,3006650568.852,37212432698.472725,0.029041095890410956,-0.0173293927995701,-0.0118647844919412,0.014031770549004,1.0,4,6
0.11481481481481481,0.5,0.3333333333333333,0.8571428571428571,0.0,0.25,1,0.7542857142857143,0.07368071689346167,0.5,1.0,0.7894736842105263,0.8142857142857143,0.0,0.043846211659433997,0.0014498983483946912,14954066.0,0.36619718309859156,3006650568.852,37212432698.472725,3546778466.365,46715156894.540726,0.12783561643835617,-0.0013319549918492,0.0256634838166792,0.0364806041843491,1.0,4,6
0.11481481481481481,1.0,0.0,0.2857142857142857,0.0,0.625,1,0.7314285714285714,0.9983405243942914,1.0,0.9966367713004485,0.8355263157894737,0.8428571428571429,0.0,0.04341473178329656,0.0016811100741141703,17035767.0,0.5211267605633803,3546778466.365,46715156894.540726,4224740380.411421,50046959415.1475,0.09320547945205479,0.0401923747782244,0.0382297299070525,0.0142643319303338,1.0,4,5
0.11481481481481481,0.0,0.0,0.2857142857142857,0.0,0.625,1,0.7885714285714286,0.07368071689346167,0.0,0.9966367713004485,0.8618421052631579,0.8785714285714286,0.0,0.05262809955515256,0.0018256174026888446,22126487.937637564,0.43661971830985913,4224740380.411421,50046959415.1475,4960253908.381425,59628765673.01684,0.10005479452054795,0.0288911683520736,0.0348193480186527,0.0382912623257957,1.0,4,5
0.11481481481481481,0.0,0.0,0.2857142857142857,0.0,0.625,0,0.7885714285714286,0.07368071689346167,0.0,0.9966367713004485,0.8947368421052632,0.9142857142857143,0.0,0.060581796976369715,0.0020182938407884107,27866808.84859842,0.5070422535211268,4960253908.381425,59628765673.01684,5863197758.565579,74015814861.56413,0.10010958904109589,0.0167749932091361,0.0303393020754587,0.0402128319169554,1.0,4,5
0.11481481481481481,0.0,0.0,0.2857142857142857,0.0,0.625,1,0.8857142857142857,0.07368071689346167,0.0,0.9966367713004485,0.9276315789473685,0.95,0.0,0.06692409432991903,0.0022080060259941367,33428599.95849267,0.3380281690140845,5863197758.565579,74015814861.56413,7238503867.049956,90134685455.90204,0.09665753424657533,0.0695711922446986,0.0469131748617956,0.0435552067473307,1.0,4,5
0.11481481481481481,0.0,0.0,0.2857142857142857,0.0,0.625,1,0.8228571428571428,0.07368071689346167,0.0,0.9966367713004485,0.9605263157894737,0.9857142857142858,0.0,0.09104989128464083,0.0023977182111998632,48772973.83080438,0.5633802816901409,7238503867.049956,90134685455.90204,8731076632.536161,109801891452.69542,0.10005479452054795,0.0735646189278089,0.0412398139974884,0.0436395953396108,1.0,4,5
0.11481481481481481,0.0,1.0,1.0,0.0,0.875,1,0.8857142857142857,0.07368071689346167,0.0,0.0,0.993421052631579,0.9928571428571429,0.0,0.12543454823831743,0.0025815018906179105,71636840.0,0.4788732394366197,8731076632.536161,109801891452.69542,8738737945.986675,113181872475.00755,0.030027397260273977,0.0218584739360362,0.0004387381861913,0.0153912695746607,1.0,4,5
0.12098765432098765,0.0,0.0,0.2857142857142857,0.0,0.625,1,0.12571428571428572,0.962163956189844,0.0,0.9966367713004485,0.07236842105263158,0.0,0.0,0.004652382910591569,,,0.38028169014084506,20868631.0,1028968928.010556,21022083.0,994588638.0127811,0.04005479452054794,0.0033333333333333,0.002451079165982,-0.0111374564906272,1.0,4,5
0.12098765432098765,0.0,0.6666666666666666,0.2857142857142857,0.0,0.625,1,0.09714285714285714,0.962163956189844,0.0,0.9978699551569506,0.08552631578947369,0.007142857142857143,0.0,0.0047232228902559245,,,0.4788732394366197,21022083.0,994588638.0127811,20893667.0,1017661045.702806,0.022356164383561642,0.0022502250225022,-0.0030543119823092,0.011598970070744,1.0,4,6
0.12098765432098765,0.0,0.0,0.2857142857142857,0.0,0.625,1,0.13714285714285715,0.964487222037836,0.0,0.9966367713004485,0.09210526315789473,0.014285714285714285,0.0,0.00475542288101245,,,0.39436619718309857,20893667.0,1017661045.702806,22323399.0,1038709456.9097269,0.0050958904109589045,0.0053763440860215,0.0684289646235867,0.020683125580762,1.0,4,5
0.12098765432098765,0.0,0.0,0.2857142857142857,0.25,0.125,1,0.09714285714285714,0.962163956189844,0.0,0.9966367713004485,0.09210526315789473,0.014285714285714285,0.0,0.00475542288101245,,,0.49295774647887325,20893667.0,1017661045.702806,22323399.0,1038709456.9097269,0.012547945205479452,0.0053763440860215,0.0684289646235867,0.020683125580762,1.0,4,5
0.12098765432098765,0.0,0.0,0.2857142857142857,0.0,0.625,1,0.11428571428571428,0.9565217391304348,0.0,0.9966367713004485,0.09868421052631579,0.02857142857142857,0.0,0.00479406286992028,,,0.4647887323943662,22323399.0,1038709456.9097269,23748900.0,1129603158.4191873,0.040438356164383564,0.0032679738562091,0.0212856026091725,0.0291687923909858,1.0,4,5
0.12098765432098765,0.0,0.0,0.2857142857142857,0.0,0.625,1,0.09714285714285714,0.9601725854629937,0.0,0.9966367713004485,0.1118421052631579,0.04285714285714286,0.0,0.004864902849584635,,,0.5352112676056338,23748900.0,1129603158.4191873,25628493.0,1209112829.7728684,0.039616438356164387,0.0048543689320388,0.0395722117655975,0.0351936300642741,1.0,4,5
0.12098765432098765,0.0,0.5,0.2857142857142857,0.0,0.0,1,0.017142857142857144,0.9561898440092931,0.0,0.9977578475336323,0.125,0.05,0.0,0.0049357428292489906,,,0.7605633802816901,25628493.0,1209112829.7728684,26208651.0,1236952247.1769855,0.014465753424657536,0.0043706293706293,0.0226372264650909,0.0230246646289797,1.0,4,5
0.12098765432098765,0.0,0.5,0.2857142857142857,0.0,0.0,1,0.11428571428571428,0.9568536342515765,0.0,0.9977578475336323,0.125,0.05714285714285714,0.0,0.0049357428292489906,,,0.5211267605633803,25628493.0,1209112829.7728684,27893233.0,1488902516.1597185,0.025534246575342465,0.0052447552447552,0.04418402595892,0.1157004042540051,1.0,4,5
0.12098765432098765,0.0,0.0,0.2857142857142857,0.25,0.625,1,0.09714285714285714,0.9601725854629937,0.0,0.9966367713004485,0.13815789473684212,0.12857142857142856,0.0,0.005013022807064651,,,0.5915492957746479,27893233.0,1488902516.1597185,29888966.0,1864405397.3313825,0.20909589041095894,-0.0027524378735451,0.006504454780386,0.0229273744859454,1.0,4,6
0.12098765432098765,0.0,0.0,0.2857142857142857,0.0,0.625,1,0.2,0.9651510122801195,0.0,0.9966367713004485,0.20394736842105263,0.15714285714285714,0.0,0.004787622871768976,,,0.4788732394366197,29888966.0,1864405397.3313825,64064436.0,2145898307.1412191,0.07775342465753425,-0.0051293487957181,0.2858535654930317,0.0377456681648679,1.0,4,6
0.12098765432098765,0.0,0.16666666666666666,0.9285714285714286,0.0,0.25,1,0.03428571428571429,0.9628277464321274,0.0,0.9988789237668162,0.23026315789473684,0.17142857142857143,0.0,0.00463950291428896,,,0.9436619718309859,64064436.0,2145898307.1412191,92820526.0,3063830824.5552855,0.039616438356164387,-0.0040983606557377,0.2244309931956631,0.2138807124175754,1.0,4,6
0.12098765432098765,0.5,0.0,0.2857142857142857,0.0,0.625,1,0.10857142857142857,0.9648191171589777,0.5,0.9966367713004485,0.24342105263157895,0.2,0.0,0.004581542930927214,0.0028705165477672595,4353822.0,0.7887323943661971,92820526.0,3063830824.5552855,111387273.0,2530930797.645001,0.08043835616438356,-0.0042240587695133,0.0400056922754348,-0.0347865177567455,1.0,4,6
0.12098765432098765,0.0,0.0,0.2857142857142857,0.0,0.125,1,0.2342857142857143,0.9691337537338202,0.0,0.9966367713004485,0.26973684210526316,0.2357142857142857,0.0,0.004433422973447198,0.003119513790849776,4620044.0,0.5352112676056338,111387273.0,2530930797.645001,139328207.0,2939559126.60919,0.0984109589041096,0.024577861163227,0.0501689883367554,0.0322907547961732,1.0,4,5
0.12098765432098765,0.0,0.0,0.2857142857142857,0.0,0.625,1,0.22857142857142856,0.9714570195818122,0.0,0.9966367713004485,0.3026315789473684,0.24285714285714285,0.0,0.005277062731268158,0.0034596618104178554,5737221.0,0.6197183098591549,139328207.0,2939559126.60919,145113649.0,3166254860.355937,0.0014246575342465747,0.037593984962406,0.0415238387442966,0.0771189569533314,1.0,4,5
0.12098765432098765,0.0,0.0,0.2857142857142857,0.0,0.625,1,0.26285714285714284,0.9714570195818122,0.0,0.9966367713004485,0.3026315789473684,0.24285714285714285,0.0,0.005277062731268158,0.0034596618104178554,5737221.0,0.5352112676056338,139328207.0,2939559126.60919,145113649.0,3166254860.355937,0.01895890410958904,0.037593984962406,0.0415238387442966,0.0771189569533314,1.0,4,5
0.12098765432098765,0.0,0.0,0.2857142857142857,0.0,0.625,1,0.33714285714285713,0.9744440756720876,0.0,0.9966367713004485,0.3092105263157895,0.2714285714285714,0.0,0.005566862648076884,0.003531544943093463,6073380.0,0.36619718309859156,145113649.0,3166254860.355937,147294375.0,3092014836.2343206,0.08131506849315069,0.0209339774557165,0.0030055422284915,-0.0046894534644801,1.0,4,5
0.12098765432098765,0.0,0.0,0.2857142857142857,0.0,0.625,1,0.33714285714285713,0.9717889147029539,0.0,0.9966367713004485,0.3355263157894737,0.3,0.0,0.006404062407746538,0.003857612761415805,7312760.0,0.4225352112676056,147294375.0,3092014836.2343206,166209096.0,3237619941.9560475,0.08005479452054795,0.0237609329446064,0.0256828830021512,0.0094181375855916,1.0,4,5
0.12098765432098765,0.0,0.0,0.2857142857142857,0.0,0.625,1,0.26857142857142857,0.9711251244606705,0.0,0.9966367713004485,0.3618421052631579,0.32142857142857145,0.0,0.007453782106409259,0.00428224198845831,9061105.0,0.647887323943662,166209096.0,3237619941.9560475,192715258.0,3494210458.682645,0.06531506849315069,0.0381107491856677,0.0398686994844132,0.0198132054817075,1.0,4,5
0.12098765432098765,0.0,0.0,0.2857142857142857,0.25,0.625,1,0.22857142857142856,0.9714570195818122,0.0,0.9966367713004485,0.3815789473684211,0.32857142857142857,0.0,0.008960741673814636,0.004631282766707908,11275606.0,0.7887323943661971,192715258.0,3494210458.682645,203842078.0,3715797650.1647186,0.01473972602739726,0.0463538722442058,0.0577370993634556,0.063415525224435,1.0,4,5
0.12098765432098765,0.0,0.0,0.2857142857142857,0.0,0.625,1,0.2857142857142857,0.9711251244606705,0.0,0.9966367713004485,0.3881578947368421,0.35714285714285715,0.0,0.00948882152222165,0.004753558198578786,12103689.0,0.6619718309859155,203842078.0,3715797650.1647186,244042383.0,4582082014.773711,0.08005479452054795,0.0307941653160453,0.0394425973228157,0.0466271011593212,1.0,4,5
0.12098765432098765,0.0,0.0,0.2857142857142857,0.0,0.625,1,0.33714285714285713,0.9777630268835048,0.0,0.9966367713004485,0.4144736842105263,0.38571428571428573,0.0,0.011324220995343583,0.005275266707894534,15471048.0,0.5915492957746479,244042383.0,4582082014.773711,267002454.0,5458058939.984556,0.08005479452054795,0.0200374531835206,0.0188164618930147,0.0382348863414705,1.0,4,5
0.12098765432098765,0.0,0.0,0.2857142857142857,0.0,0.625,1,0.41714285714285715,0.9744440756720876,0.0,0.9966367713004485,0.4407894736842105,0.4142857142857143,0.0,0.01270238059972286,0.005772520130836106,18597900.0,0.4507042253521127,267002454.0,5458058939.984556,276350304.0,5285216561.450975,0.08005479452054795,0.0069787234042553,0.0070020704753522,-0.0063334742418179,1.0,4,5
0.12098765432098765,0.0,0.0,0.2857142857142857,0.0,0.625,1,0.44571428571428573,0.9817457683372054,0.0,0.9966367713004485,0.46710526315789475,0.44285714285714284,0.0,0.013230460448129871,0.0060578294718681555,20183168.0,0.43661971830985913,276350304.0,5285216561.450975,336590382.0,6269649368.577917,0.08005479452054795,0.0416118421052631,0.0435968964955435,0.0372523167473266,1.0,4,5
0.12098765432098765,0.0,0.0,0.2857142857142857,0.0,0.625,1,0.45714285714285713,0.9867241951543312,0.0,0.9966367713004485,0.4934210526315789,0.4714285714285714,0.0,0.016489099512690217,0.006356477950922482,25566476.0,0.4647887323943662,336590382.0,6269649368.577917,378518382.0,5685375444.6349,0.08005479452054795,-0.0012253233492171,0.0249133678454306,-0.0186381690456652,1.0,4,6
0.12098765432098765,0.0,0.0,0.2857142857142857,0.25,0.625,1,0.44571428571428573,0.9817457683372054,0.0,0.9966367713004485,0.5197368421052632,0.4928571428571429,0.0,0.01637317954596673,0.007074568214455095,28239320.0,0.5492957746478874,378518382.0,5685375444.6349,434131070.0,5516514526.341848,0.060054794520547954,0.0091609589041095,0.0367305067894959,-0.0074252316288276,1.0,4,5
0.12098765432098765,0.0,0.0,0.2857142857142857,0.0,0.625,1,0.56,0.9920345170925987,0.0,0.9966367713004485,0.5394736842105263,0.5,0.0,0.017062259348156365,0.00766593666677607,31689663.0,0.30985915492957744,434131070.0,5516514526.341848,475890330.0,5764995899.017727,0.02,0.0621076973901553,0.0961904431304583,0.0450431828810307,1.0,4,5
0.12098765432098765,0.0,0.0,0.2857142857142857,0.0,0.625,1,0.4742857142857143,0.9873879853966147,0.0,0.9966367713004485,0.5460526315789473,0.5285714285714286,0.0,0.01827297900060171,0.007873434369344833,34558035.0,0.5352112676056338,475890330.0,5764995899.017727,604047804.132,8767224010.95815,0.08005479452054795,0.0134992223950233,0.053860087525628,0.1041536946262862,1.0,4,5
0.12098765432098765,0.0,0.0,0.2857142857142857,0.0,0.625,1,0.46285714285714286,0.9837371390640558,0.0,0.9966367713004485,0.5723684210526315,0.5357142857142857,0.0,0.019670458599434903,0.00849789722309908,39782570.256,0.6197183098591549,604047804.132,8767224010.95815,637484504.19,9334940849.93543,0.024931506849315072,-0.0007284382284382,0.0276771969281865,0.032377228999036,1.0,4,6
0.12098765432098765,0.0,0.0,0.2857142857142857,0.0,0.625,1,0.4685714285714286,0.9860604049120478,0.0,0.9966367713004485,0.5789473684210527,0.55,0.0,0.019638258608678377,0.008774567249072034,41004055.0,0.6197183098591549,637484504.19,9334940849.93543,686448883.928,10381252161.518972,0.03210958904109589,0.0294718412605777,0.0384043685894882,0.0560427392312175,1.0,4,5
0.12098765432098765,0.0,0.16666666666666666,0.42857142857142855,0.25,0.125,1,0.46285714285714286,0.9837371390640558,0.0,0.9988789237668162,0.5921052631578947,0.5571428571428572,0.0,0.020939138235241996,0.009356019534399893,46268367.351,0.6619718309859155,686448883.928,10381252161.518972,727119295.82,10684681554.893536,0.0,0.0358225406448058,0.0592475460944386,0.029228592914765,1.0,4,5
0.12098765432098765,0.5,0.16666666666666666,0.7857142857142857,0.0,0.125,1,0.5257142857142857,0.9870560902754729,0.5,0.9988789237668162,0.5921052631578947,0.5785714285714286,0.0,0.020939138235241996,0.009356019534399893,46268367.351,0.5070422535211268,686448883.928,10381252161.518972,869287812.533,12402988214.360376,0.07819178082191781,0.0135712317442821,0.0665886903183375,0.0486871916168151,1.0,4,5
0.12098765432098765,0.5,0.0,0.2857142857142857,0.0,0.625,1,0.5828571428571429,0.9980086292731497,0.5,0.9966367713004485,0.618421052631579,0.5857142857142857,0.0,0.022207817871049085,0.010642782447971798,55423409.218,0.4225352112676056,869287812.533,12402988214.360376,917164941.479,12754499113.88668,0.024876712328767123,-0.003659174072138,0.0275381342380102,0.0141704117367182,1.0,4,6
0.12098765432098765,0.0,0.0,0.2857142857142857,0.25,0.625,1,0.56,0.9920345170925987,0.0,0.9966367713004485,0.625,0.6142857142857143,0.0,0.022027497922812545,0.010992774751400319,56811536.046,0.49295774647887325,917164941.479,12754499113.88668,1127021110.899,15291081770.15114,0.08005479452054795,0.0177461822011585,0.0457619256753513,0.039775496216903,1.0,4,5
0.12098765432098765,0.0,0.0,0.2857142857142857,0.0,0.625,1,0.5771428571428572,0.9857285097909061,0.0,0.9966367713004485,0.6513157894736842,0.6428571428571429,0.0,0.02419777729980234,0.012513145989156371,70335874.475,0.5070422535211268,1127021110.899,15291081770.15114,1383196801.941,19030818060.72169,0.08005479452054795,0.0119951632406287,0.0454606730192754,0.0489139532020642,1.0,4,5
0.12098765432098765,0.0,0.0,0.2857142857142857,0.0,0.625,1,0.5714285714285714,0.9933620975771656,0.0,0.9966367713004485,0.6776315789473685,0.6714285714285714,0.0,0.02579489684132599,0.014137443192307215,84161191.356,0.5774647887323944,1383196801.941,19030818060.72169,1754182512.501,23271103735.64346,0.08005479452054795,0.0250513347022587,0.0536417825777801,0.0445623058493048,1.0,4,5
0.12098765432098765,0.0,0.0,0.2857142857142857,0.0,0.625,1,0.6571428571428571,0.9943577829405907,0.0,0.9966367713004485,0.7039473684210527,0.7,0.0,0.029330455826392453,0.015788477215497268,105691073.256,0.4225352112676056,1754182512.501,23271103735.64346,2289146958.1499996,27746656042.65312,0.08005479452054795,0.033860502838605,0.0609930200348744,0.0384644609714375,1.0,4,5
0.12098765432098765,0.0,0.0,0.2857142857142857,0.0,0.625,1,0.6,0.997676734152008,0.0,0.9966367713004485,0.7302631578947368,0.7285714285714285,0.0,0.03470785428273215,0.017395355727580684,136089666.0,0.6197183098591549,2289146958.1499996,27746656042.65312,2740771000.139,32088474953.570343,0.08005479452054795,0.0234437315762094,0.039457846109975,0.0312961598272802,1.0,4,5
0.12098765432098765,0.0,0.0,0.2857142857142857,0.0,0.625,1,0.6171428571428571,0.9970129439097245,0.0,0.9966367713004485,0.756578947368421,0.7571428571428571,0.0,0.03906129303301436,0.018860437720360845,164779725.0,0.6338028169014085,2740771000.139,32088474953.570343,3079731264.3409996,36196627164.43434,0.08005479452054795,0.0079155672823219,0.0247346651131969,0.0256051570964852,1.0,4,5
0.12098765432098765,0.0,0.0,0.2857142857142857,0.0,0.625,1,0.6571428571428571,0.07368071689346167,0.0,0.9966367713004485,0.7828947368421053,0.7857142857142857,0.0,0.04070349256159714,0.02052857103636901,186378548.0,0.5915492957746479,3079731264.3409996,36196627164.43434,3340983614.9059997,41482688664.595215,0.08005479452054795,0.0111376530307554,0.0169659186559514,0.0292074809962116,1.0,4,5
0.12098765432098765,0.0,0.0,0.2857142857142857,0.0,0.625,1,0.6457142857142857,0.9943577829405907,0.0,0.9966367713004485,0.8092105263157895,0.8142857142857143,0.0,0.04310561187203392,0.022436067773554714,214958400.0,0.676056338028169,3340983614.9059997,41482688664.595215,3546778466.365,46715156894.540726,0.08005479452054795,0.0175929854334606,0.0123194169849163,0.0252272376665466,1.0,4,5
0.12098765432098765,0.0,0.0,0.2857142857142857,0.0,0.625,1,0.7942857142857143,0.07368071689346167,0.0,0.9966367713004485,0.8355263157894737,0.8428571428571429,0.0,0.04711129072214565,0.024330966435941598,253538201.0,0.36619718309859156,3546778466.365,46715156894.540726,4224740380.411421,50046959415.1475,0.08005479452054795,0.0196245220371523,0.0382297299070525,0.0142643319303338,1.0,4,5
0.12098765432098765,0.0,0.0,0.2857142857142857,0.0,0.625,1,0.8114285714285714,0.07368071689346167,0.0,0.9966367713004485,0.8618421052631579,0.8714285714285714,0.0,0.05197256995326925,0.026280162800711382,300636176.52699554,0.38028169014084506,4224740380.411421,50046959415.1475,4912475625.137914,57448919778.54096,0.08005479452054795,0.0098345443605736,0.0325575151512396,0.0295800602070268,1.0,4,5
0.12098765432098765,0.0,0.0,0.2857142857142857,0.0,0.625,1,0.8342857142857143,0.07368071689346167,0.0,0.9966367713004485,0.8881578947368421,0.9,0.0,0.054647771807634145,0.027947888531946647,335365602.1584882,0.38028169014084506,4912475625.137914,57448919778.54096,5340359249.454948,67072928019.09664,0.08005479452054795,-0.0052513162928082,0.0174202848815162,0.0335045751170087,1.0,4,6
0.12098765432098765,0.0,0.0,0.2857142857142857,0.0,0.625,1,0.8228571428571428,0.07368071689346167,0.0,0.9966367713004485,0.9144736842105263,0.9571428571428572,0.0,0.053149062236535705,0.029489826191631832,344517703.84419143,0.4647887323943662,5340359249.454948,67072928019.09664,7742585828.810348,95439312780.60912,0.16005479452054794,0.0370941919013261,0.0562281128278162,0.0528648174443722,1.0,4,5
0.12098765432098765,0.0,1.0,1.0,0.0,0.875,1,0.8171428571428572,0.07368071689346167,0.0,0.0,0.9671052631578947,0.9928571428571429,0.0,0.06964282471244941,0.03234475002811427,489870186.5333139,0.5915492957746479,7742585828.810348,95439312780.60912,8738737945.986675,113181872475.00755,0.10805479452054796,0.0304631568765358,0.0214431401257364,0.0309840169238995,1.0,4,5
0.12222222222222222,0.5,0.0,0.2857142857142857,0.0,0.625,1,0.12,0.9618320610687023,0.5,0.9966367713004485,0.046052631578947366,0.007142857142857143,0.0,0.008960741673814636,0.0011327232887538674,2924157.0,0.3380281690140845,40419451.0,1829723623.570818,20893667.0,1017661045.702806,0.1364931506849315,0.0140515222482435,-0.069011271684163,-0.0634024385983669,1.0,4,5
0.12222222222222222,0.0,0.0,0.2857142857142857,0.0,0.5,1,0.0,0.9568536342515765,0.0,0.9966367713004485,0.09210526315789473,0.014285714285714285,0.0,0.010081301352141712,0.0012779716805520016,3592607.0,0.7323943661971831,20893667.0,1017661045.702806,22323399.0,1038709456.9097269,0.0004931506849315066,0.0689655172413792,0.0684289646235867,0.020683125580762,1.0,4,5
0.12222222222222222,0.0,0.5,0.2857142857142857,0.0,0.0,1,0.09714285714285714,0.9548622635247261,0.0,0.9977578475336323,0.09210526315789473,0.014285714285714285,0.0,0.010081301352141712,0.0012779716805520016,3592607.0,0.49295774647887325,20893667.0,1017661045.702806,22323399.0,1038709456.9097269,0.034410958904109584,0.0344827586206896,0.0342144823117933,0.010341562790381,1.0,4,5
0.12222222222222222,0.0,0.16666666666666666,0.9285714285714286,0.25,0.125,1,0.0,0.9568536342515765,0.0,0.9988789237668162,0.09868421052631579,0.02142857142857143,0.0,0.010944261104416587,0.0013031678301496372,3910991.0,0.7464788732394366,22323399.0,1038709456.9097269,23114604.0,1058886143.5363892,0.0023013698630136976,-0.0182956186807895,0.035442855274862,0.0194247645406928,1.0,4,6
0.12222222222222222,0.0,0.0,0.2857142857142857,0.25,0.625,1,0.12,0.9618320610687023,0.0,0.9966367713004485,0.10526315789473684,0.05714285714285714,0.0,0.010699541174666994,0.0013283639797472726,3908763.0,0.4647887323943662,23114604.0,1058886143.5363892,27893233.0,1488902516.1597185,0.1033972602739726,0.0250940003269576,0.0344560593236495,0.0676837598401896,1.0,4,5
0.12222222222222222,0.0,0.0,0.2857142857142857,0.0,0.625,1,0.18857142857142858,0.9615001659475606,0.0,0.9966367713004485,0.13815789473684212,0.07142857142857142,0.0,0.01267662060711764,0.0014513804748416109,4886718.0,0.36619718309859156,27893233.0,1488902516.1597185,28392644.0,1592248032.1179185,0.04,-0.0080988917306052,0.0089521892281184,0.0347052660723402,1.0,4,6
0.12222222222222222,0.0,0.0,0.2857142857142857,0.0,0.5,1,0.17142857142857143,0.9674742781281115,0.0,0.9966367713004485,0.1513157894736842,0.07857142857142857,0.0,0.012431900677368048,0.0014854693831207648,4913732.0,0.43661971830985913,28392644.0,1592248032.1179185,27987724.0,1991721219.403796,0.007726027397260274,0.0333622183708839,-0.0142614403928003,0.2508862810491412,1.0,4,5
0.12222222222222222,0.0,0.0,0.2857142857142857,0.5,0.625,1,0.12,0.9618320610687023,0.0,0.9966367713004485,0.1513157894736842,0.07857142857142857,0.0,0.012431900677368048,0.0014854693831207648,4913732.0,0.5633802816901409,28392644.0,1592248032.1179185,27987724.0,1991721219.403796,0.017917808219178082,0.0333622183708839,-0.0142614403928003,0.2508862810491412,1.0,4,5
0.12222222222222222,0.0,0.0,0.2857142857142857,0.0,0.625,1,0.12571428571428572,0.9615001659475606,0.0,0.9966367713004485,0.15789473684210525,0.08571428571428572,0.0,0.012927780535018536,0.0014988085211430425,5120595.0,0.5633802816901409,27987724.0,1991721219.403796,28109690.0,1669655927.7811909,0.01819178082191781,0.0,0.0043578391726315,-0.1617019934742738,1.0,4,6
0.12222222222222222,0.0,0.0,0.2857142857142857,0.0,0.625,1,0.10285714285714286,0.9638234317955526,0.0,0.9966367713004485,0.16447368421052633,0.1,0.0,0.012927780535018536,0.001518076164952999,5182605.0,0.6338028169014085,28109690.0,1669655927.7811909,69483632.0,2439288281.1040273,0.03408219178082192,0.060377358490566,0.7359373582561743,0.2304763336316849,1.0,4,5
0.12222222222222222,0.0,0.16666666666666666,0.9285714285714286,0.0,0.125,1,0.2,0.962163956189844,0.0,0.9988789237668162,0.17763157894736842,0.11428571428571428,0.0,0.014782500002594384,0.0015558703893494524,5944752.0,0.4225352112676056,69483632.0,2439288281.1040273,30778633.0,1831626029.2905164,0.044986301369863015,-0.0502556428482354,-0.1856792162697156,-0.0830381900765581,1.0,4,6
0.12222222222222222,0.5,0.16666666666666666,0.9285714285714286,0.0,0.125,1,0.08571428571428572,0.964487222037836,0.5,0.9988789237668162,0.19078947368421054,0.12142857142857143,0.0,0.012187180747618457,0.0016010752459805044,5186950.0,0.7323943661971831,30778633.0,1831626029.2905164,29470132.0,1828684347.56283,0.004219178082191781,0.0,-0.0425132916072004,-0.0016060493139125,1.0,4,6
0.12222222222222222,0.0,0.16666666666666666,0.9285714285714286,0.0,0.125,1,0.26285714285714284,0.9784268171257883,0.0,0.9988789237668162,0.19078947368421054,0.12142857142857143,0.0,0.012187180747618457,0.0016010752459805044,5186950.0,0.29577464788732394,30778633.0,1831626029.2905164,29470132.0,1828684347.56283,0.0018630136986301361,0.0,-0.0425132916072004,-0.0016060493139125,1.0,4,6
0.12222222222222222,0.5,0.0,0.2857142857142857,0.25,0.625,1,0.18857142857142858,0.9615001659475606,0.5,0.9966367713004485,0.19078947368421054,0.12857142857142856,0.0,0.012187180747618457,0.0016010752459805044,5186950.0,0.4788732394366197,30778633.0,1831626029.2905164,29888966.0,1864405397.3313825,0.027890410958904113,-0.0083700440528634,-0.0144526724107597,0.0089481606825502,1.0,4,6
0.12222222222222222,0.0,0.0,0.2857142857142857,0.0,0.625,1,0.12571428571428572,0.9661466976435447,0.0,0.9966367713004485,0.20394736842105263,0.1357142857142857,0.0,0.011942460817868867,0.0016462801026115564,5236272.0,0.6619718309859155,29888966.0,1864405397.3313825,56508304.0,1958952104.1774433,0.0007671232876712325,0.0855734767025089,0.890607523860143,0.0507114530892209,1.0,4,5
0.12222222222222222,0.0,0.0,0.2857142857142857,0.5,0.0,1,0.18857142857142858,0.9615001659475606,0.0,0.9966367713004485,0.20394736842105263,0.15714285714285714,0.0,0.011942460817868867,0.0016462801026115564,5236272.0,0.5070422535211268,29888966.0,1864405397.3313825,64064436.0,2145898307.1412191,0.07715068493150684,-0.0109767025089605,0.2858535654930317,0.0377456681648679,1.0,4,6
0.12222222222222222,0.0,0.0,0.2857142857142857,0.25,0.625,1,0.12571428571428572,0.9661466976435447,0.0,0.9966367713004485,0.23026315789473684,0.16428571428571428,0.0,0.011311340999040973,0.0017418772584378796,5281650.0,0.7183098591549296,64064436.0,2145898307.1412191,62175177.0,2208935645.8065176,0.00043835616438356144,-0.1527647610121837,-0.0294899809935109,0.0293757343745133,1.0,5,6
0.12222222222222222,0.5,0.16666666666666666,0.9285714285714286,0.0,0.125,1,0.17714285714285713,0.970461334218387,0.5,0.9988789237668162,0.23026315789473684,0.16428571428571428,0.0,0.011311340999040973,0.0017418772584378796,5281650.0,0.5915492957746479,64064436.0,2145898307.1412191,62175177.0,2208935645.8065176,0.03282191780821918,-0.0763823805060918,-0.0147449904967554,0.0146878671872566,1.0,4,6
0.12222222222222222,0.5,0.16666666666666666,0.9285714285714286,0.0,0.125,1,0.2857142857142857,0.9701294390972452,0.5,0.9988789237668162,0.23684210526315788,0.22857142857142856,0.0,0.009211901601715533,0.001767073408035515,4536272.0,0.3380281690140845,62175177.0,2208935645.8065176,133316053.0,2760330548.1963253,0.1828493150684931,-0.0063606194690265,0.1144200618841825,0.0249620174963714,1.0,4,6
0.12222222222222222,0.5,0.5,0.2857142857142857,0.0,0.0,1,0.28,0.9737802854298042,0.5,0.9977578475336323,0.29605263157894735,0.42142857142857143,0.0,0.008471301814315454,0.001953821340347402,4674373.0,0.4788732394366197,133316053.0,2760330548.1963253,294207804.0,5630779125.9489,0.5402739726027398,0.0420467721117455,0.0446979460211047,0.0385145577425863,1.0,4,5
0.12222222222222222,0.0,0.0,0.2857142857142857,0.0,0.625,1,0.42857142857142855,0.9863923000331896,0.0,0.9966367713004485,0.47368421052631576,0.4642857142857143,0.0,0.020848978261123724,0.0024755298496631495,12525975.0,0.49295774647887325,294207804.0,5630779125.9489,376295581.0,5616296626.636931,0.10657534246575343,0.0470262793914246,0.0465021524944548,-0.0004286706744018,1.0,4,5
0.12222222222222222,0.0,0.16666666666666666,0.42857142857142855,0.0,0.125,1,0.5085714285714286,0.9797543976103551,0.0,0.9988789237668162,0.5131578947368421,0.4928571428571429,0.0,0.02741777637545486,0.0027667676964828777,17881830.0,0.38028169014084506,376295581.0,5616296626.636931,434131070.0,5516514526.341848,0.08915068493150685,0.0506148867313915,0.0307393931368011,-0.0035533059212662,1.0,4,5
0.12222222222222222,0.5,0.0,0.2857142857142857,0.0,0.125,1,0.5714285714285714,0.9890474610023232,0.5,0.9966367713004485,0.5394736842105263,0.5142857142857142,0.0,0.03497189420693566,0.0030372557730457303,24527184.0,0.28169014084507044,434131070.0,5516514526.341848,529832059.0,6499684837.63634,0.04657534246575343,0.1092745638200183,0.0734808721860581,0.0594076994691585,1.0,3,5
0.12222222222222222,0.0,0.16666666666666666,0.42857142857142855,0.0,0.125,1,0.4342857142857143,0.9850647195486226,0.0,0.9988789237668162,0.5592105263157895,0.5214285714285715,0.0,0.04723365068702044,0.0033581361488038536,35907072.0,0.6619718309859155,529832059.0,6499684837.63634,549177110.0,6839178858.225641,0.015506849315068493,0.0150414937759335,0.0365116656710273,0.0522323818877286,1.0,4,5
0.12222222222222222,0.5,0.16666666666666666,0.7142857142857143,0.0,0.0,1,0.5771428571428572,0.97875871224693,0.5,0.9988789237668162,0.5592105263157895,0.5285714285714286,0.0,0.04723365068702044,0.0033581361488038536,35907072.0,0.30985915492957744,529832059.0,6499684837.63634,604047804.132,8767224010.95815,0.039397260273972605,0.0486255186721992,0.0700370465238306,0.1744345479792847,1.0,4,5
0.12222222222222222,0.0,0.16666666666666666,0.21428571428571427,0.0,0.125,1,0.6057142857142858,0.9956853634251577,0.0,0.9988789237668162,0.5723684210526315,0.5857142857142857,0.0,0.05206364930049922,0.0036197359130645283,42386208.772,0.2676056338028169,604047804.132,8767224010.95815,917164941.479,12754499113.88668,0.14400000000000002,0.046575868588986,0.0647956037595693,0.0568491676776028,1.0,4,5
0.12222222222222222,0.5,0.0,0.2857142857142857,0.0,0.625,1,0.5885714285714285,0.996349153667441,0.5,0.9966367713004485,0.625,0.5928571428571429,0.0,0.07236896347156399,0.005082053740021183,81099135.74,0.4225352112676056,917164941.479,12754499113.88668,942740965.706,13330790435.611374,0.016164383561643837,0.0398622470942746,0.0278859592973064,0.0451833754174828,1.0,4,5
0.12222222222222222,0.0,0.0,0.2857142857142857,0.0,0.625,1,0.5885714285714285,0.991702621971457,0.0,0.9966367713004485,0.625,0.5928571428571429,0.0,0.07236896347156399,0.005082053740021183,81099135.74,0.4225352112676056,917164941.479,12754499113.88668,942740965.706,13330790435.611374,0.004986301369863014,0.0398622470942746,0.0278859592973064,0.0451833754174828,1.0,4,5
0.12222222222222222,0.0,0.0,0.2857142857142857,0.25,0.125,1,0.5714285714285714,0.9890474610023232,0.0,0.9966367713004485,0.631578947368421,0.6285714285714286,0.0,0.07535068261561821,0.005293561335692087,87779123.586,0.4788732394366197,942740965.706,13330790435.611374,1249245419.046,17168846684.352207,0.10153424657534248,0.0267842358006292,0.0541867569300023,0.0479848546525792,1.0,4,5
0.12222222222222222,0.0,0.0,0.2857142857142857,0.0,0.625,1,0.5542857142857143,0.9860604049120478,0.0,0.9966367713004485,0.6644736842105263,0.6642857142857143,0.0,0.08785071902730128,0.006393574093762437,122695101.102,0.5915492957746479,1249245419.046,17168846684.352207,1636456669.4099998,22012539042.75697,0.10005479452054795,0.0090734003851915,0.0619912219745737,0.0564242018984225,1.0,4,5
0.12222222222222222,0.0,0.0,0.2857142857142857,0.0,0.625,1,0.6171428571428571,0.9983405243942914,0.0,0.9966367713004485,0.6973684210526315,0.7,0.0,0.09194655785153129,0.007606340362345428,152244639.9,0.5070422535211268,1636456669.4099998,22012539042.75697,2289146958.1499996,27746656042.65312,0.10010958904109589,0.0146480154668486,0.0664739353161239,0.0434155353361573,1.0,4,5
0.12222222222222222,0.0,0.0,0.2857142857142857,0.0,0.625,1,0.6514285714285715,0.07368071689346167,0.0,0.9966367713004485,0.7302631578947368,0.7357142857142858,0.0,0.10024127547041216,0.009008418641993476,195788999.966,0.49295774647887325,2289146958.1499996,27746656042.65312,2914837745.91,33220383789.58506,0.10005479452054795,0.0149532710280373,0.0546658470774335,0.0394550445179234,1.0,4,5
0.12222222222222222,0.0,0.0,0.2857142857142857,0.0,0.625,1,0.6685714285714286,0.997676734152008,0.0,0.9966367713004485,0.7631578947368421,0.7714285714285715,0.0,0.10791775326676775,0.010545795057538266,245974929.795,0.5211267605633803,2914837745.91,33220383789.58506,3118518835.234,38795331361.618996,0.09797260273972602,-0.0412955938138313,0.0139754667037503,0.0335634146031855,1.0,4,6
0.12222222222222222,0.0,0.0,0.2857142857142857,0.0,0.625,1,0.6628571428571428,0.07368071689346167,0.0,0.9966367713004485,0.7960526315789473,0.8071428571428572,0.0,0.08513303980745056,0.012168284066423866,224955892.828,0.6056338028169014,3118518835.234,38795331361.618996,3526756992.264,46016341267.83971,0.10010958904109589,-0.0103821921502292,0.0218179515446883,0.0310218165123712,1.0,4,6
0.12222222222222222,0.0,0.0,0.2857142857142857,0.25,0.25,1,0.6514285714285715,0.9986724195154332,0.0,0.9966367713004485,0.8289473684210527,0.8357142857142857,0.0,0.07967836137329519,0.013877322590240567,240346705.50000003,0.704225352112676,3526756992.264,46016341267.83971,4007569260.147198,48709321632.52854,0.09156164383561644,0.0304925809917863,0.0272665380085936,0.0117044523336362,1.0,4,5
0.12222222222222222,0.0,0.0,0.2857142857142857,0.0,0.625,1,0.6171428571428571,0.07368071689346167,0.0,0.9966367713004485,0.8552631578947368,0.8428571428571429,0.0,0.09219708690579118,0.015202371794189302,303263917.63046503,0.8450704225352113,4007569260.147198,48709321632.52854,4224740380.411421,50046959415.1475,0.008493150684931507,-0.0384257402238037,0.0541902350693861,0.0274616385075185,1.0,4,6
0.12222222222222222,0.0,0.0,0.2857142857142857,0.25,0.625,1,0.6171428571428571,0.07368071689346167,0.0,0.9966367713004485,0.8618421052631579,0.8785714285714286,0.0,0.08856090898649763,0.015523244759315193,297728613.1830125,0.8591549295774648,4224740380.411421,50046959415.1475,4960253908.381425,59628765673.01684,0.10005479452054795,-0.0065083774575171,0.0348193480186527,0.0382912623257957,1.0,4,6
0.12222222222222222,0.0,0.5,0.2857142857142857,0.0,0.0,1,0.8342857142857143,0.07368071689346167,0.0,0.9977578475336323,0.8947368421052632,0.9714285714285714,0.0,0.08559984052509881,0.01709169766113577,316971289.6806628,0.39436619718309857,4960253908.381425,59628765673.01684,8384594258.468367,102883604981.64182,0.2619178082191781,0.0251706302544588,0.0493111328189524,0.0518144446613225,1.0,4,5
0.12222222222222222,0.0,1.0,1.0,0.0,0.875,1,0.88,0.07368071689346167,0.0,0.0,0.9802631578947368,0.9928571428571429,0.0,0.11662114159375497,0.0211926377909114,530969901.1439177,0.4647887323943662,8384594258.468367,102883604981.64182,8738737945.986675,113181872475.00755,0.07649315068493151,-0.0291209819130383,0.010559356738122,0.0250240733088701,1.0,4,6
0.1580246913580247,0.0,0.0,0.2857142857142857,0.0,0.125,1,0.32571428571428573,0.972784600066379,0.0,0.9966367713004485,0.25,0.20714285714285716,0.0,0.004787622871768976,0.000960055557687718,1591820.0,0.2676056338028169,97485100.0,2383409478.9599314,118488338.0,2615939534.0905447,0.08,0.0205173951828724,0.0538626877338178,0.0243904852673578,1.0,4,5
0.1580246913580247,0.0,0.16666666666666666,0.9285714285714286,0.0,0.125,1,0.19428571428571428,0.9711251244606705,0.0,0.9988789237668162,0.27631578947368424,0.21428571428571427,0.0,0.005380102701689038,0.0010230459316818068,1825565.0,0.647887323943662,118488338.0,2615939534.0905447,124281783.0,2786976251.5688505,0.007452054794520548,0.019785655399835,0.0488946431166921,0.0653825194540547,1.0,4,5
0.1580246913580247,0.5,0.16666666666666666,0.9285714285714286,0.5,0.0,1,0.19428571428571428,0.972784600066379,0.5,0.9988789237668162,0.28289473684210525,0.25,0.0,0.005534662657320359,0.0010393493225979238,1888899.0,0.6619718309859155,124281783.0,2786976251.5688505,147401920.0,3482522324.7243567,0.11134246575342466,0.0246564268391269,0.0310049958541926,0.041595024521885,1.0,4,5
0.1580246913580247,0.0,0.0,0.2857142857142857,0.0,0.125,1,0.24571428571428572,0.9707932293395287,0.0,0.9966367713004485,0.3157894736842105,0.2571428571428571,0.0,0.00671318231900918,0.001123830530072349,2330220.0,0.6056338028169014,147401920.0,3482522324.7243567,153929329.0,3179188159.666755,0.0010958904109589036,0.0295774647887323,0.0442830663264088,-0.087101858013677,1.0,4,5
0.1580246913580247,0.0,0.5,0.2857142857142857,0.0,0.0,1,0.26857142857142857,0.9658148025224029,0.0,0.9977578475336323,0.3157894736842105,0.2571428571428571,0.0,0.00671318231900918,0.001123830530072349,2330220.0,0.5492957746478874,147401920.0,3482522324.7243567,153929329.0,3179188159.666755,0.006136986301369863,0.0295774647887323,0.0442830663264088,-0.087101858013677,1.0,4,5
0.1580246913580247,0.0,0.0,0.2857142857142857,0.25,0.125,1,0.24571428571428572,0.9707932293395287,0.0,0.9966367713004485,0.3157894736842105,0.2571428571428571,0.0,0.00671318231900918,0.001123830530072349,2330220.0,0.6056338028169014,147401920.0,3482522324.7243567,153929329.0,3179188159.666755,0.00410958904109589,0.0295774647887323,0.0442830663264088,-0.087101858013677,1.0,4,5
0.1580246913580247,0.0,0.0,0.2857142857142857,0.0,0.5,1,0.18857142857142858,0.9737802854298042,0.0,0.9966367713004485,0.3223684210526316,0.2642857142857143,0.0,0.006983662241363991,0.0011416160474353857,2434230.0,0.7605633802816901,153929329.0,3179188159.666755,155476888.0,4396657850.163141,0.008602739726027396,0.0300957592339261,0.0100536980837484,0.3829498693855233,1.0,4,5
0.1580246913580247,0.0,0.0,0.2857142857142857,0.0,0.625,1,0.2914285714285714,0.9790906073680717,0.0,0.9966367713004485,0.3223684210526316,0.2642857142857143,0.0,0.006983662241363991,0.0011416160474353857,2434230.0,0.5070422535211268,153929329.0,3179188159.666755,155476888.0,4396657850.163141,0.001205479452054794,0.0300957592339261,0.0100536980837484,0.3829498693855233,1.0,4,5
0.1580246913580247,0.0,0.0,0.2857142857142857,0.25,0.625,1,0.32571428571428573,0.972784600066379,0.0,0.9966367713004485,0.3223684210526316,0.2857142857142857,0.0,0.006983662241363991,0.0011416160474353857,2434230.0,0.4225352112676056,153929329.0,3179188159.666755,154776992.0,3334816155.24101,0.08005479452054795,0.0165526675786593,0.0011013664588896,0.009790423703048,1.0,4,5
0.1580246913580247,0.0,0.0,0.2857142857142857,0.25,0.625,1,0.2914285714285714,0.9790906073680717,0.0,0.9966367713004485,0.34868421052631576,0.3142857142857143,0.0,0.0077629020176719,0.001190526220183737,2740173.0,0.5633802816901409,154776992.0,3334816155.24101,191513114.0,3564985722.0261664,0.08005479452054795,0.0122552116234996,0.0474697453740411,0.0138040333301984,1.0,4,5
0.1580246913580247,0.0,0.0,0.2857142857142857,0.0,0.625,1,0.2857142857142857,0.9777630268835048,0.0,0.9966367713004485,0.375,0.34285714285714286,0.0,0.008387581838348488,0.0012342489503678693,3007200.0,0.6338028169014085,191513114.0,3564985722.0261664,228277553.0,4177978439.109769,0.08005479452054795,0.0082142857142857,0.0383936517266384,0.0343896309764296,1.0,4,5
0.1580246913580247,0.0,0.16666666666666666,0.42857142857142855,0.0,0.125,1,0.3142857142857143,0.9714570195818122,0.0,0.9988789237668162,0.40131578947368424,0.35,0.0,0.008831941710788535,0.0012787127437754616,3235650.0,0.6197183098591549,228277553.0,4177978439.109769,235026569.0,4389125672.035584,0.01704109589041096,0.0091480846197826,0.0295649568313007,0.050538133693865,1.0,4,5
0.1580246913580247,0.5,0.16666666666666666,0.42857142857142855,0.0,0.125,1,0.4057142857142857,0.9880517756388981,0.5,0.9988789237668162,0.40789473684210525,0.39285714285714285,0.0,0.008934981681209415,0.0012898286921273596,3291725.0,0.4084507042253521,235026569.0,4389125672.035584,251610514.0,5274746126.337196,0.12257534246575343,0.0132739781464993,0.0100802858590851,0.0288251504310873,1.0,4,5
0.1580246913580247,0.5,0.16666666666666666,0.42857142857142855,0.0,0.125,1,0.49714285714285716,0.9887155658811816,0.5,0.9988789237668162,0.4473684210526316,0.4,0.0,0.009991141378023441,0.0013861669111771425,3848355.0,0.2676056338028169,251610514.0,5274746126.337196,238034537.0,5018502854.988797,0.0028493150684931494,-0.0202177293934681,-0.0539563183754714,-0.0485792614869098,1.0,4,6
0.1580246913580247,0.5,0.16666666666666666,0.42857142857142855,0.5,0.25,1,0.2914285714285714,0.9790906073680717,0.5,0.9988789237668162,0.4473684210526316,0.4,0.0,0.009991141378023441,0.0013861669111771425,3848355.0,0.7746478873239436,251610514.0,5274746126.337196,238034537.0,5018502854.988797,0.01736986301369863,-0.0202177293934681,-0.0539563183754714,-0.0485792614869098,1.0,4,6
0.1580246913580247,0.0,0.0,0.2857142857142857,0.0,0.625,1,0.48,0.9761035512777962,0.0,0.9966367713004485,0.45394736842105265,0.40714285714285714,0.0,0.009739981450122545,0.0014269253884674352,3874500.0,0.323943661971831,238034537.0,5018502854.988797,257259548.0,5044728874.113239,0.00032876712328767113,0.0,0.0807656369630092,0.0052258651399135,1.0,4,6
0.1580246913580247,0.0,0.0,0.2857142857142857,0.0,0.5,1,0.4,0.9757716561566545,0.0,0.9966367713004485,0.45394736842105265,0.40714285714285714,0.0,0.009739981450122545,0.0014269253884674352,3874500.0,0.5211267605633803,238034537.0,5018502854.988797,257259548.0,5044728874.113239,0.0052054794520547945,0.0,0.0807656369630092,0.0052258651399135,1.0,4,6
0.1580246913580247,0.0,0.0,0.2857142857142857,0.0,0.5,1,0.38285714285714284,0.9804181878526386,0.0,0.9966367713004485,0.45394736842105265,0.40714285714285714,0.0,0.009739981450122545,0.0014269253884674352,3874500.0,0.5633802816901409,238034537.0,5018502854.988797,257259548.0,5044728874.113239,0.017315068493150686,0.0,0.0807656369630092,0.0052258651399135,1.0,4,6
0.1580246913580247,0.5,0.0,0.2857142857142857,0.0,0.625,1,0.38857142857142857,0.97875871224693,0.5,0.9966367713004485,0.4605263157894737,0.4142857142857143,0.0,0.009739981450122545,0.0014602732335231294,3959550.0,0.5633802816901409,257259548.0,5044728874.113239,276350304.0,5285216561.450975,0.01726027397260274,0.0,0.0742081533937857,0.0476710826961952,1.0,4,6
0.1580246913580247,0.0,0.16666666666666666,0.42857142857142855,0.0,0.25,1,0.4857142857142857,0.9883836707600399,0.0,0.9988789237668162,0.46710526315789475,0.42142857142857143,0.0,0.009739981450122545,0.0014936210785788235,4044600.0,0.3380281690140845,276350304.0,5285216561.450975,294207804.0,5630779125.9489,0.019397260273972605,0.0,0.0646190713074084,0.065382858106207,1.0,4,6
0.1580246913580247,0.5,0.16666666666666666,0.7857142857142857,0.0,0.5,1,0.5085714285714286,0.9887155658811816,0.5,0.9988789237668162,0.47368421052631576,0.42857142857142855,0.0,0.009739981450122545,0.001535120619092576,4150440.0,0.29577464788732394,294207804.0,5630779125.9489,310140444.0,5983416185.986538,0.0019726027397260265,0.0095238095238094,0.0541543758642106,0.0626266902234797,1.0,4,5
0.1580246913580247,0.5,0.16666666666666666,0.7857142857142857,0.0,0.125,1,0.38857142857142857,0.9867241951543312,0.5,0.9988789237668162,0.47368421052631576,0.4357142857142857,0.0,0.009739981450122545,0.001535120619092576,4150440.0,0.5915492957746479,294207804.0,5630779125.9489,325433436.0,6283610123.956657,0.041534246575342465,0.0065255731922398,0.0353782049914624,0.0386465758648596,1.0,4,5
0.1580246913580247,0.5,0.0,0.2857142857142857,0.0,0.625,1,0.49714285714285716,0.9827414537006306,0.5,0.9966367713004485,0.4868421052631579,0.44285714285714284,0.0,0.00997826138172083,0.0016107090678854827,4428246.0,0.352112676056338,325433436.0,6283610123.956657,336590382.0,6269649368.577917,0.015945205479452055,0.0108977685521536,0.0342833426618154,-0.0022217730099953,1.0,4,5
0.1580246913580247,0.0,0.0,0.2857142857142857,0.0,0.625,1,0.42857142857142855,0.9870560902754729,0.0,0.9966367713004485,0.4934210526315789,0.45,0.0,0.010113501342898236,0.0016529496716226953,4587540.0,0.5352112676056338,336590382.0,6269649368.577917,350268792.0,5943149740.776493,0.006246575342465753,0.0097535934291581,0.0406381487157287,-0.052076218079717,1.0,4,5
0.1580246913580247,0.0,0.5,0.2857142857142857,0.0,0.0,1,0.42857142857142855,0.975107865914371,0.0,0.9977578475336323,0.4934210526315789,0.45,0.0,0.010113501342898236,0.0016529496716226953,4587540.0,0.5352112676056338,336590382.0,6269649368.577917,350268792.0,5943149740.776493,0.01923287671232877,0.0097535934291581,0.0406381487157287,-0.052076218079717,1.0,4,5
0.1580246913580247,0.0,0.0,0.2857142857142857,0.0,0.625,1,0.4857142857142857,0.9850647195486226,0.0,0.9966367713004485,0.5,0.45714285714285713,0.0,0.010235861307773032,0.0016951902753599077,4744404.0,0.4084507042253521,350268792.0,5943149740.776493,358293969.0,6033654014.749514,0.0011506849315068488,0.0421962379257752,0.0229114816486419,0.0152283347922503,1.0,4,5
0.1580246913580247,0.0,0.0,0.2857142857142857,0.0,0.625,1,0.48,0.9897112512446067,0.0,0.9966367713004485,0.5,0.45714285714285713,0.0,0.010235861307773032,0.0016951902753599077,4744404.0,0.4225352112676056,350268792.0,5943149740.776493,358293969.0,6033654014.749514,0.013315068493150685,0.0421962379257752,0.0229114816486419,0.0152283347922503,1.0,4,5
0.1580246913580247,0.0,0.0,0.2857142857142857,0.0,0.625,1,0.4114285714285714,0.9794225024892134,0.0,0.9966367713004485,0.506578947368421,0.4642857142857143,0.0,0.01077038115433135,0.0017352076894267406,5055300.0,0.6056338028169014,358293969.0,6033654014.749514,376295581.0,5616296626.636931,0.0011506849315068488,-0.0165853658536585,0.0502425760898028,-0.0691715811169044,1.0,4,6
0.1580246913580247,0.0,0.16666666666666666,0.42857142857142855,0.25,0.125,1,0.4857142857142857,0.9794225024892134,0.0,0.9988789237668162,0.506578947368421,0.4857142857142857,0.0,0.01077038115433135,0.0017352076894267406,5055300.0,0.4225352112676056,358293969.0,6033654014.749514,415891044.0,5921553827.78953,0.07484931506849316,0.0219512195121951,0.0401884206708486,-0.0046447884932559,1.0,4,5
0.1580246913580247,0.5,0.0,0.2857142857142857,0.25,0.125,1,0.49714285714285716,0.9887155658811816,0.5,0.9966367713004485,0.5328947368421053,0.4928571428571429,0.0,0.011929580821566256,0.0019175092423978685,6047760.0,0.4507042253521127,415891044.0,5921553827.78953,434131070.0,5516514526.341848,5.479452054794518e-05,-0.02152466367713,0.0438577032690321,-0.0684008476874522,1.0,4,6
0.1580246913580247,0.5,0.16666666666666666,0.42857142857142855,0.25,0.125,1,0.4857142857142857,0.9883836707600399,0.5,0.9988789237668162,0.5328947368421053,0.5071428571428571,0.0,0.011929580821566256,0.0019175092423978685,6047760.0,0.4788732394366197,415891044.0,5921553827.78953,495900627.0,5916422135.694958,0.0646027397260274,0.0382286995515694,0.0480952788923245,-0.0002166531050722,1.0,4,5
0.1580246913580247,0.5,0.16666666666666666,0.42857142857142855,0.0,0.125,1,0.5371428571428571,0.994025887819449,0.5,0.9988789237668162,0.5526315789473685,0.5142857142857142,0.0,0.014125620191161271,0.002083507404452879,7548456.0,0.39436619718309857,495900627.0,5916422135.694958,529832059.0,6499684837.63634,0.0005479452054794518,0.1061843640606767,0.0684238537976278,0.0985836859784634,1.0,3,5
0.1580246913580247,0.5,0.0,0.2857142857142857,0.0,0.625,1,0.5085714285714286,0.9887155658811816,0.5,0.9966367713004485,0.5526315789473685,0.5142857142857142,0.0,0.014125620191161271,0.002083507404452879,7548456.0,0.4647887323943662,495900627.0,5916422135.694958,529832059.0,6499684837.63634,0.0007671232876712325,0.1061843640606767,0.0684238537976278,0.0985836859784634,1.0,3,5
0.1580246913580247,0.0,0.0,0.2857142857142857,0.0,0.625,1,0.49142857142857144,0.9794225024892134,0.0,0.9966367713004485,0.5526315789473685,0.5142857142857142,0.0,0.014125620191161271,0.002083507404452879,7548456.0,0.5070422535211268,495900627.0,5916422135.694958,529832059.0,6499684837.63634,0.018575342465753427,0.1061843640606767,0.0684238537976278,0.0985836859784634,1.0,3,5
0.1580246913580247,0.0,0.0,0.2857142857142857,0.0,0.625,1,0.56,0.9910388317291736,0.0,0.9966367713004485,0.5592105263157895,0.5428571428571428,0.0,0.015883739686467543,0.0021435335255531283,8580348.0,0.352112676056338,529832059.0,6499684837.63634,659388635.711,9831337731.891596,0.08005479452054795,0.0251758087201125,0.0489047706760228,0.1025173674564453,1.0,4,5
0.1580246913580247,0.0,0.0,0.2857142857142857,0.5,0.125,1,0.4857142857142857,0.9883836707600399,0.0,0.9966367713004485,0.5855263157894737,0.5714285714285714,0.0,0.018189259024634745,0.002537596117817584,11363107.106,0.5915492957746479,659388635.711,9831337731.891596,813934456.329,11951387652.483671,0.08005479452054795,0.0111805121798875,0.0468754880652007,0.043128411990464,1.0,4,5
0.1580246913580247,0.0,0.0,0.2857142857142857,0.0,0.125,1,0.5942857142857143,0.9873879853966147,0.0,0.9966367713004485,0.6118421052631579,0.6,0.0,0.019342018693718346,0.002833898390706437,13350172.647,0.38028169014084506,813934456.329,11951387652.483671,1014324872.635,14025367456.334517,0.08005479452054795,0.0158532978408755,0.0492399393459269,0.0347069288380055,1.0,4,5
0.1580246913580247,0.0,0.16666666666666666,0.42857142857142855,0.75,0.125,1,0.4857142857142857,0.9883836707600399,0.0,0.9988789237668162,0.6381578947368421,0.6071428571428571,0.0,0.021067938198268094,0.003180248368391653,16113823.444,0.704225352112676,1014324872.635,14025367456.334517,1077511563.008,14545646569.21639,0.023671232876712328,-0.0021923814743765,0.0311471660006001,0.0185477890152137,1.0,4,6
0.1580246913580247,0.5,0.16666666666666666,0.42857142857142855,0.0,0.125,1,0.6342857142857142,0.9966810487885828,0.5,0.9988789237668162,0.6447368421052632,0.6214285714285714,0.0,0.020964898227847216,0.0032767651836782897,16516333.701,0.352112676056338,1077511563.008,14545646569.21639,1163421978.836,15991243735.72246,0.03347945205479452,0.0089457748417286,0.0398651943874138,0.0496917465864134,1.0,4,5
0.1580246913580247,0.5,0.16666666666666666,0.21428571428571427,0.0,0.125,1,0.6114285714285714,0.9900431463657484,0.5,0.9988789237668162,0.6578947368421053,0.6428571428571429,0.0,0.02138349810768204,0.0034813594005375374,17832787.742000002,0.43661971830985913,1163421978.836,15991243735.72246,1383196801.941,19030818060.72169,0.054356164383561646,0.0338921939787272,0.0629679305539921,0.0633591394397339,1.0,4,5
0.1580246913580247,0.5,0.0,0.2857142857142857,0.0,0.625,1,0.5485714285714286,0.9890474610023232,0.5,0.9966367713004485,0.6776315789473685,0.65,0.0,0.023804937412572735,0.0038151046338549236,21480731.286,0.6338028169014085,1383196801.941,19030818060.72169,1443948083.726,19784467002.851566,0.012712328767123289,0.0218458517427588,0.0439209241228359,0.039601500036688,1.0,4,5
0.1580246913580247,0.0,0.0,0.2857142857142857,0.0,0.625,1,0.6685714285714286,0.9900431463657484,0.0,0.9966367713004485,0.6776315789473685,0.6571428571428571,0.0,0.023804937412572735,0.0038151046338549236,21480731.286,0.3380281690140845,1383196801.941,19030818060.72169,1532849525.322,20870428352.946007,0.03589041095890411,0.0233186057928326,0.0540966850020896,0.0483324018535268,1.0,4,5
0.1580246913580247,0.0,0.16666666666666666,0.42857142857142855,1.0,0.125,1,0.4857142857142857,0.9883836707600399,0.0,0.9988789237668162,0.6907894736842105,0.6857142857142857,0.0,0.02502853706132069,0.00405542106233783,23865288.2,0.8169014084507042,1532849525.322,20870428352.946007,1991838516.389,25373866516.69958,0.06915068493150685,0.0314845215759849,0.0748587815510758,0.0539452052396169,1.0,4,5
0.1580246913580247,0.5,0.16666666666666666,0.42857142857142855,0.0,0.625,1,0.6571428571428571,0.07368071689346167,0.5,0.9988789237668162,0.7171052631578947,0.7142857142857143,0.0,0.028486816068571494,0.00457544439388343,30239823.451,0.4507042253521127,1991838516.389,25373866516.69958,2505485432.207,29537559377.26344,0.07813698630136985,0.0560299937513018,0.0644689455987111,0.041023437025488,1.0,4,5
0.1580246913580247,0.5,0.0,0.2857142857142857,0.0,0.625,1,0.6742857142857143,0.9920345170925987,0.5,0.9966367713004485,0.743421052631579,0.7357142857142858,0.0,0.03541625407937571,0.0051490540071174136,41566181.499,0.4647887323943662,2505485432.207,29537559377.26344,2914837745.91,33220383789.58506,0.07161643835616438,0.025310532584652,0.0408456090425574,0.0311706898772794,1.0,4,5
0.1580246913580247,0.0,0.5,0.2857142857142857,0.0,0.0,1,0.7542857142857143,0.9890474610023232,0.0,0.9977578475336323,0.7631578947368421,0.75,0.0,0.039248052979402204,0.00561658338416601,49857550.344,0.30985915492957744,2914837745.91,33220383789.58506,3104329192.9090004,35740398961.4584,0.035780821917808216,0.0148331273176761,0.0325046303631975,0.0379287486236595,1.0,4,5
0.1580246913580247,0.0,0.0,0.2857142857142857,0.0,0.625,1,0.7542857142857143,0.07368071689346167,0.0,0.9966367713004485,0.7763157894736842,0.7714285714285715,0.0,0.04048453262445277,0.005940799285492926,54252143.792,0.3380281690140845,3104329192.9090004,35740398961.4584,3118518835.234,38795331361.618996,0.06432876712328767,-0.0123049219687875,0.0011427301554722,0.0213689024810199,1.0,4,6
0.1580246913580247,0.0,0.0,0.2857142857142857,0.0,0.625,1,0.7028571428571428,0.9980086292731497,0.0,0.9966367713004485,0.7960526315789473,0.8,0.0,0.03837221323082472,0.006448243068820294,55920452.544,0.5070422535211268,3118518835.234,38795331361.618996,3484355322.693,44671815935.24714,0.08005479452054795,0.0006628787878788,0.0234621951501889,0.0302948028403328,1.0,4,6
0.1580246913580247,0.0,0.0,0.2857142857142857,0.0,0.625,1,0.7257142857142858,0.07368071689346167,0.0,0.9966367713004485,0.8223684210526315,0.8285714285714286,0.0,0.038507453192002127,0.007165809400653921,62261233.554,0.5070422535211268,3484355322.693,44671815935.24714,3858778563.783289,47778114919.29238,0.08005479452054795,0.0112780978133048,0.0214916796029231,0.0139071981696374,1.0,4,5
0.1580246913580247,0.0,0.0,0.2857142857142857,0.0,0.625,1,0.6457142857142857,0.07368071689346167,0.0,0.9966367713004485,0.8486842105263158,0.8571428571428571,0.0,0.040816027272425975,0.007728786238757702,70873840.23363826,0.7605633802816901,3858778563.783289,47778114919.29238,4492940575.211721,53971480867.83615,0.08005479452054795,0.0082844336176035,0.0328685360378221,0.0259255349818874,1.0,4,5
0.1580246913580247,0.0,0.0,0.2857142857142857,0.0,0.125,1,0.8228571428571428,0.07368071689346167,0.0,0.9966367713004485,0.875,0.8642857142857143,0.0,0.04260743838235805,0.008449596204320411,80612095.91638863,0.38028169014084506,4492940575.211721,53971480867.83615,4764813624.333422,56142944592.630035,0.009863013698630137,0.0268039167017852,0.0605111606909889,0.0402335398228428,1.0,4,5
0.1580246913580247,0.0,0.0,0.2857142857142857,0.0,0.625,1,0.7942857142857143,0.07368071689346167,0.0,0.9966367713004485,0.881578947368421,0.8714285714285714,0.0,0.04381466141904287,0.008646711611128502,84682916.8470017,0.4647887323943662,4764813624.333422,56142944592.630035,4912475625.137914,57448919778.54096,0.00016438356164383557,0.017555602446962,0.0309900895284545,0.0232616082997962,1.0,4,5
0.1580246913580247,0.0,0.0,0.2857142857142857,0.0,0.625,0,0.8457142857142858,0.07368071689346167,0.0,0.9966367713004485,0.881578947368421,0.8714285714285714,0.0,0.04381466141904287,0.008646711611128502,84682916.8470017,0.3380281690140845,4764813624.333422,56142944592.630035,4912475625.137914,57448919778.54096,0.00010958904109589036,0.017555602446962,0.0309900895284545,0.0232616082997962,1.0,4,5
0.1580246913580247,0.0,0.0,0.2857142857142857,0.25,0.625,1,0.7942857142857143,0.07368071689346167,0.0,0.9966367713004485,0.881578947368421,0.8714285714285714,0.0,0.04381466141904287,0.008646711611128502,84682916.8470017,0.4647887323943662,4764813624.333422,56142944592.630035,4912475625.137914,57448919778.54096,0.029863013698630137,0.008777801223481,0.0154950447642272,0.0116308041498981,1.0,4,5
0.1580246913580247,0.0,0.16666666666666666,0.21428571428571427,0.0,0.125,1,0.8057142857142857,0.07368071689346167,0.0,0.9988789237668162,0.8881578947368421,0.8857142857142857,0.0,0.044626542663488276,0.008838024492896902,88055995.33322859,0.4507042253521127,4912475625.137914,57448919778.54096,5194943343.847668,62796055415.77486,0.028986301369863014,-0.0272969220690506,0.0287500376861232,0.0465381738929686,1.0,4,6
0.1580246913580247,0.5,0.0,0.2857142857142857,0.0,0.125,1,0.7371428571428571,0.07368071689346167,0.5,0.9966367713004485,0.9013157894736842,0.9071428571428571,0.0,0.04205745693553287,0.009130900089440477,85978886.7549523,0.647887323943662,5194943343.847668,62796055415.77486,5485557213.435763,69971417637.12488,0.05967123287671233,0.0270334325737463,0.018647227399972,0.038088179126548,1.0,4,5
0.1580246913580247,0.0,0.0,0.2857142857142857,0.0,0.25,1,0.8514285714285714,0.07368071689346167,0.0,0.9966367713004485,0.9210526315789473,0.9214285714285714,0.0,0.04566553391937517,0.009596339668198917,97642543.0853859,0.4084507042253521,5485557213.435763,69971417637.12488,6172307899.750509,77968730835.80147,0.04526027397260274,0.0351821554799899,0.0417308372753023,0.0380979999583593,1.0,4,5
0.1580246913580247,0.0,0.0,0.2857142857142857,0.0,0.625,1,0.7485714285714286,0.07368071689346167,0.0,0.9966367713004485,0.9342105263157895,0.9357142857142857,0.0,0.05074201803954636,0.010031625384394775,112798234.56510147,0.6901408450704225,6172307899.750509,77968730835.80147,6992107294.041285,87408786989.82104,0.034794520547945205,0.0228180240443754,0.0664094701370869,0.0605374491339348,1.0,4,5
0.1580246913580247,0.0,1.0,1.0,0.0,0.875,1,0.8857142857142857,0.07368071689346167,0.0,0.0,0.9473684210526315,0.9928571428571429,0.0,0.05316865251654119,0.010381007051727164,122016289.92306328,0.38028169014084506,6992107294.041285,87408786989.82104,8738737945.986675,113181872475.00755,0.17928767123287673,0.0288946665054593,0.0277555913084692,0.0327618797107229,1.0,4,5
0.16419753086419753,0.0,0.0,0.2857142857142857,0.0,0.125,1,0.14857142857142858,0.9548622635247261,0.0,0.9966367713004485,0.05921052631578947,0.0,0.0,0.008973621670117246,,,0.29577464788732394,19779104.0,923311748.823237,21022083.0,994588638.0127811,0.08005479452054795,0.0023715415019762,0.0125686077589763,0.0154393982921558,1.0,4,5
0.16419753086419753,0.0,0.0,0.2857142857142857,0.0,0.125,1,0.10285714285714286,0.9624958513109857,0.0,0.9966367713004485,0.08552631578947369,0.02142857142857143,0.0,0.009108861631294651,,,0.4647887323943662,21022083.0,994588638.0127811,23114604.0,1058886143.5363892,0.06750684931506849,-0.0834263392857142,0.0248847961450822,0.0161618339145911,1.0,4,6
0.16419753086419753,0.0,0.16666666666666666,0.9285714285714286,0.0,0.5,1,0.017142857142857144,0.9608363757052771,0.0,0.9988789237668162,0.10526315789473684,0.02857142857142857,0.0,0.005257742736814243,,,0.7183098591549296,23114604.0,1058886143.5363892,23748900.0,1129603158.4191873,0.0002739726027397259,-0.2805695142378559,0.0274413526617198,0.0667843425041174,1.0,7,7
0.16419753086419753,0.5,0.3333333333333333,0.9285714285714286,0.0,0.125,1,0.17714285714285713,0.9664785927646864,0.5,1.0,0.10526315789473684,0.03571428571428571,0.0,0.005257742736814243,,,0.323943661971831,23114604.0,1058886143.5363892,24317574.0,1168068272.6993976,0.021424657534246577,-0.1716917922948073,0.0260218604653577,0.0515551789158228,1.0,6,7
0.16419753086419753,1.0,0.3333333333333333,0.9285714285714286,0.0,0.25,1,0.14857142857142858,0.9638234317955526,1.0,1.0,0.11842105263157894,0.04285714285714286,0.0,0.002617343494779179,,,0.4225352112676056,24317574.0,1168068272.6993976,25628493.0,1209112829.7728684,0.011945205479452057,0.058673469387755,0.0539082969378441,0.0351388339472804,1.0,4,5
0.16419753086419753,0.5,0.3333333333333333,0.9285714285714286,0.0,0.125,1,0.13714285714285715,0.9638234317955526,0.5,1.0,0.11842105263157894,0.04285714285714286,0.0,0.002617343494779179,,,0.4507042253521127,24317574.0,1168068272.6993976,25628493.0,1209112829.7728684,0.025095890410958905,0.0293367346938775,0.026954148468922,0.0175694169736402,1.0,4,5
0.16419753086419753,1.0,0.16666666666666666,0.9285714285714286,0.0,0.625,1,0.12571428571428572,0.9651510122801195,1.0,0.9988789237668162,0.125,0.06428571428571428,0.0,0.0029135834097392104,,,0.49295774647887325,25628493.0,1209112829.7728684,26899922.0,1569887596.480446,0.058410958904109585,0.0096385542168674,0.0165366596727582,0.0994599119354172,1.0,4,5
0.16419753086419753,0.5,0.0,0.2857142857142857,0.0,0.625,1,0.14285714285714285,0.9697975439761035,0.5,0.9966367713004485,0.14473684210526316,0.1,0.0,0.0030681433653705313,,,0.49295774647887325,26899922.0,1569887596.480446,69483632.0,2439288281.1040273,0.0939178082191781,-0.0018735362997658,0.3166084273404213,0.1107596093596386,1.0,4,6
0.16419753086419753,0.0,0.5,0.2857142857142857,0.0,0.0,1,0.16,0.9601725854629937,0.0,0.9977578475336323,0.17763157894736842,0.12857142857142856,0.0,0.003016623380160091,0.002387343326071425,2830716.0,0.5211267605633803,69483632.0,2439288281.1040273,29888966.0,1864405397.3313825,0.07287671232876712,-0.0159574468085106,-0.1424604070783173,-0.0589191208175332,1.0,4,6
0.16419753086419753,0.5,0.0,0.2857142857142857,0.0,0.625,1,0.16,0.9691337537338202,0.5,0.9966367713004485,0.20394736842105263,0.1357142857142857,0.0,0.0026688634799896193,,,0.5774647887323944,29888966.0,1864405397.3313825,56508304.0,1958952104.1774433,0.007178082191780822,0.0580808080808081,0.890607523860143,0.0507114530892209,1.0,4,5
0.16419753086419753,0.0,0.16666666666666666,0.9285714285714286,0.25,0.125,1,0.14285714285714285,0.9697975439761035,0.0,0.9988789237668162,0.20394736842105263,0.1357142857142857,0.0,0.0026688634799896193,,,0.6197183098591549,29888966.0,1864405397.3313825,56508304.0,1958952104.1774433,0.012109589041095891,0.0580808080808081,0.890607523860143,0.0507114530892209,1.0,4,5
0.16419753086419753,0.0,0.16666666666666666,0.9285714285714286,0.0,0.625,1,0.18857142857142858,0.9634915366744109,0.0,0.9988789237668162,0.21052631578947367,0.14285714285714285,0.0,0.002965103394949651,,,0.5211267605633803,56508304.0,1958952104.1774433,59052464.0,1960151150.4666553,0.00936986301369863,0.094272076372315,0.0450227633800512,0.0006120855566886,1.0,3,5
0.16419753086419753,0.5,0.0,0.2857142857142857,0.25,0.625,1,0.17714285714285713,0.9664785927646864,0.5,0.9966367713004485,0.21052631578947367,0.16428571428571428,0.0,0.002965103394949651,,,0.5492957746478874,56508304.0,1958952104.1774433,62175177.0,2208935645.8065176,0.08005479452054795,0.0560859188544152,0.0200567796195051,0.025522169847439,1.0,4,5
0.16419753086419753,0.0,0.0,0.2857142857142857,0.0,0.625,1,0.22285714285714286,0.9661466976435447,0.0,0.9966367713004485,0.23684210526315788,0.19285714285714287,0.0,0.004478502960506334,0.0025777965745006114,3866019.0,0.49295774647887325,62175177.0,2208935645.8065176,106231458.0,2510448213.9828224,0.08,0.0463653308480894,0.1771457803811318,0.0341241910723725,1.0,4,5
0.16419753086419753,0.0,0.5,0.2857142857142857,0.25,0.0,1,0.18857142857142858,0.9634915366744109,0.0,0.9977578475336323,0.2631578947368421,0.2,0.0,0.005760062592616035,0.002714893270840687,4818336.0,0.6338028169014085,106231458.0,2510448213.9828224,111387273.0,2530930797.645001,0.012054794520547946,0.0212264150943395,0.048533787421048,0.0081589349455979,1.0,4,5
0.16419753086419753,0.0,0.0,0.2857142857142857,0.0,0.625,1,0.2,0.9694656488549618,0.0,0.9966367713004485,0.26973684210526316,0.20714285714285716,0.0,0.005933942542701271,0.002750464305566761,4982964.0,0.6197183098591549,111387273.0,2530930797.645001,118488338.0,2615939534.0905447,0.007671232876712328,0.0600461893764434,0.0637511342970036,0.0335879339429758,1.0,4,5
0.16419753086419753,0.0,0.0,0.2857142857142857,0.0,0.125,1,0.32,0.9777630268835048,0.0,0.9966367713004485,0.26973684210526316,0.22857142857142856,0.0,0.005933942542701271,0.002750464305566761,4982964.0,0.323943661971831,111387273.0,2530930797.645001,133316053.0,2760330548.1963253,0.08005479452054795,0.0384911470361816,0.0393739417608329,0.0181276983760107,1.0,4,5
0.16419753086419753,0.0,0.0,0.2857142857142857,0.0,0.25,1,0.3142857142857143,0.972784600066379,0.0,0.9966367713004485,0.29605263157894735,0.2571428571428571,0.0,0.007543942080527529,0.002897194823811815,6248666.0,0.39436619718309857,133316053.0,2760330548.1963253,153929329.0,3179188159.666755,0.08005479452054795,0.0082633957391865,0.0309239218175773,0.0303483661943402,1.0,4,5
0.16419753086419753,0.0,0.16666666666666666,0.9285714285714286,0.0,0.125,1,0.24571428571428572,0.9671423830069698,0.0,0.9988789237668162,0.3223684210526316,0.2714285714285714,0.0,0.00795610196221105,0.003051335974291468,6842346.0,0.6197183098591549,153929329.0,3179188159.666755,147294375.0,3092014836.2343206,0.027287671232876714,0.0006199628022318,-0.0215519486867898,-0.0137099974984765,1.0,4,6
0.16419753086419753,0.5,0.0,0.2857142857142857,0.0,0.625,1,0.38857142857142857,0.9770992366412213,0.5,0.9966367713004485,0.3355263157894737,0.2785714285714286,0.0,0.00796898195851366,0.003131370802425134,7025250.0,0.29577464788732394,147294375.0,3092014836.2343206,148598033.0,3112087731.959568,0.030684931506849318,0.0365325077399381,0.0044253488974035,0.0032459248723549,1.0,4,5
0.16419753086419753,0.0,0.16666666666666666,0.42857142857142855,0.25,0.25,1,0.32,0.9777630268835048,0.0,0.9988789237668162,0.34210526315789475,0.30714285714285716,0.0,0.008728901740367655,0.0031721292797154263,7633865.0,0.4788732394366197,148598033.0,3112087731.959568,172685640.0,3233683011.2296357,0.07758904109589042,0.0328909405654933,0.040524774308419,0.0097679829219903,1.0,4,5
0.16419753086419753,0.5,0.16666666666666666,0.42857142857142855,0.25,0.25,1,0.3142857142857143,0.972784600066379,0.5,0.9988789237668162,0.3684210526315789,0.38571428571428573,0.0,0.010197221318865203,0.0033396095682173567,9081391.0,0.5492957746478874,172685640.0,3233683011.2296357,267002454.0,5458058939.984556,0.22213698630136985,0.0293217746047934,0.0455146965318019,0.0573230771494483,1.0,4,5
0.16419753086419753,0.5,0.16666666666666666,0.42857142857142855,0.0,0.5,1,0.37714285714285717,0.9840690341851974,0.5,0.9988789237668162,0.4407894736842105,0.39285714285714285,0.0,0.014640820043265673,0.003968772244934786,14527480.0,0.5492957746478874,267002454.0,5458058939.984556,251610514.0,5274746126.337196,0.00010958904109589036,-0.0958129007921538,-0.0576471855198753,-0.0335857152997103,1.0,5,6
0.16419753086419753,0.5,0.16666666666666666,0.42857142857142855,0.0,0.125,1,0.46285714285714286,0.9731164951875207,0.5,0.9988789237668162,0.4407894736842105,0.39285714285714285,0.0,0.014640820043265673,0.003968772244934786,14527480.0,0.3380281690140845,267002454.0,5458058939.984556,251610514.0,5274746126.337196,0.010191780821917809,-0.0958129007921538,-0.0576471855198753,-0.0335857152997103,1.0,5,6
0.16419753086419753,0.5,0.16666666666666666,0.42857142857142855,0.0,0.625,1,0.37714285714285717,0.9790906073680717,0.5,0.9988789237668162,0.4473684210526316,0.4,0.0,0.013005060512834196,0.004034726871822714,13348893.0,0.5633802816901409,251610514.0,5274746126.337196,238034537.0,5018502854.988797,0.00021917808219178072,-0.0538172715894869,-0.0539563183754714,-0.0485792614869098,1.0,4,6
0.16419753086419753,0.5,0.16666666666666666,0.42857142857142855,0.0,0.625,1,0.44571428571428573,0.9731164951875207,0.5,0.9988789237668162,0.4473684210526316,0.4,0.0,0.013005060512834196,0.004034726871822714,13348893.0,0.39436619718309857,251610514.0,5274746126.337196,238034537.0,5018502854.988797,0.0002739726027397259,-0.0538172715894869,-0.0539563183754714,-0.0485792614869098,1.0,4,6
0.16419753086419753,0.5,0.0,0.2857142857142857,0.0,0.625,1,0.3314285714285714,0.9777630268835048,0.5,0.9966367713004485,0.4473684210526316,0.4,0.0,0.013005060512834196,0.004034726871822714,13348893.0,0.676056338028169,251610514.0,5274746126.337196,238034537.0,5018502854.988797,0.014958904109589041,-0.0538172715894869,-0.0539563183754714,-0.0485792614869098,1.0,4,6
0.16419753086419753,0.0,0.16666666666666666,0.0,0.25,0.0,1,0.46285714285714286,0.9731164951875207,0.0,0.9988789237668162,0.4473684210526316,0.40714285714285714,0.0,0.013005060512834196,0.004034726871822714,13348893.0,0.352112676056338,251610514.0,5274746126.337196,257259548.0,5044728874.113239,0.027890410958904113,0.017939090529829,0.011225751082882,-0.0218036325080617,1.0,4,5
0.16419753086419753,0.0,0.0,0.2857142857142857,0.25,0.625,1,0.38857142857142857,0.9770992366412213,0.0,0.9966367713004485,0.4605263157894737,0.45,0.0,0.013558900353846428,0.00417034144171587,14282216.0,0.5633802816901409,257259548.0,5044728874.113239,350268792.0,5943149740.776493,0.13221917808219177,0.0318738852770266,0.0516483643092728,0.0254415730354411,1.0,4,5
0.16419753086419753,0.0,0.0,0.2857142857142857,0.0,0.625,1,0.46285714285714286,0.9844009293063392,0.0,0.9966367713004485,0.5,0.4928571428571429,0.0,0.017126659329669416,0.004604604490663353,19248506.0,0.4647887323943662,350268792.0,5943149740.776493,434131070.0,5516514526.341848,0.1128219178082192,0.0051585994951158,0.0399037729097296,-0.011964340824963,1.0,4,5
0.16419753086419753,0.0,0.16666666666666666,0.42857142857142855,0.0,0.125,1,0.49142857142857144,0.991702621971457,0.0,0.9988789237668162,0.5394736842105263,0.5142857142857142,0.0,0.01773201915589209,0.0051025989768283845,21948310.0,0.4788732394366197,434131070.0,5516514526.341848,529832059.0,6499684837.63634,0.0650958904109589,0.0120568508463749,0.0551106541395436,0.0445557746018688,1.0,4,5
0.16419753086419753,0.5,0.0,0.2857142857142857,0.0,0.625,1,0.5085714285714286,0.9867241951543312,0.5,0.9966367713004485,0.5592105263157895,0.5285714285714286,0.0,0.018704458876739147,0.005373828116614697,24208032.0,0.4788732394366197,529832059.0,6499684837.63634,604047804.132,8767224010.95815,0.031780821917808226,0.0604814137720901,0.0700370465238306,0.1744345479792847,1.0,4,5
0.16419753086419753,0.0,0.0,0.2857142857142857,0.0,0.625,1,0.5257142857142857,0.981081978094922,0.0,0.9966367713004485,0.5723684210526315,0.5357142857142857,0.0,0.021261138142807248,0.005563910833432152,28079967.5,0.4647887323943662,604047804.132,8767224010.95815,637484504.19,9334940849.93543,0.0031232876712328755,0.0511008426202772,0.0553543938563731,0.0647544579980721,1.0,4,5
0.16419753086419753,0.0,0.0,0.2857142857142857,0.25,0.125,1,0.5085714285714286,0.9867241951543312,0.0,0.9966367713004485,0.5723684210526315,0.5714285714285714,0.0,0.021261138142807248,0.005563910833432152,28079967.5,0.5070422535211268,604047804.132,8767224010.95815,813934456.329,11951387652.483671,0.12010958904109591,0.0274142818312429,0.0496381366699945,0.0518842132526072,1.0,4,5
0.16419753086419753,0.0,0.16666666666666666,0.42857142857142855,0.25,0.25,1,0.46285714285714286,0.9844009293063392,0.0,0.9988789237668162,0.6118421052631579,0.6142857142857143,0.0,0.0258077768376286,0.006506839678962489,39047986.5,0.704225352112676,813934456.329,11951387652.483671,1127021110.899,15291081770.15114,0.11956164383561643,0.0321170657544659,0.0641097187731144,0.0465733103521446,1.0,4,5
0.16419753086419753,0.5,0.16666666666666666,0.7857142857142857,0.0,0.25,1,0.5542857142857143,0.989379356123465,0.5,0.9988789237668162,0.6513157894736842,0.6214285714285714,0.0,0.031249575275481355,0.0077011371698904145,55001295.0,0.5633802816901409,1127021110.899,15291081770.15114,1163421978.836,15991243735.72246,0.012438356164383562,0.0160611854684511,0.0322983017664717,0.0457889099081312,1.0,4,5
0.16419753086419753,0.5,0.0,0.2857142857142857,0.0,0.625,1,0.5714285714285714,0.9936939926983074,0.5,0.9966367713004485,0.6578947368421053,0.6285714285714286,0.0,0.03179053512019098,0.007930348024906551,57528301.2,0.5352112676056338,1163421978.836,15991243735.72246,1249245419.046,17168846684.352207,0.008054794520547946,0.0393300715092208,0.0737681097411158,0.0736404852612637,1.0,4,5
0.16419753086419753,0.0,0.16666666666666666,0.42857142857142855,0.0,0.125,1,0.6,0.9960172585462994,0.0,0.9988789237668162,0.6578947368421053,0.6571428571428571,0.0,0.03179053512019098,0.007930348024906551,57528301.2,0.4647887323943662,1163421978.836,15991243735.72246,1532849525.322,20870428352.946007,0.10378082191780821,0.0175636682975787,0.0529225499154386,0.050852669726204,1.0,4,5
0.16419753086419753,0.5,0.16666666666666666,0.42857142857142855,0.0,0.625,1,0.5828571428571429,0.9877198805177564,0.5,0.9988789237668162,0.6907894736842105,0.7071428571428572,0.0,0.0353969340849218,0.009153250556260028,73284024.0,0.5774647887323944,1532849525.322,20870428352.946007,2368100930.0820003,28234680865.07181,0.13813698630136986,0.0248552945182158,0.0778430154299478,0.0504079770366728,1.0,4,5
0.16419753086419753,0.5,0.0,0.2857142857142857,0.0,0.625,1,0.6457142857142857,0.07368071689346167,0.5,0.9966367713004485,0.7368421052631579,0.7428571428571429,0.0,0.041978612195555536,0.011143152782831244,104551628.304,0.5211267605633803,2368100930.0820003,28234680865.07181,3087260751.627,35105310712.72682,0.09830136986301372,-0.0029292343387471,0.0607372610186929,0.0486680184592023,1.0,4,6
0.16419753086419753,0.0,0.0,0.2857142857142857,0.25,0.625,1,0.6,0.9960172585462994,0.0,0.9966367713004485,0.7697368421052632,0.7785714285714286,0.0,0.04132817238227373,0.012724655066953723,117521549.91,0.704225352112676,3087260751.627,35105310712.72682,3205813055.943,40098894653.77975,0.10005479452054795,-0.0279911699779249,0.0076800966198609,0.0284491653238242,1.0,4,6
0.16419753086419753,0.0,0.0,0.2857142857142857,0.0,0.625,1,0.8057142857142857,0.07368071689346167,0.0,0.9966367713004485,0.8026315789473685,0.8142857142857143,0.0,0.03520373414038264,0.014308086338646872,113560608.0,0.2676056338028169,3205813055.943,40098894653.77975,3546778466.365,46715156894.540726,0.10005479452054795,-0.0359000684462696,0.0212716964134831,0.0329997237973108,1.0,4,6
0.16419753086419753,0.0,0.0,0.2857142857142857,0.0,0.125,1,0.7428571428571429,0.07368071689346167,0.0,0.9966367713004485,0.8355263157894737,0.8857142857142857,0.0,0.028448176079663663,0.015914711407107866,103572000.0,0.49295774647887325,3546778466.365,46715156894.540726,5194943343.847668,62796055415.77486,0.20657534246575343,0.0235708489331047,0.0422448630781844,0.0312939089312484,1.0,4,5
0.16419753086419753,0.0,0.0,0.2857142857142857,0.0,0.625,1,0.7314285714285714,0.9973448390308662,0.0,0.9966367713004485,0.9013157894736842,0.8928571428571429,0.0,0.03645466789101333,0.01568588590496793,128561590.508533,0.6619718309859155,5194943343.847668,62796055415.77486,5279021630.963469,64760587194.60295,0.013534246575342464,-0.0046403213432916,0.0161846398604854,0.0312843181919766,1.0,4,6
0.16419753086419753,0.0,0.0,0.2857142857142857,0.0,0.625,1,0.7885714285714286,0.07368071689346167,0.0,0.9966367713004485,0.9078947368421053,0.9285714285714286,0.0,0.03627422304229375,0.015937417584274676,130005013.99669516,0.5352112676056338,5279021630.963469,64760587194.60295,6563879628.943458,82618841699.03532,0.10005479452054795,0.0516011342245184,0.0486778834336957,0.0551516138998834,1.0,4,5
0.16419753086419753,0.0,0.0,0.2857142857142857,0.25,0.625,1,0.8057142857142857,0.07368071689346167,0.0,0.9966367713004485,0.9407894736842105,0.9642857142857143,0.0,0.04626054877716618,0.017233952157511126,176775288.1447406,0.5633802816901409,6563879628.943458,82618841699.03532,8156972484.557,99528621997.0122,0.10005479452054795,0.065682756073603,0.048541196538364,0.0409344404986358,1.0,4,5
0.16419753086419753,0.0,1.0,1.0,0.0,0.875,1,0.88,0.07368071689346167,0.0,0.0,0.9736842105263158,0.9928571428571429,0.0,0.06225172637586378,0.01796300274611871,244711915.56,0.4507042253521127,8156972484.557,99528621997.0122,8738737945.986675,113181872475.00755,0.0886027397260274,0.0332451252293383,0.0142642496963448,0.0274358274113455,1.0,4,5
0.17037037037037037,0.5,0.16666666666666666,0.9285714285714286,0.0,0.625,1,0.08571428571428572,0.9595087952207103,0.5,0.9988789237668162,0.17105263157894737,0.10714285714285714,0.0,0.003950423112099321,0.010236684988958356,13812558.0,0.6901408450704225,28945202.0,1714730856.0219688,33056924.0,1755379986.2233455,0.040438356164383564,0.0541540531449714,0.0473506455404941,0.0079019456724303,1.0,4,5
0.17037037037037037,0.0,0.0,0.2857142857142857,0.0,0.625,1,0.17714285714285713,0.9605044805841354,0.0,0.9966367713004485,0.18421052631578946,0.12857142857142856,0.0,0.0049872628144594314,0.010682063986257736,16748928.0,0.49295774647887325,33056924.0,1755379986.2233455,29888966.0,1864405397.3313825,0.059616438356164383,-0.0873842592592592,-0.0319444725105094,0.0207030978978331,1.0,4,6
0.17037037037037037,0.0,0.0,0.2857142857142857,0.0,0.625,1,0.18857142857142858,0.9628277464321274,0.0,0.9966367713004485,0.20394736842105263,0.15714285714285714,0.0,0.0030423833727653113,0.011473519508912875,13265950.0,0.5070422535211268,29888966.0,1864405397.3313825,64064436.0,2145898307.1412191,0.08005479452054795,0.0171764705882353,0.2286828523944254,0.0301965345318943,1.0,4,5
0.17037037037037037,0.0,0.0,0.2857142857142857,0.0,0.625,1,0.18857142857142858,0.9664785927646864,0.0,0.9966367713004485,0.23026315789473684,0.18571428571428572,0.0,0.0035125032378105787,0.012619944315605291,15833142.0,0.5633802816901409,64064436.0,2145898307.1412191,99363364.0,2427437019.6413016,0.08,-0.0005417118093174,0.1377477513421018,0.0327996335570941,1.0,4,6
0.17037037037037037,0.0,0.0,0.2857142857142857,0.0,0.625,1,0.22857142857142856,0.9684699634915367,0.0,0.9966367713004485,0.2565789473684211,0.21428571428571427,0.0,0.003499623241507969,0.013826395243397958,17298222.0,0.5211267605633803,99363364.0,2427437019.6413016,124281783.0,2786976251.5688505,0.08005479452054795,0.0156351791530944,0.0501561501078002,0.0296229503808652,1.0,4,5
0.17037037037037037,0.0,0.5,0.2857142857142857,0.0,0.0,1,0.22285714285714286,0.9651510122801195,0.0,0.9977578475336323,0.28289473684210525,0.2357142857142857,0.0,0.003963303108401931,0.015045444245989442,20284011.0,0.5915492957746479,124281783.0,2786976251.5688505,139328207.0,2939559126.60919,0.05161643835616438,0.0020140986908358,0.0403556703613325,0.0182495126458824,1.0,4,6
0.17037037037037037,0.0,0.0,0.2857142857142857,0.0,0.625,1,0.33714285714285713,0.9701294390972452,0.0,0.9966367713004485,0.3026315789473684,0.24285714285714285,0.0,0.004001943097309761,0.016028835143520687,21732246.0,0.352112676056338,139328207.0,2939559126.60919,145113649.0,3166254860.355937,0.028438356164383557,-0.0045045045045045,0.0207619193721483,0.0385594784766657,1.0,4,6
0.17037037037037037,0.0,0.0,0.2857142857142857,0.0,0.625,1,0.44,0.9697975439761035,0.0,0.9966367713004485,0.3092105263157895,0.2714285714285714,0.0,0.003943983113948016,0.016371206352759148,21993840.0,0.11267605633802817,145113649.0,3166254860.355937,147294375.0,3092014836.2343206,0.08005479452054795,0.0028282828282828,0.0030055422284915,-0.0046894534644801,1.0,4,5
0.17037037037037037,0.0,0.0,0.2857142857142857,0.0,0.625,1,0.34285714285714286,0.9840690341851974,0.0,0.9966367713004485,0.3355263157894737,0.3,0.0,0.0040341430880662865,0.017812574322388593,24257644.0,0.4084507042253521,147294375.0,3092014836.2343206,166209096.0,3237619941.9560475,0.08005479452054795,0.0073705179282868,0.0256828830021512,0.0094181375855916,1.0,4,5
0.17037037037037037,0.0,0.0,0.2857142857142857,0.0,0.625,1,0.34285714285714286,0.9688018586126784,0.0,0.9966367713004485,0.3618421052631579,0.30714285714285716,0.0,0.004272423019664573,0.019380664103229674,27354357.0,0.4647887323943662,166209096.0,3237619941.9560475,172685640.0,3233683011.2296357,0.013972602739726028,0.1085494716618635,0.038966242858333,-0.001215995328974,1.0,3,5
0.17037037037037037,0.0,0.0,0.2857142857142857,0.0,0.625,1,0.32571428571428573,0.9761035512777962,0.0,0.9966367713004485,0.3684210526315789,0.32857142857142857,0.0,0.005000142810762042,0.01979417738192028,30967590.0,0.5211267605633803,172685640.0,3233683011.2296357,203842078.0,3715797650.1647186,0.06608219178082192,0.03184575389948,0.0451057163757218,0.0372728740928563,1.0,4,5
0.17037037037037037,0.0,0.0,0.2857142857142857,0.0,0.125,1,0.38285714285714284,0.9804181878526386,0.0,0.9966367713004485,0.3881578947368421,0.35714285714285715,0.0,0.005946822539003881,0.021059172304366276,37133142.0,0.4225352112676056,203842078.0,3715797650.1647186,244042383.0,4582082014.773711,0.08005479452054795,-0.0003074558032282,0.0394425973228157,0.0466271011593212,1.0,4,6
0.17037037037037037,0.0,0.16666666666666666,0.42857142857142855,0.0,0.25,1,0.35428571428571426,0.981081978094922,0.0,0.9988789237668162,0.4144736842105263,0.38571428571428573,0.0,0.005933942542701271,0.02284587573612802,40207947.0,0.5492957746478874,244042383.0,4582082014.773711,267002454.0,5458058939.984556,0.07884931506849314,0.0098152424942263,0.0235205773662683,0.0477936079268381,1.0,4,5
0.17037037037037037,0.5,0.16666666666666666,0.42857142857142855,0.0,0.625,1,0.42857142857142855,0.9800862927314968,0.5,0.9988789237668162,0.4407894736842105,0.4928571428571429,0.0,0.0062623824484178275,0.024783756065475577,45316800.0,0.4225352112676056,267002454.0,5458058939.984556,434131070.0,5516514526.341848,0.3004931506849315,0.0204629629629629,0.0391215074749837,0.0006693724247948,1.0,4,5
0.17037037037037037,0.0,0.0,0.2857142857142857,0.0,0.625,1,0.44571428571428573,0.981081978094922,0.0,0.9966367713004485,0.5394736842105263,0.5,0.0,0.009108861631294651,0.03415598265257254,82817280.0,0.5915492957746479,434131070.0,5516514526.341848,475890330.0,5764995899.017727,0.0050958904109589045,0.0792410714285714,0.0961904431304583,0.0450431828810307,1.0,4,5
0.17037037037037037,0.0,0.0,0.2857142857142857,0.0,0.625,1,0.44,0.9867241951543312,0.0,0.9966367713004485,0.5460526315789473,0.5357142857142857,0.0,0.010023341368779966,0.03496967007193147,91503342.0,0.6197183098591549,475890330.0,5764995899.017727,637484504.19,9334940849.93543,0.10005479452054795,0.0356773526370217,0.0679123587949349,0.1238490022699225,1.0,4,5
0.17037037037037037,0.0,0.16666666666666666,0.42857142857142855,0.25,0.75,1,0.42857142857142855,0.9800862927314968,0.0,0.9988789237668162,0.5789473684210527,0.5571428571428572,0.0,0.012245140730980203,0.04066291200018506,125334817.428,0.7183098591549296,637484504.19,9334940849.93543,727119295.82,10684681554.893536,0.07073972602739725,0.0276437033786748,0.0351517531174705,0.0361475430497088,1.0,4,5
0.17037037037037037,0.0,0.6666666666666666,0.2857142857142857,0.0,0.25,1,0.52,0.9853966146697644,0.0,0.9978699551569506,0.5986842105263158,0.5642857142857143,0.0,0.013868020265109068,0.04436354978535471,151832713.289,0.5352112676056338,727119295.82,10684681554.893536,777827903.911,11398992120.516134,0.024164383561643833,0.0284472540497826,0.0348695244250215,0.0334268532923869,1.0,4,5
0.17037037037037037,0.0,0.16666666666666666,0.42857142857142855,0.0,0.25,1,0.49142857142857144,0.9824095585794889,0.0,0.9988789237668162,0.6052631578947368,0.5714285714285714,0.0,0.014795379998896994,0.04568584890368119,165244235.55,0.6197183098591549,777827903.911,11398992120.516134,813934456.329,11951387652.483671,0.00016438356164383557,-0.0011214953271028,0.0464197185990018,0.0484600327930155,1.0,4,6
0.17037037037037037,0.0,0.0,0.2857142857142857,0.0,0.625,1,0.46285714285714286,0.9814138732160638,0.0,0.9966367713004485,0.6052631578947368,0.5714285714285714,0.0,0.014795379998896994,0.04568584890368119,165244235.55,0.6901408450704225,777827903.911,11398992120.516134,813934456.329,11951387652.483671,0.0044383561643835615,-0.0011214953271028,0.0464197185990018,0.0484600327930155,1.0,4,6
0.17037037037037037,0.0,0.0,0.2857142857142857,0.0,0.625,1,0.5371428571428571,0.9873879853966147,0.0,0.9966367713004485,0.6118421052631579,0.6071428571428571,0.0,0.014776060004443078,0.047063074887067284,170024682.62399998,0.5211267605633803,813934456.329,11951387652.483671,1077511563.008,14545646569.21639,0.10010958904109589,0.0569486027944111,0.0539718123962509,0.036177931692498,1.0,4,5
0.17037037037037037,0.0,0.0,0.2857142857142857,0.0,0.125,1,0.6228571428571429,0.9926983073348822,0.0,0.9966367713004485,0.6447368421052632,0.6142857142857143,0.0,0.020655778316584574,0.05462259413389129,264690953.67,0.38028169014084506,1077511563.008,14545646569.21639,1127021110.899,15291081770.15114,0.011287671232876712,0.0351464435146442,0.0459480432421424,0.0512479935070295,1.0,4,5
0.17037037037037037,0.0,0.0,0.2857142857142857,0.0,0.625,1,0.5828571428571429,0.9870560902754729,0.0,0.9966367713004485,0.6447368421052632,0.6142857142857143,0.0,0.020655778316584574,0.05462259413389129,264690953.67,0.4788732394366197,1077511563.008,14545646569.21639,1127021110.899,15291081770.15114,0.0007123287671232873,0.0351464435146442,0.0459480432421424,0.0512479935070295,1.0,4,5
0.17037037037037037,0.0,0.16666666666666666,0.42857142857142855,0.0,0.125,1,0.6285714285714286,0.9873879853966147,0.0,0.9988789237668162,0.6447368421052632,0.6285714285714286,0.0,0.020655778316584574,0.05462259413389129,264690953.67,0.36619718309859156,1077511563.008,14545646569.21639,1249245419.046,17168846684.352207,0.05139726027397261,0.004834960483496,0.0531266861949288,0.0601142090327656,1.0,4,5
0.17037037037037037,0.0,0.0,0.2857142857142857,0.25,0.625,1,0.5828571428571429,0.9870560902754729,0.0,0.9966367713004485,0.6644736842105263,0.6357142857142857,0.0,0.020990658220452436,0.0596870476223553,293385657.143,0.5211267605633803,1249245419.046,17168846684.352207,1314086558.923,18075505373.698357,0.0007123287671232873,-0.0054990376684079,0.0519042446651647,0.052808363078487,1.0,4,6
0.17037037037037037,0.5,0.0,0.2857142857142857,0.0,0.0,1,0.5257142857142857,0.9844009293063392,0.5,0.9966367713004485,0.6644736842105263,0.65,0.0,0.020990658220452436,0.0596870476223553,293385657.143,0.6619718309859155,1249245419.046,17168846684.352207,1443948083.726,19784467002.851566,0.0583013698630137,0.0144807991934744,0.0519520722167058,0.0507822951377635,1.0,4,5
0.17037037037037037,0.0,0.6666666666666666,0.2857142857142857,0.0,0.0,1,0.5371428571428571,0.9850647195486226,0.0,0.9978699551569506,0.6842105263157895,0.6642857142857143,0.0,0.02200817792835863,0.06515823143782559,334149078.285,0.676056338028169,1443948083.726,19784467002.851566,1636456669.4099998,22012539042.75697,0.04936986301369863,0.0454984628897672,0.0444403294582091,0.037539079514319,1.0,4,5
0.17037037037037037,0.5,0.0,0.2857142857142857,0.0,0.625,1,0.5542857142857143,0.9903750414868902,0.5,0.9966367713004485,0.6973684210526315,0.7,0.0,0.025344096970734635,0.06891128536585377,401601721.433,0.6619718309859155,1636456669.4099998,22012539042.75697,2289146958.1499996,27746656042.65312,0.08778082191780821,0.0975191282170183,0.0797687223793487,0.0520986424033888,1.0,3,5
0.17037037037037037,0.0,0.0,0.2857142857142857,0.0,0.625,1,0.5657142857142857,0.994025887819449,0.0,0.9966367713004485,0.7302631578947368,0.7357142857142858,0.0,0.038887413082929125,0.07859532097379049,681263712.0,0.704225352112676,2289146958.1499996,27746656042.65312,2914837745.91,33220383789.58506,0.10005479452054795,0.041147132169576,0.0546658470774335,0.0394550445179234,1.0,4,5
0.17037037037037037,0.0,0.0,0.2857142857142857,0.0,0.625,1,0.6285714285714286,0.9950215731828742,0.0,0.9966367713004485,0.7631578947368421,0.7785714285714286,0.0,0.047388210642651765,0.08891017998112839,929101336.0,0.6197183098591549,2914837745.91,33220383789.58506,3205813055.943,40098894653.77975,0.12043835616438357,0.0023267838676318,0.014260794272893,0.0295795622168199,1.0,4,5
0.17037037037037037,0.0,0.0,0.2857142857142857,0.0,0.625,1,0.6971428571428572,0.07368071689346167,0.0,0.9966367713004485,0.8026315789473685,0.8142857142857143,0.0,0.048199650409716195,0.10171649354573839,1080097284.0,0.5352112676056338,3205813055.943,40098894653.77975,3546778466.365,46715156894.540726,0.09972602739726029,-0.0005087763927753,0.0212716964134831,0.0329997237973108,1.0,4,6
0.17037037037037037,0.0,0.0,0.2857142857142857,0.0,0.625,1,0.8057142857142857,0.07368071689346167,0.0,0.9966367713004485,0.8355263157894737,0.8285714285714286,0.0,0.0480708504466901,0.11193427327080306,1185475140.0,0.3380281690140845,3546778466.365,46715156894.540726,3858778563.783289,47778114919.29238,0.05106849315068493,-0.0012414241521609,0.0293223931122345,0.0075846762622195,1.0,4,6
0.17037037037037037,0.0,0.0,0.2857142857142857,0.0,0.625,1,0.6971428571428572,0.9990043146365748,0.0,0.9966367713004485,0.8486842105263158,0.8428571428571429,0.0,0.04788276550543454,0.11580125233030017,1221828439.9320488,0.6338028169014085,3858778563.783289,47778114919.29238,4224740380.411421,50046959415.1475,0.04493150684931507,0.0342555377582206,0.0316129236733855,0.0158290359486952,1.0,4,5
0.17037037037037037,0.0,0.0,0.2857142857142857,0.0,0.625,1,0.7028571428571428,0.07368071689346167,0.0,0.9966367713004485,0.868421052631579,0.9071428571428571,0.0,0.05521728005219573,0.12150480837649788,1468835187.837402,0.6619718309859155,4311725039.95427,51854384806.94821,5485557213.435763,69971417637.12488,0.1601095890410959,0.0174132273601509,0.0302490988745614,0.0388203168409333,1.0,4,5
0.17037037037037037,0.0,0.0,0.2857142857142857,0.0,0.625,1,0.7828571428571428,0.07368071689346167,0.0,0.9966367713004485,0.9210526315789473,0.9642857142857143,0.0,0.06425195991039581,0.1362409839663776,1904932630.0919263,0.5774647887323944,5485557213.435763,69971417637.12488,8156972484.557,99528621997.0122,0.1601095890410959,0.0480345466220464,0.0541100762355482,0.0469353620187736,1.0,4,5
0.17037037037037037,0.0,1.0,1.0,0.0,0.875,0,0.7942857142857143,0.07368071689346167,0.0,0.0,0.9736842105263158,0.9928571428571429,0.0,0.09307999752616097,0.14823306913547551,2968455053.5499997,0.6619718309859155,8156972484.557,99528621997.0122,8738737945.986675,113181872475.00755,0.1,-0.0033311042078594,0.0142642496963448,0.0274358274113455,1.0,4,6
0.1765432098765432,0.0,0.0,0.2857142857142857,0.0,0.625,1,0.13714285714285715,0.964487222037836,0.0,0.9966367713004485,0.19078947368421054,0.14285714285714285,0.0,0.0065199823744700285,,,0.6056338028169014,30778633.0,1831626029.2905164,59052464.0,1960151150.4666553,0.08054794520547945,-0.0054676258992805,0.1837237605711728,0.0140339915595022,1.0,4,6
0.1765432098765432,0.0,0.16666666666666666,0.9285714285714286,0.0,0.125,1,0.2342857142857143,0.970461334218387,0.0,0.9988789237668162,0.21710526315789475,0.16428571428571428,0.0,0.006275262444720438,,,0.4225352112676056,59052464.0,1960151150.4666553,62175177.0,2208935645.8065176,0.06284931506849314,0.0125739644970414,0.0132200791824707,0.0317302692805901,1.0,4,5
0.1765432098765432,0.5,0.0,0.2857142857142857,0.0,0.625,1,0.22857142857142856,0.9678061732492532,0.5,0.9966367713004485,0.23684210526315788,0.2,0.0,0.00671318231900918,,,0.4788732394366197,62175177.0,2208935645.8065176,111387273.0,2530930797.645001,0.0966027397260274,0.0056338028169014,0.1583014263071579,0.0291538734910421,1.0,4,5
0.1765432098765432,0.0,0.0,0.2857142857142857,0.0,0.625,1,0.3028571428571429,0.9731164951875207,0.0,0.9966367713004485,0.26973684210526316,0.2357142857142857,0.0,0.006970782245061381,0.0012053474846529346,2556460.0,0.36619718309859156,111387273.0,2530930797.645001,139328207.0,2939559126.60919,0.10394520547945205,0.0218036529680365,0.0418074902806295,0.0269089623301443,1.0,4,5
0.1765432098765432,0.0,0.0,0.2857142857142857,0.0,0.625,1,0.22857142857142856,0.975107865914371,0.0,0.9966367713004485,0.3026315789473684,0.2642857142857143,0.0,0.008200821891960643,0.0012579629735185852,3008122.0,0.6197183098591549,139328207.0,2939559126.60919,155476888.0,4396657850.163141,0.07621917808219178,0.0319503331314354,0.0289759721805649,0.1239215355768952,1.0,4,5
0.1765432098765432,0.0,0.0,0.2857142857142857,0.25,0.625,1,0.3028571428571429,0.9731164951875207,0.0,0.9966367713004485,0.32894736842105265,0.29285714285714287,0.0,0.009559661501886004,0.0013016857037027175,3502422.0,0.49295774647887325,155476888.0,4396657850.163141,157179771.0,3244941421.8856626,0.08005479452054795,0.010204081632653,0.0021905287942218,-0.052390541521658,1.0,4,5
0.1765432098765432,0.0,0.16666666666666666,0.5714285714285714,0.0,0.125,1,0.3485714285714286,0.9717889147029539,0.0,0.9988789237668162,0.35526315789473684,0.3142857142857143,0.0,0.010171461326259982,0.0014069166814340188,3959011.0,0.43661971830985913,157179771.0,3244941421.8856626,191513114.0,3564985722.0261664,0.05813698630136987,-0.0042582183614375,0.0728111995192222,0.0328762277989519,1.0,4,6
0.1765432098765432,0.5,0.0,0.2857142857142857,0.0,0.625,1,0.35428571428571426,0.975107865914371,0.5,0.9966367713004485,0.375,0.35,0.0,0.010010461372477356,0.001490656825684984,4126752.0,0.4647887323943662,191513114.0,3564985722.0261664,235026569.0,4389125672.035584,0.103013698630137,0.0182884748102139,0.0378681247906605,0.0385293712359768,1.0,4,5
0.1765432098765432,0.0,0.0,0.2857142857142857,0.0,0.5,1,0.4057142857142857,0.972784600066379,0.0,0.9966367713004485,0.40789473684210525,0.35714285714285715,0.0,0.011375740980554024,0.0015847718550643874,4851872.0,0.4084507042253521,235026569.0,4389125672.035584,244042383.0,4582082014.773711,0.007068493150684932,0.0060634328358208,0.0383608288984553,0.0439623645245585,1.0,4,5
0.1765432098765432,0.0,0.16666666666666666,0.42857142857142855,0.0,0.125,1,0.5542857142857143,0.9761035512777962,0.0,0.9988789237668162,0.4144736842105263,0.38571428571428573,0.0,0.011459460956520989,0.001604039498874344,4937373.0,0.056338028169014086,244042383.0,4582082014.773711,267002454.0,5458058939.984556,0.08915068493150685,0.0114974501622624,0.0188164618930147,0.0382348863414705,1.0,4,5
0.1765432098765432,0.5,0.0,0.2857142857142857,0.0,0.625,1,0.4228571428571429,0.976435446398938,0.5,0.9966367713004485,0.4407894736842105,0.39285714285714285,0.0,0.012258020727282812,0.0016840743270080097,5467557.0,0.43661971830985913,267002454.0,5458058939.984556,251610514.0,5274746126.337196,0.013863013698630137,-0.1056554142919772,-0.0576471855198753,-0.0335857152997103,1.0,5,6
0.1765432098765432,0.0,0.16666666666666666,0.42857142857142855,0.0,0.25,1,0.34285714285714286,0.9737802854298042,0.0,0.9988789237668162,0.4473684210526316,0.4142857142857143,0.0,0.0107059811728183,0.001704824097264886,4947000.0,0.647887323943662,251610514.0,5274746126.337196,276350304.0,5285216561.450975,0.07473972602739726,0.0072303921568627,0.0245814350190469,0.0004962530358332,1.0,4,5
0.1765432098765432,0.0,0.16666666666666666,0.42857142857142855,0.0,0.125,1,0.4228571428571429,0.9747759707932293,0.0,0.9988789237668162,0.46710526315789475,0.42857142857142855,0.0,0.011085941063745297,0.0017685555344824347,5270589.0,0.49295774647887325,276350304.0,5285216561.450975,310140444.0,5983416185.986538,0.029424657534246577,0.0312053358742258,0.0611364263235982,0.066052130165115,1.0,4,5
0.1765432098765432,0.5,0.16666666666666666,0.7857142857142857,0.0,0.125,1,0.5142857142857142,0.9877198805177564,0.5,0.9988789237668162,0.48026315789473684,0.4357142857142857,0.0,0.011929580821566256,0.0018115372014431072,5728870.0,0.29577464788732394,310140444.0,5983416185.986538,325433436.0,6283610123.956657,0.02306849315068493,0.0338565022421524,0.0246549463248978,0.0250854970337169,1.0,4,5
0.1765432098765432,0.5,0.8333333333333334,0.2857142857142857,0.0,0.0,1,0.5428571428571428,0.975107865914371,0.5,0.9979820627802691,0.4868421052631579,0.45,0.0,0.012902020542413316,0.0018337690981469032,6188219.0,0.23943661971830985,325433436.0,6283610123.956657,350268792.0,5943149740.776493,0.04224657534246575,0.0149797004059918,0.0254382343183691,-0.01806076318464,1.0,4,5
0.1765432098765432,0.5,0.0,0.2857142857142857,0.0,0.625,1,0.45714285714285713,0.9834052439429141,0.5,0.9966367713004485,0.5,0.45714285714285713,0.0,0.013591100344602952,0.0018782328915544952,6615592.0,0.4788732394366197,350268792.0,5943149740.776493,358293969.0,6033654014.749514,0.012931506849315069,0.0719453376205787,0.0229114816486419,0.0152283347922503,1.0,4,5
0.1765432098765432,0.0,0.16666666666666666,0.42857142857142855,0.0,0.25,1,0.4742857142857143,0.9850647195486226,0.0,0.9988789237668162,0.506578947368421,0.4785714285714286,0.0,0.014743860013686553,0.0019012058514817512,7174230.0,0.4507042253521127,358293969.0,6033654014.749514,390621517.0,5848654828.738916,0.07364383561643835,0.0239032620922384,0.0225565811854343,-0.0076653047041792,1.0,4,5
0.1765432098765432,0.5,0.16666666666666666,0.21428571428571427,0.0,0.0,1,0.5714285714285714,0.9774311317623631,0.5,0.9988789237668162,0.5263157894736842,0.5,0.0,0.016386059542269335,0.0019716068577104386,8137770.0,0.2535211267605634,390621517.0,5848654828.738916,475890330.0,5764995899.017727,0.051726027397260274,-0.0035363906000456,0.072763369219793,-0.0047679869514672,1.0,4,6
0.1765432098765432,0.5,0.0,0.2857142857142857,0.0,0.625,1,0.4685714285714286,0.9840690341851974,0.5,0.9966367713004485,0.5460526315789473,0.5071428571428571,0.0,0.01618641959957888,0.002044231053609506,8334753.0,0.5492957746478874,475890330.0,5764995899.017727,495900627.0,5916422135.694958,0.0014246575342465747,-0.0325147007955725,0.04204812692874,0.0262664951250064,1.0,4,6
0.1765432098765432,0.0,0.0,0.2857142857142857,0.0,0.625,1,0.4342857142857143,0.9800862927314968,0.0,0.9966367713004485,0.5460526315789473,0.5071428571428571,0.0,0.01618641959957888,0.002044231053609506,8334753.0,0.6338028169014085,475890330.0,5764995899.017727,495900627.0,5916422135.694958,0.011287671232876712,-0.0325147007955725,0.04204812692874,0.0262664951250064,1.0,4,6
0.1765432098765432,0.0,0.6666666666666666,0.2857142857142857,0.0,0.625,1,0.5028571428571429,0.9887155658811816,0.0,0.9978699551569506,0.5526315789473685,0.5214285714285715,0.0,0.015581059773356208,0.0020686861399836815,8156052.0,0.4788732394366197,495900627.0,5916422135.694958,549177110.0,6839178858.225641,0.04317808219178082,0.0340841377666547,0.0358112627808124,0.0519884428667064,1.0,4,5
0.1765432098765432,0.0,0.16666666666666666,0.42857142857142855,0.0,0.125,1,0.49142857142857144,0.9867241951543312,0.0,0.9988789237668162,0.5657894736842105,0.5357142857142857,0.0,0.017422899244629447,0.0021190784391789527,9199672.0,0.5352112676056338,549177110.0,6839178858.225641,637484504.19,9334940849.93543,0.04049315068493151,0.0136230943885825,0.0535998269544288,0.1216404309857597,1.0,4,5
0.1765432098765432,0.5,0.16666666666666666,0.7142857142857143,0.0,0.125,1,0.5371428571428571,0.9930302024560239,0.5,0.9988789237668162,0.5789473684210527,0.5428571428571428,0.0,0.01823433901169388,0.0020002615493719613,9061147.403,0.4507042253521127,637484504.19,9334940849.93543,659388635.711,9831337731.891596,0.018136986301369864,0.0087254596447492,0.034360257193752,0.0531762214604283,1.0,4,5
0.1765432098765432,0.5,0.0,0.2857142857142857,0.0,0.625,1,0.6057142857142858,0.994025887819449,0.5,0.9966367713004485,0.5855263157894737,0.55,0.0,0.01841465895993042,0.0020444644885248956,9333290.655,0.29577464788732394,659388635.711,9831337731.891596,686448883.928,10381252161.518972,0.0002739726027397259,-0.1136855112758726,0.0410383903383801,0.0559348528780092,1.0,5,6
0.1765432098765432,0.0,0.0,0.2857142857142857,0.0,0.625,1,0.5657142857142857,0.9956853634251577,0.0,0.9966367713004485,0.5855263157894737,0.5714285714285714,0.0,0.01841465895993042,0.0020444644885248956,9333290.655,0.39436619718309857,659388635.711,9831337731.891596,813934456.329,11951387652.483671,0.0833972602739726,-0.0320049428483163,0.0468754880652007,0.043128411990464,1.0,4,6
0.1765432098765432,0.0,0.0,0.2857142857142857,0.25,0.625,1,0.6057142857142858,0.994025887819449,0.0,0.9966367713004485,0.6118421052631579,0.6,0.0,0.015078739917554415,0.002236164946359165,8543092.562,0.352112676056338,813934456.329,11951387652.483671,1014324872.635,14025367456.334517,0.08279452054794521,-0.0116954762780433,0.0492399393459269,0.0347069288380055,1.0,4,6
0.1765432098765432,0.0,0.16666666666666666,0.42857142857142855,0.25,0.125,1,0.5657142857142857,0.9956853634251577,0.0,0.9988789237668162,0.6381578947368421,0.6285714285714286,0.0,0.014054780211496915,0.002452610987351206,8791226.879999999,0.5070422535211268,1014324872.635,14025367456.334517,1249245419.046,17168846684.352207,0.084986301369863,0.0194531249999999,0.0463205729739677,0.0448256238248923,1.0,4,5
0.1765432098765432,0.5,0.0,0.2857142857142857,0.0,0.625,1,0.6342857142857142,0.9850647195486226,0.5,0.9966367713004485,0.6644736842105263,0.6428571428571429,0.0,0.015658339751171868,0.002697157404713622,10573264.203,0.39436619718309857,1249245419.046,17168846684.352207,1383196801.941,19030818060.72169,0.023287671232876714,0.0364898540405838,0.0536129173870789,0.0542252898695431,1.0,4,5
0.1765432098765432,0.0,0.0,0.2857142857142857,0.0,0.625,1,0.6285714285714286,0.989379356123465,0.0,0.9966367713004485,0.6776315789473685,0.65,0.0,0.016978539372189398,0.0028315914608918065,11891658.636,0.43661971830985913,1383196801.941,19030818060.72169,1443948083.726,19784467002.851566,0.011671232876712328,0.037491705374917,0.0439209241228359,0.039601500036688,1.0,4,5
0.1765432098765432,0.0,0.5,0.2857142857142857,0.25,0.0,1,0.6342857142857142,0.9850647195486226,0.0,0.9977578475336323,0.6776315789473685,0.6642857142857143,0.0,0.016978539372189398,0.0028315914608918065,11891658.636,0.4225352112676056,1383196801.941,19030818060.72169,1636456669.4099998,22012539042.75697,0.05452054794520548,0.0403671754036717,0.0610324978372823,0.052226183385312,1.0,4,5
0.1765432098765432,0.0,0.16666666666666666,0.42857142857142855,0.0,0.125,1,0.6685714285714286,0.9970129439097245,0.0,0.9988789237668162,0.6973684210526315,0.6714285714285714,0.0,0.019329138697415735,0.003050500054975405,14329906.488000002,0.38028169014084506,1636456669.4099998,22012539042.75697,1754182512.501,23271103735.64346,0.008328767123287673,0.0266350991417578,0.0719394807645255,0.0571748988356985,1.0,4,5
0.1765432098765432,0.5,0.16666666666666666,0.42857142857142855,0.25,0.125,1,0.6285714285714286,0.989379356123465,0.5,0.9988789237668162,0.6973684210526315,0.6714285714285714,0.0,0.019329138697415735,0.003050500054975405,14329906.488000002,0.4788732394366197,1636456669.4099998,22012539042.75697,1754182512.501,23271103735.64346,0.020547945205479454,0.0133175495708789,0.0359697403822627,0.0285874494178492,1.0,4,5
0.1765432098765432,0.5,0.16666666666666666,0.42857142857142855,0.0,0.125,1,0.6457142857142857,0.9873879853966147,0.5,0.9988789237668162,0.7039473684210527,0.6785714285714286,0.0,0.01990873853103319,0.0031285681013140084,15077030.242,0.4507042253521127,1754182512.501,23271103735.64346,1865020165.067,24246398728.449657,0.01747945205479452,0.0126837705390603,0.0631847893683392,0.0419101304297988,1.0,4,5
0.1765432098765432,0.5,0.16666666666666666,0.42857142857142855,0.0,0.125,1,0.6742857142857143,0.9960172585462994,0.5,0.9988789237668162,0.7105263157894737,0.7285714285714285,0.0,0.02019209844969061,0.003208948264909807,15649304.892,0.39436619718309857,1865020165.067,24246398728.449657,2740771000.139,32088474953.570343,0.13835616438356166,0.0331422064983123,0.0670809166015899,0.0462046597573338,1.0,4,5
0.1765432098765432,0.5,0.16666666666666666,0.42857142857142855,0.0,0.125,1,0.7085714285714285,0.07368071689346167,0.5,0.9988789237668162,0.756578947368421,0.7357142857142858,0.0,0.02544069694300421,0.0037646997365848537,22525604.016000003,0.4084507042253521,2740771000.139,32088474953.570343,2914837745.91,33220383789.58506,0.006904109589041095,-0.0233364140480591,0.0635101384837231,0.035274622357482,1.0,4,6
0.1765432098765432,0.5,0.0,0.2857142857142857,0.0,0.625,1,0.68,0.07368071689346167,0.5,0.9966367713004485,0.756578947368421,0.7357142857142858,0.0,0.02544069694300421,0.0037646997365848537,22525604.016000003,0.4788732394366197,2740771000.139,32088474953.570343,2914837745.91,33220383789.58506,0.014082191780821917,-0.0233364140480591,0.0635101384837231,0.035274622357482,1.0,4,6
0.1765432098765432,0.0,0.16666666666666666,0.42857142857142855,0.0,0.625,1,0.5885714285714285,0.994025887819449,0.0,0.9988789237668162,0.7631578947368421,0.7428571428571429,0.0,0.024790257129722403,0.0038553754915441794,22517148.687,0.7183098591549296,2914837745.91,33220383789.58506,3087260751.627,35105310712.72682,0.004657534246575342,-0.0300449491365034,0.0591535518431303,0.0567400706470075,1.0,4,6
0.1765432098765432,0.5,0.0,0.2857142857142857,0.0,0.125,1,0.68,0.9933620975771656,0.5,0.9966367713004485,0.7631578947368421,0.7428571428571429,0.0,0.024790257129722403,0.0038553754915441794,22517148.687,0.49295774647887325,2914837745.91,33220383789.58506,3087260751.627,35105310712.72682,0.0008219178082191776,-0.0300449491365034,0.0591535518431303,0.0567400706470075,1.0,4,6
0.1765432098765432,0.0,0.16666666666666666,0.5,0.0,0.125,0,0.6685714285714286,0.9990043146365748,0.0,0.9988789237668162,0.7631578947368421,0.7428571428571429,0.0,0.024790257129722403,0.0038553754915441794,22517148.687,0.5211267605633803,2914837745.91,33220383789.58506,3087260751.627,35105310712.72682,0.01336986301369863,-0.0300449491365034,0.0591535518431303,0.0567400706470075,1.0,4,6
0.1765432098765432,0.5,0.16666666666666666,0.42857142857142855,0.0,0.125,1,0.7085714285714285,0.07368071689346167,0.5,0.9988789237668162,0.7697368421052632,0.75,0.0,0.023972377364506664,0.003940091616060441,22309321.8,0.43661971830985913,3087260751.627,35105310712.72682,3104329192.9090004,35740398961.4584,0.020931506849315072,-0.0048780487804878,0.0027643342521368,0.0090454725487066,1.0,4,6
0.1765432098765432,0.5,0.16666666666666666,0.7857142857142857,0.0,0.125,1,0.7142857142857143,0.9950215731828742,0.5,0.9988789237668162,0.7763157894736842,0.7571428571428571,0.0,0.023714777438454463,0.004017107352621732,22513609.44,0.43661971830985913,3104329192.9090004,35740398961.4584,3079731264.3409996,36196627164.43434,0.01906849315068493,-0.0600985221674876,-0.0079237500404879,0.0127650562453969,1.0,4,6
0.1765432098765432,0.5,0.0,0.2857142857142857,0.0,0.625,1,0.7371428571428571,0.07368071689346167,0.5,0.9966367713004485,0.7828947368421053,0.7642857142857142,0.0,0.022143417889536037,0.0040889904852973395,21530726.784,0.39436619718309857,3079731264.3409996,36196627164.43434,3006650568.852,37212432698.472725,0.0044383561643835615,-0.0605345911949685,-0.0237295689838824,0.0280635410980081,1.0,4,6
0.1765432098765432,0.5,0.0,0.2857142857142857,0.5,0.625,1,0.6057142857142858,0.994025887819449,0.5,0.9966367713004485,0.7828947368421053,0.7785714285714286,0.0,0.022143417889536037,0.0040889904852973395,21530726.784,0.7183098591549296,3079731264.3409996,36196627164.43434,3205813055.943,40098894653.77975,0.05649315068493151,-0.0296995108315863,0.0136464062153573,0.0359358297079094,1.0,4,6
0.1765432098765432,0.0,0.0,0.2857142857142857,0.5,0.625,1,0.5657142857142857,0.9956853634251577,0.0,0.9966367713004485,0.8026315789473685,0.8071428571428572,0.0,0.019953818518092324,0.004305907842499501,20629834.06,0.8591549295774648,3205813055.943,40098894653.77975,3526756992.264,46016341267.83971,0.08005479452054795,-0.0039125431530494,0.0200226233233424,0.0295142629997766,1.0,4,6
0.1765432098765432,0.0,0.0,0.2857142857142857,0.0,0.625,1,0.7485714285714286,0.07368071689346167,0.0,0.9966367713004485,0.8289473684210527,0.8357142857142857,0.0,0.019515898643803584,0.004667694908192609,21890044.08,0.4647887323943662,3526756992.264,46016341267.83971,4007569260.147198,48709321632.52854,0.08005479452054795,0.0153916908661603,0.0272665380085936,0.0117044523336362,1.0,4,5
0.1765432098765432,0.0,0.0,0.2857142857142857,0.0,0.625,1,0.6971428571428572,0.07368071689346167,0.0,0.9966367713004485,0.8552631578947368,0.8642857142857143,0.0,0.02120494537453256,0.005131589370130135,25872204.765650705,0.647887323943662,4007569260.147198,48709321632.52854,4764813624.333422,56142944592.630035,0.08005479452054795,0.0223015179563054,0.0377907062875519,0.0305223834410259,1.0,4,5
0.1765432098765432,0.0,0.6666666666666666,0.2857142857142857,0.25,0.0,1,0.6742857142857143,0.9960172585462994,0.0,0.9978699551569506,0.881578947368421,0.8928571428571429,0.0,0.023840601258849268,0.005597384659235835,31321345.48702556,0.7605633802816901,4764813624.333422,56142944592.630035,5279021630.963469,64760587194.60295,0.08010958904109589,0.0042629239272955,0.0215835517260964,0.0306989334617271,1.0,4,5
0.1765432098765432,0.0,0.0,0.2857142857142857,0.0,0.625,1,0.8685714285714285,0.07368071689346167,0.0,0.9966367713004485,0.9078947368421053,0.9,0.0,0.024400583556604214,0.006096468508339352,34794955.19341911,0.3380281690140845,5279021630.963469,64760587194.60295,5340359249.454948,67072928019.09664,0.019945205479452055,0.0065434465272971,0.0116191261902984,0.0357059891619759,1.0,4,5
0.1765432098765432,0.0,0.0,0.2857142857142857,0.25,0.125,1,0.6971428571428572,0.07368071689346167,0.0,0.9966367713004485,0.9144736842105263,0.9071428571428571,0.0,0.02457615861343458,0.006228555617288839,35770128.9918212,0.7746478873239436,5340359249.454948,67072928019.09664,5485557213.435763,69971417637.12488,0.023835616438356168,0.004365729274532,0.0135944004137581,0.0216070007947394,1.0,4,5
0.1765432098765432,0.0,0.0,0.2857142857142857,0.0,0.625,1,0.8285714285714286,0.07368071689346167,0.0,0.9966367713004485,0.9210526315789473,0.9214285714285714,0.0,0.024811975869730392,0.006362940022231052,36849590.1352284,0.4647887323943662,5485557213.435763,69971417637.12488,6172307899.750509,77968730835.80147,0.03293150684931507,0.0254085503208451,0.0625962559129534,0.057146999937539,1.0,4,5
0.1765432098765432,0.0,0.0,0.2857142857142857,0.0,0.625,1,0.8457142857142858,0.07368071689346167,0.0,0.9966367713004485,0.9342105263157895,0.9285714285714286,0.0,0.026196416171636337,0.006636985202266512,40366069.05998575,0.4507042253521127,6172307899.750509,77968730835.80147,6563879628.943458,82618841699.03532,0.012438356164383562,0.0307185026479221,0.0634400836045097,0.0596407151095836,1.0,4,5
0.1765432098765432,0.0,1.0,1.0,0.0,0.875,1,0.8628571428571429,0.07368071689346167,0.0,0.0,0.9407894736842105,0.9928571428571429,0.0,0.027075826424702493,0.006776268035115793,42467222.771450534,0.4225352112676056,6563879628.943458,82618841699.03532,8738737945.986675,113181872475.00755,0.1989041095890411,0.0347970085664555,0.0331337324873108,0.036992809566742,1.0,4,5
0.18888888888888888,0.0,0.0,0.2857142857142857,0.0,0.625,1,0.09714285714285714,0.9545303684035845,0.0,0.9966367713004485,0.05263157894736842,0.0,0.0,0.009392221549952073,0.0013713456467079452,3626100.0,0.4084507042253521,18645503.0,891261334.0910999,21022083.0,994588638.0127811,0.10010958904109589,0.0137981118373275,0.0212435495393536,0.0193222982548011,1.0,4,5
0.18888888888888888,0.0,0.0,0.2857142857142857,0.0,0.625,1,0.09714285714285714,0.9568536342515765,0.0,0.9966367713004485,0.08552631578947369,0.03571428571428571,0.0,0.010371101268950439,0.0014876925727911445,4238416.0,0.4788732394366197,21022083.0,994588638.0127811,24317574.0,1168068272.6993976,0.10005479452054795,0.0503018108651911,0.0313526590110028,0.0348847006805213,1.0,4,5
0.18888888888888888,0.0,0.0,0.2857142857142857,0.0,0.625,1,0.09714285714285714,0.9585131098572851,0.0,0.9966367713004485,0.11842105263157894,0.07142857142857142,0.0,0.013591100344602952,0.0016107090678854827,5717424.0,0.5492957746478874,24317574.0,1168068272.6993976,28392644.0,1592248032.1179185,0.10005479452054795,0.0110128617363344,0.0335154320903886,0.0726292750745201,1.0,4,5
0.18888888888888888,0.0,0.16666666666666666,0.9285714285714286,0.0,0.125,1,0.18285714285714286,0.9591769000995686,0.0,0.9988789237668162,0.1513157894736842,0.10714285714285714,0.0,0.014473380091331742,0.0017374308790971203,6481125.0,0.4084507042253521,28392644.0,1592248032.1179185,33056924.0,1755379986.2233455,0.0989041095890411,0.0314666666666666,0.0328555523043222,0.0204907716404508,1.0,4,5
0.18888888888888888,0.5,0.0,0.2857142857142857,0.0,0.625,1,0.21142857142857144,0.9694656488549618,0.5,0.9966367713004485,0.18421052631578946,0.14285714285714285,0.0,0.01713309932782072,0.0018663758799791375,8029434.0,0.4084507042253521,33056924.0,1755379986.2233455,59052464.0,1960151150.4666553,0.1010958904109589,0.0187074829931972,0.131064523728826,0.0194422447798961,1.0,4,5
0.18888888888888888,0.0,0.6666666666666666,0.2857142857142857,0.0,0.0,1,0.24,0.9624958513109857,0.0,0.9978699551569506,0.21710526315789475,0.17857142857142858,0.0,0.019329138697415735,0.0019960619440846142,9522022.0,0.4084507042253521,59052464.0,1960151150.4666553,97485100.0,2383409478.9599314,0.09232876712328766,0.0021899970405445,0.1301643772222612,0.0431862949336851,1.0,4,6
0.18888888888888888,0.0,0.0,0.2857142857142857,0.0,0.0,1,0.22285714285714286,0.9628277464321274,0.0,0.9966367713004485,0.25,0.18571428571428572,0.0,0.01956741862901402,0.0021264890714135514,10227504.0,0.5211267605633803,97485100.0,2383409478.9599314,99363364.0,2427437019.6413016,0.0059726027397260266,0.0550351288056205,0.0192671905757906,0.0184725038102067,1.0,4,5
0.18888888888888888,0.0,0.0,0.2857142857142857,0.0,0.625,1,0.26285714285714284,0.9674742781281115,0.0,0.9966367713004485,0.25,0.21428571428571427,0.0,0.01956741862901402,0.0021264890714135514,10227504.0,0.4225352112676056,97485100.0,2383409478.9599314,124281783.0,2786976251.5688505,0.10175342465753424,0.0122950819672131,0.0458132969380277,0.0282205510055722,1.0,4,5
0.18888888888888888,0.0,0.5,0.2857142857142857,0.0,0.0,1,0.22857142857142856,0.9654829074012612,0.0,0.9977578475336323,0.28289473684210525,0.24285714285714285,0.0,0.02119029816314289,0.002258398325189408,11634896.0,0.5774647887323944,124281783.0,2786976251.5688505,145113649.0,3166254860.355937,0.07824657534246576,0.0556842966194111,0.0419045042184501,0.0340224112578625,1.0,4,5
0.18888888888888888,0.0,0.5,0.2857142857142857,0.0,0.0,1,0.21142857142857144,0.9654829074012612,0.0,0.9977578475336323,0.3092105263157895,0.25,0.0,0.026451776652759103,0.002365852492591089,14876745.0,0.676056338028169,145113649.0,3166254860.355937,147401920.0,3482522324.7243567,0.0011506849315068488,-0.0008918617614269,0.0157688199267871,0.099886925821526,1.0,4,6
0.18888888888888888,0.0,0.0,0.2857142857142857,0.0,0.625,1,0.3314285714285714,0.9724527049452373,0.0,0.9966367713004485,0.3092105263157895,0.25,0.0,0.026451776652759103,0.002365852492591089,14876745.0,0.38028169014084506,145113649.0,3166254860.355937,147401920.0,3482522324.7243567,0.020657534246575345,-0.0004459308807134,0.0078844099633935,0.049943462910763,1.0,4,6
0.18888888888888888,0.0,0.0,0.2857142857142857,0.0,0.625,1,0.15428571428571428,0.9684699634915367,0.0,0.9966367713004485,0.3157894736842105,0.2785714285714286,0.0,0.026426016660153887,0.002393271831859104,15029274.0,0.8309859154929577,147401920.0,3482522324.7243567,148598033.0,3112087731.959568,0.0853150684931507,-0.0298147734880607,0.0016229272997258,-0.0212739249442777,1.0,4,6
0.18888888888888888,0.0,0.0,0.2857142857142857,0.0,0.625,1,0.2857142857142857,0.9721208098240955,0.0,0.9966367713004485,0.34210526315789475,0.3142857142857143,0.0,0.022124097895082122,0.0025081366314953835,13379817.0,0.5633802816901409,148598033.0,3112087731.959568,191513114.0,3564985722.0261664,0.10010958904109589,0.0190138998164175,0.0481332986419813,0.0242547784142653,1.0,4,5
0.18888888888888888,0.0,0.16666666666666666,0.42857142857142855,0.0,0.125,1,0.34285714285714286,0.97875871224693,0.0,0.9988789237668162,0.375,0.34285714285714286,0.0,0.02492549709089981,0.0026667241613157954,15815304.0,0.49295774647887325,191513114.0,3564985722.0261664,228277553.0,4177978439.109769,0.07424657534246576,0.03125,0.047992064658298,0.042987038720537,1.0,4,5
0.18888888888888888,0.5,0.16666666666666666,0.42857142857142855,0.0,0.25,1,0.33714285714285713,0.9747759707932293,0.5,0.9988789237668162,0.40131578947368424,0.35,0.0,0.028345136109242785,0.00281049042666701,18719343.0,0.5633802816901409,228277553.0,4177978439.109769,235026569.0,4389125672.035584,0.007506849315068494,0.0259468508056077,0.0295649568313007,0.050538133693865,1.0,4,5
0.18888888888888888,0.5,0.0,0.2857142857142857,0.0,0.625,1,0.3942857142857143,0.9820776634583471,0.5,0.9966367713004485,0.40789473684210525,0.35714285714285715,0.0,0.029143695880004608,0.002849766777510383,19464910.0,0.43661971830985913,235026569.0,4389125672.035584,244042383.0,4582082014.773711,0.0031232876712328755,-0.0409953089944932,0.0383608288984553,0.0439623645245585,1.0,4,6
0.18888888888888888,0.0,0.0,0.2857142857142857,0.25,0.125,1,0.34285714285714286,0.97875871224693,0.0,0.9966367713004485,0.40789473684210525,0.35714285714285715,0.0,0.029143695880004608,0.002849766777510383,19464910.0,0.5633802816901409,235026569.0,4389125672.035584,244042383.0,4582082014.773711,0.010630136986301369,-0.0409953089944932,0.0383608288984553,0.0439623645245585,1.0,4,6
0.18888888888888888,0.0,0.0,0.2857142857142857,0.0,0.625,1,0.2857142857142857,0.976435446398938,0.0,0.9966367713004485,0.40789473684210525,0.35714285714285715,0.0,0.029143695880004608,0.002849766777510383,19464910.0,0.704225352112676,235026569.0,4389125672.035584,244042383.0,4582082014.773711,0.004547945205479452,-0.0409953089944932,0.0383608288984553,0.0439623645245585,1.0,4,6
0.18888888888888888,0.5,0.16666666666666666,0.42857142857142855,0.25,0.125,1,0.3314285714285714,0.9724527049452373,0.5,0.9988789237668162,0.40789473684210525,0.36428571428571427,0.0,0.029143695880004608,0.002849766777510383,19464910.0,0.5915492957746479,235026569.0,4389125672.035584,252940663.0,4698671884.768971,0.025863013698630137,-0.0366102386294105,0.0381107848279059,0.0352628559607665,1.0,4,6
0.18888888888888888,0.5,0.0,0.2857142857142857,0.25,0.125,1,0.3942857142857143,0.9820776634583471,0.5,0.9966367713004485,0.42105263157894735,0.39285714285714285,0.0,0.0268317365436861,0.0029320247953144286,18544064.0,0.4647887323943662,252940663.0,4698671884.768971,251610514.0,5274746126.337196,0.08597260273972603,-0.028169014084507,-0.0010517478559783,0.024520726524259,1.0,4,6
0.18888888888888888,0.0,0.0,0.2857142857142857,0.0,0.625,1,0.38857142857142857,0.981081978094922,0.0,0.9966367713004485,0.4473684210526316,0.4,0.0,0.02271013772685088,0.003118031664402856,16912128.0,0.5352112676056338,251610514.0,5274746126.337196,238034537.0,5018502854.988797,5.479452054794518e-05,-0.2443647540983606,-0.0539563183754714,-0.0485792614869098,1.0,7,7
0.18888888888888888,0.0,0.0,0.2857142857142857,0.0,0.625,1,0.4,0.9780949220046465,0.0,0.9966367713004485,0.4473684210526316,0.4,0.0,0.02271013772685088,0.003118031664402856,16912128.0,0.5070422535211268,251610514.0,5274746126.337196,238034537.0,5018502854.988797,0.0010958904109589036,-0.2443647540983606,-0.0539563183754714,-0.0485792614869098,1.0,7,7
0.18888888888888888,0.0,0.0,0.2857142857142857,0.0,0.625,1,0.38285714285714284,0.9800862927314968,0.0,0.9966367713004485,0.4473684210526316,0.4,0.0,0.02271013772685088,0.003118031664402856,16912128.0,0.5492957746478874,251610514.0,5274746126.337196,238034537.0,5018502854.988797,0.004931506849315068,-0.2443647540983606,-0.0539563183754714,-0.0485792614869098,1.0,7,7
0.18888888888888888,0.0,0.16666666666666666,0.42857142857142855,0.25,0.125,1,0.4,0.9780949220046465,0.0,0.9988789237668162,0.4473684210526316,0.4,0.0,0.02271013772685088,0.003118031664402856,16912128.0,0.5070422535211268,251610514.0,5274746126.337196,238034537.0,5018502854.988797,0.011068493150684932,-0.2443647540983606,-0.0539563183754714,-0.0485792614869098,1.0,7,7
0.18888888888888888,0.5,0.16666666666666666,0.7857142857142857,0.0,0.125,1,0.4514285714285714,0.9804181878526386,0.5,0.9988789237668162,0.45394736842105265,0.40714285714285714,0.0,0.016566379490505878,0.003169165026821587,12982950.0,0.39436619718309857,238034537.0,5018502854.988797,257259548.0,5044728874.113239,0.00038356164383561626,0.2264406779661016,0.0807656369630092,0.0052258651399135,1.0,2,4
0.18888888888888888,0.5,0.16666666666666666,0.42857142857142855,0.0,0.25,1,0.4,0.9800862927314968,0.5,0.9988789237668162,0.45394736842105265,0.40714285714285714,0.0,0.016566379490505878,0.003169165026821587,12982950.0,0.5211267605633803,238034537.0,5018502854.988797,257259548.0,5044728874.113239,0.0002739726027397259,0.2264406779661016,0.0807656369630092,0.0052258651399135,1.0,2,4
0.18888888888888888,0.5,0.16666666666666666,0.42857142857142855,0.25,0.125,1,0.4514285714285714,0.9804181878526386,0.5,0.9988789237668162,0.45394736842105265,0.40714285714285714,0.0,0.016566379490505878,0.003169165026821587,12982950.0,0.39436619718309857,238034537.0,5018502854.988797,257259548.0,5044728874.113239,0.0048219178082191776,0.2264406779661016,0.0807656369630092,0.0052258651399135,1.0,2,4
0.18888888888888888,0.5,0.0,0.2857142857142857,0.0,0.625,1,0.4057142857142857,0.9853966146697644,0.5,0.9966367713004485,0.45394736842105265,0.40714285714285714,0.0,0.016566379490505878,0.003169165026821587,12982950.0,0.5070422535211268,238034537.0,5018502854.988797,257259548.0,5044728874.113239,0.0010410958904109584,0.2264406779661016,0.0807656369630092,0.0052258651399135,1.0,2,4
0.18888888888888888,0.0,0.0,0.2857142857142857,0.0,0.625,1,0.37714285714285717,0.9800862927314968,0.0,0.9966367713004485,0.45394736842105265,0.40714285714285714,0.0,0.016566379490505878,0.003169165026821587,12982950.0,0.5774647887323944,238034537.0,5018502854.988797,257259548.0,5044728874.113239,0.004602739726027397,0.2264406779661016,0.0807656369630092,0.0052258651399135,1.0,2,4
0.18888888888888888,0.0,0.0,0.2857142857142857,0.5,0.125,1,0.34285714285714286,0.97875871224693,0.0,0.9966367713004485,0.45394736842105265,0.44285714285714284,0.0,0.016566379490505878,0.003169165026821587,12982950.0,0.6619718309859155,238034537.0,5018502854.988797,336590382.0,6269649368.577917,0.12,0.119774011299435,0.0690066843815469,0.0415511209133277,1.0,3,5
0.18888888888888888,0.0,0.5,0.2857142857142857,0.0,0.0,1,0.4057142857142857,0.9757716561566545,0.0,0.9977578475336323,0.4934210526315789,0.4642857142857143,0.0,0.030219175571272548,0.0035204289947415647,24716250.0,0.5915492957746479,336590382.0,6269649368.577917,376295581.0,5616296626.636931,0.058465753424657534,0.0013806706114398,0.0393209878864967,-0.0347362722395845,1.0,4,6
0.18888888888888888,0.0,0.0,0.2857142857142857,0.0,0.625,1,0.4342857142857143,0.9817457683372054,0.0,0.9966367713004485,0.5131578947368421,0.4714285714285714,0.0,0.030354415532449955,0.0037249624444164885,26223741.0,0.5633802816901409,376295581.0,5616296626.636931,378518382.0,5685375444.6349,0.006958904109589039,0.0137497544686702,0.0059070611302236,0.0122997096824164,1.0,4,5
0.18888888888888888,0.0,0.6666666666666666,0.2857142857142857,0.0,0.0,1,0.45714285714285713,0.9774311317623631,0.0,0.9978699551569506,0.5197368421052632,0.5,0.0,0.030805215403041306,0.003796845577092096,27084928.0,0.5211267605633803,378518382.0,5685375444.6349,475890330.0,5764995899.017727,0.07599999999999998,0.0366692501453206,0.0643112412965983,0.0035011080252387,1.0,4,5
0.18888888888888888,0.0,0.0,0.2857142857142857,0.0,0.625,1,0.45714285714285713,0.9903750414868902,0.0,0.9966367713004485,0.5460526315789473,0.5071428571428571,0.0,0.035680294003579215,0.004099199372263722,33472208.0,0.5774647887323944,475890330.0,5764995899.017727,495900627.0,5916422135.694958,0.010849315068493152,-0.1235214599526867,0.04204812692874,0.0262664951250064,1.0,5,6
0.18888888888888888,0.0,0.0,0.2857142857142857,0.0,0.625,1,0.49714285714285716,0.9877198805177564,0.0,0.9966367713004485,0.5460526315789473,0.5071428571428571,0.0,0.035680294003579215,0.004099199372263722,33472208.0,0.4788732394366197,475890330.0,5764995899.017727,495900627.0,5916422135.694958,0.0018630136986301361,-0.1235214599526867,0.04204812692874,0.0262664951250064,1.0,5,6
0.18888888888888888,0.0,0.0,0.2857142857142857,0.25,0.625,1,0.45714285714285713,0.9903750414868902,0.0,0.9966367713004485,0.5460526315789473,0.5071428571428571,0.0,0.035680294003579215,0.004099199372263722,33472208.0,0.5774647887323944,475890330.0,5764995899.017727,495900627.0,5916422135.694958,0.0022465753424657526,-0.1235214599526867,0.04204812692874,0.0262664951250064,1.0,5,6
0.18888888888888888,0.0,0.0,0.2857142857142857,0.0,0.625,1,0.44,0.9840690341851974,0.0,0.9966367713004485,0.5460526315789473,0.5071428571428571,0.0,0.035680294003579215,0.004099199372263722,33472208.0,0.6197183098591549,475890330.0,5764995899.017727,495900627.0,5916422135.694958,0.0009315068493150681,-0.1235214599526867,0.04204812692874,0.0262664951250064,1.0,5,6
0.18888888888888888,0.0,0.0,0.2857142857142857,0.0,0.625,1,0.5142857142857142,0.9887155658811816,0.0,0.9966367713004485,0.5460526315789473,0.5428571428571428,0.0,0.035680294003579215,0.004099199372263722,33472208.0,0.43661971830985913,475890330.0,5764995899.017727,659388635.711,9831337731.891596,0.12010958904109591,0.0080625694008593,0.0550842116775098,0.1007643346674047,1.0,4,5
0.18888888888888888,0.0,0.0,0.2857142857142857,0.25,0.625,1,0.3942857142857143,0.9820776634583471,0.0,0.9966367713004485,0.5855263157894737,0.5857142857142857,0.0,0.037831253386115093,0.004633964674513609,39872873.988,0.8169014084507042,659388635.711,9831337731.891596,917164941.479,12754499113.88668,0.12005479452054794,0.0188206440605672,0.0651553807591399,0.0495551650194514,1.0,4,5
0.18888888888888888,0.0,0.0,0.2857142857142857,0.0,0.625,1,0.5028571428571429,0.9907069366080319,0.0,0.9966367713004485,0.625,0.6285714285714286,0.0,0.04237789208093645,0.0052580614430354665,50235250.114,0.6338028169014085,917164941.479,12754499113.88668,1249245419.046,17168846684.352207,0.12010958904109591,0.0074323491972241,0.0517246855809341,0.0494430299350976,1.0,4,5
0.18888888888888888,0.0,0.0,0.2857142857142857,0.0,0.625,1,0.5885714285714285,0.989379356123465,0.0,0.9966367713004485,0.6644736842105263,0.6714285714285714,0.0,0.044709171411708874,0.006081115901538935,60978696.36000001,0.5070422535211268,1249245419.046,17168846684.352207,1754182512.501,23271103735.64346,0.12005479452054794,0.0199225865209471,0.0673656120402401,0.0592376914174913,1.0,4,5
0.18888888888888888,0.0,0.16666666666666666,0.42857142857142855,0.0,0.75,1,0.5714285714285714,0.9863923000331896,0.0,0.9988789237668162,0.7039473684210527,0.6928571428571428,0.0,0.05034416979410077,0.006850439571025446,76775332.81,0.6338028169014085,1754182512.501,23271103735.64346,2156414926.1,28100062467.301537,0.05709589041095891,-0.0115517592027659,0.0764330223589492,0.0691695988655341,1.0,4,6
0.18888888888888888,0.5,0.0,0.2857142857142857,0.0,0.625,1,0.6114285714285714,0.9973448390308662,0.5,0.9966367713004485,0.7236842105263158,0.8142857142857143,0.0,0.04851521031913014,0.007241778014880463,78292279.485,0.5774647887323944,2156414926.1,28100062467.301537,3546778466.365,46715156894.540726,0.3301369863013699,0.0170425394276026,0.0379268802186128,0.0389680825733991,1.0,4,5
0.18888888888888888,0.0,0.0,0.2857142857142857,0.0,0.625,1,0.6285714285714286,0.07368071689346167,0.0,0.9966367713004485,0.8355263157894737,0.8428571428571429,0.0,0.06327568608192127,0.00963716484117932,133955187.0,0.7746478873239436,3546778466.365,46715156894.540726,4224740380.411421,50046959415.1475,0.08005479452054795,0.0488003750306027,0.0382297299070525,0.0142643319303338,1.0,4,5
0.18888888888888888,0.0,0.0,0.2857142857142857,0.0,0.625,1,0.7657142857142857,0.07368071689346167,0.0,0.9966367713004485,0.8618421052631579,0.8857142857142857,0.0,0.07930839077077974,0.0103554403705178,178942758.99934405,0.49295774647887325,4224740380.411421,50046959415.1475,5194943343.847668,62796055415.77486,0.12010958904109591,0.0283526493743505,0.0328068498577273,0.0363918098111232,1.0,4,5
0.18888888888888888,0.0,0.0,0.2857142857142857,0.0,0.625,1,0.6857142857142857,0.07368071689346167,0.0,0.9966367713004485,0.9013157894736842,0.9285714285714286,0.0,0.09553121084619717,0.011275374024224176,233340520.9377197,0.7746478873239436,5194943343.847668,62796055415.77486,6563879628.943458,82618841699.03532,0.12,0.0296832207732238,0.0439188711819482,0.0526115484802697,1.0,4,5
0.18888888888888888,0.0,0.0,0.2857142857142857,0.0,0.625,0,0.8171428571428572,0.07368071689346167,0.0,0.9966367713004485,0.9407894736842105,0.9571428571428572,0.0,0.11297832397911221,0.012034600707291046,293258352.14368594,0.5352112676056338,6563879628.943458,82618841699.03532,7742585828.810348,95439312780.60912,0.08005479452054795,0.0110379444240713,0.0359149242978003,0.0310352234863721,1.0,4,5
0.18888888888888888,0.0,0.0,0.2857142857142857,0.0,0.625,1,0.8057142857142857,0.07368071689346167,0.0,0.9966367713004485,0.9671052631578947,0.9857142857142858,0.0,0.11934776644437876,0.012505427815684039,321457381.47643405,0.6197183098591549,7742585828.810348,95439312780.60912,8731076632.536161,109801891452.69542,0.08005479452054795,0.0256788132492171,0.0255338675109707,0.0300978250023703,1.0,4,5
0.18888888888888888,0.0,1.0,1.0,0.25,0.875,0,0.8171428571428572,0.07368071689346167,0.0,0.0,0.993421052631579,0.9928571428571429,0.0,0.13498351642012568,0.013039704757269665,378114272.8693589,0.647887323943662,8731076632.536161,109801891452.69542,8738737945.986675,113181872475.00755,0.03616438356164384,0.0055361559237958,0.0004387381861913,0.0153912695746607,1.0,4,5
0.19506172839506172,0.0,0.0,0.2857142857142857,0.0,0.625,1,0.2,0.9668104878858281,0.0,0.9966367713004485,0.1118421052631579,0.07142857142857142,0.0,0.014035460217043,,,0.28169014084507044,23748900.0,1129603158.4191873,28392644.0,1592248032.1179185,0.12120547945205479,0.0678250181574389,0.0279335885030464,0.0585091536983629,1.0,4,5
0.19506172839506172,0.0,0.0,0.2857142857142857,0.0,0.625,1,0.2057142857142857,0.9651510122801195,0.0,0.9966367713004485,0.1513157894736842,0.1,0.0,0.02185361797272731,,,0.352112676056338,28392644.0,1592248032.1179185,69483632.0,2439288281.1040273,0.07632876712328768,0.0053036329885972,0.361810157588705,0.132994394073677,1.0,4,5
0.19506172839506172,0.0,0.0,0.2857142857142857,0.0,0.625,1,0.21714285714285714,0.9641553269166944,0.0,0.9966367713004485,0.17763157894736842,0.11428571428571428,0.0,0.022368817824831713,0.002409575222775221,13000976.0,0.38028169014084506,69483632.0,2439288281.1040273,30778633.0,1831626029.2905164,0.043780821917808216,0.0346230416342075,-0.1856792162697156,-0.0830381900765581,1.0,4,5
0.19506172839506172,0.0,0.0,0.2857142857142857,0.0,0.5,1,0.08,0.964487222037836,0.0,0.9966367713004485,0.19078947368421054,0.1357142857142857,0.0,0.024944817085353725,,,0.7464788732394366,30778633.0,1831626029.2905164,56508304.0,1958952104.1774433,0.04564383561643836,0.0888418411354191,0.2786529538202687,0.0231717743052325,1.0,4,5
0.19506172839506172,0.0,0.0,0.2857142857142857,0.0,0.625,1,0.13142857142857142,0.9668104878858281,0.0,0.9966367713004485,0.21052631578947367,0.15714285714285714,0.0,0.03224133499078233,,,0.6619718309859155,56508304.0,1958952104.1774433,64064436.0,2145898307.1412191,0.07441095890410959,-0.0298569836552748,0.033429299169906,0.0238579343728102,1.0,4,6
0.19506172839506172,0.0,0.0,0.2857142857142857,0.25,0.625,1,0.2,0.9668104878858281,0.0,0.9966367713004485,0.23026315789473684,0.2,0.0,0.028100416179493194,,,0.5352112676056338,64064436.0,2145898307.1412191,111387273.0,2530930797.645001,0.12005479452054794,0.0121282429867116,0.1231126033795099,0.0299045306746715,1.0,4,5
0.19506172839506172,0.0,0.5,0.2857142857142857,0.0,0.0,1,0.15428571428571428,0.9641553269166944,0.0,0.9977578475336323,0.26973684210526316,0.21428571428571427,0.0,0.03032221554169343,0.003950245664348289,27744130.0,0.7323943661971831,111387273.0,2530930797.645001,124281783.0,2786976251.5688505,0.028273972602739728,0.0513173417223751,0.057881433186716,0.0505832585707394,1.0,4,5
0.19506172839506172,0.0,0.0,0.2857142857142857,0.0,0.625,1,0.29714285714285715,0.9724527049452373,0.0,0.9966367713004485,0.28289473684210525,0.24285714285714285,0.0,0.03368389457667466,0.004265938597542192,32980648.0,0.4084507042253521,124281783.0,2786976251.5688505,145113649.0,3166254860.355937,0.09178082191780822,0.0172610556348074,0.03352360337476,0.02721792900629,1.0,4,5
0.19506172839506172,0.0,0.6666666666666666,0.2857142857142857,0.0,0.625,1,0.24571428571428572,0.9668104878858281,0.0,0.9978699551569506,0.3092105263157895,0.2642857142857143,0.0,0.03680085368190629,0.004973653975946367,41644912.0,0.5915492957746479,145113649.0,3166254860.355937,155476888.0,4396657850.163141,0.059726027397260274,-0.0021886627270737,0.0238048799944379,0.1295329491857864,1.0,4,6
0.19506172839506172,0.0,0.0,0.2857142857142857,0.0,0.625,1,0.18285714285714286,0.9684699634915367,0.0,0.9966367713004485,0.32894736842105265,0.2857142857142857,0.0,0.03654325375585409,0.00557910262951308,46315956.0,0.7887323943661971,155476888.0,4396657850.163141,154776992.0,3334816155.24101,0.06038356164383562,-0.0464722405816259,-0.0011254019954399,-0.0603777762057792,1.0,4,6
0.19506172839506172,0.0,0.0,0.2857142857142857,0.0,0.625,1,0.25142857142857145,0.9731164951875207,0.0,0.9966367713004485,0.34868421052631576,0.32857142857142857,0.0,0.02929825583563593,0.006003731856555585,40529502.0,0.6619718309859155,154776992.0,3334816155.24101,203842078.0,3715797650.1647186,0.12005479452054794,0.0293958460185373,0.0528341727518088,0.0190406045984952,1.0,4,5
0.19506172839506172,0.0,0.0,0.2857142857142857,0.0,0.625,1,0.34285714285714286,0.9761035512777962,0.0,0.9966367713004485,0.3881578947368421,0.37142857142857144,0.0,0.034894614229120005,0.006850026057746755,54296928.0,0.5211267605633803,203842078.0,3715797650.1647186,272421476.0,4861352558.274555,0.12010958904109591,0.025732031943212,0.048061994624794,0.0440418764868139,1.0,4,5
0.19506172839506172,0.0,0.16666666666666666,0.42857142857142855,0.25,0.25,1,0.25142857142857145,0.9731164951875207,0.0,0.9988789237668162,0.4276315789473684,0.38571428571428573,0.0,0.041617972299082456,0.008268421067448944,77168880.0,0.8309859154929577,272421476.0,4861352558.274555,267002454.0,5458058939.984556,0.038027397260273973,-0.0246345029239766,-0.0099460256943912,0.0613724652303134,1.0,4,6
0.19506172839506172,0.5,0.0,0.2857142857142857,0.0,0.125,1,0.34285714285714286,0.972784600066379,0.5,0.9966367713004485,0.4407894736842105,0.4,0.0,0.03944769292209266,0.008723433886653304,77359688.0,0.6338028169014085,267002454.0,5458058939.984556,238034537.0,5018502854.988797,0.029150684931506854,-0.0683530678148546,-0.0542465369999932,-0.0402667037704252,1.0,4,6
0.19506172839506172,0.0,0.0,0.2857142857142857,0.0,0.625,1,0.38857142857142857,0.976435446398938,0.0,0.9966367713004485,0.45394736842105265,0.44285714285714284,0.0,0.03372253456558249,0.009098411877723997,69624828.0,0.5492957746478874,238034537.0,5018502854.988797,336590382.0,6269649368.577917,0.12010958904109591,0.0223166573362512,0.0591485866127545,0.035615246497138,1.0,4,5
0.19506172839506172,0.0,0.6666666666666666,0.2857142857142857,0.0,0.0,1,0.44571428571428573,0.9761035512777962,0.0,0.9978699551569506,0.4934210526315789,0.4714285714285714,0.0,0.039370412944277,0.010078097459137942,89082484.0,0.49295774647887325,336590382.0,6269649368.577917,378518382.0,5685375444.6349,0.08673972602739727,0.0104144199661069,0.0249133678454306,-0.0186381690456652,1.0,4,5
0.19506172839506172,0.0,0.16666666666666666,0.42857142857142855,0.0,0.625,1,0.37142857142857144,0.9767673415200796,0.0,0.9988789237668162,0.5197368421052632,0.4785714285714286,0.0,0.041547132319418104,0.010755429245380263,99962902.0,0.7323943661971831,378518382.0,5685375444.6349,390621517.0,5848654828.738916,0.01879452054794521,-0.0238687948455117,0.0319750257201512,0.0287191911412107,1.0,4,6
0.19506172839506172,0.5,0.16666666666666666,0.7857142857142857,0.0,0.125,1,0.44,0.9794225024892134,0.5,0.9988789237668162,0.5263157894736842,0.4857142857142857,0.0,0.04049741262075538,0.010932543355787172,99170082.0,0.5774647887323944,390621517.0,5848654828.738916,415891044.0,5921553827.78953,0.00010958904109589036,0.0949594959495949,0.0646905659321372,0.012464233432345,1.0,3,5
0.19506172839506172,0.5,0.0,0.2857142857142857,0.0,0.625,1,0.4342857142857143,0.9827414537006306,0.5,0.9966367713004485,0.5263157894736842,0.4857142857142857,0.0,0.04049741262075538,0.010932543355787172,99170082.0,0.5915492957746479,390621517.0,5848654828.738916,415891044.0,5921553827.78953,0.014356164383561644,0.0949594959495949,0.0646905659321372,0.012464233432345,1.0,3,5
0.19506172839506172,0.0,0.0,0.2857142857142857,0.0,0.625,1,0.4514285714285714,0.9887155658811816,0.0,0.9966367713004485,0.5328947368421053,0.5,0.0,0.044573931450531463,0.011120032351322518,110433870.0,0.5633802816901409,415891044.0,5921553827.78953,475890330.0,5764995899.017727,0.044712328767123284,0.0062565648262318,0.0480889461038742,-0.0088128855660083,1.0,4,5
0.19506172839506172,0.0,0.16666666666666666,0.42857142857142855,0.0,0.125,1,0.49714285714285716,0.9867241951543312,0.0,0.9988789237668162,0.5460526315789473,0.5642857142857143,0.0,0.04545621119726025,0.01150834948041549,116403144.0,0.4788732394366197,475890330.0,5764995899.017727,777827903.911,11398992120.516134,0.18602739726027395,0.0122646584185045,0.0634468815348695,0.0977276709330939,1.0,4,5
0.19506172839506172,0.5,0.16666666666666666,0.42857142857142855,0.0,0.125,1,0.5028571428571429,0.9807500829737803,0.5,0.9988789237668162,0.6052631578947368,0.5714285714285714,0.0,0.051329489511250444,0.013934457823706099,158009449.708,0.5915492957746479,777827903.911,11398992120.516134,813934456.329,11951387652.483671,0.00295890410958904,0.009103977000479,0.0464197185990018,0.0484600327930155,1.0,4,5
0.19506172839506172,0.5,0.0,0.2857142857142857,0.0,0.625,1,0.5428571428571428,0.9853966146697644,0.5,0.9966367713004485,0.6052631578947368,0.5857142857142857,0.0,0.051329489511250444,0.013934457823706099,158009449.708,0.49295774647887325,777827903.911,11398992120.516134,917164941.479,12754499113.88668,0.04931506849315069,0.0293483469094394,0.0597120249296786,0.0396382118418719,1.0,4,5
0.19506172839506172,0.0,0.16666666666666666,0.42857142857142855,0.0,0.25,1,0.5714285714285714,0.9936939926983074,0.0,0.9988789237668162,0.625,0.6142857142857143,0.0,0.05606288815245964,0.01468939226858269,181174413.737,0.4647887323943662,917164941.479,12754499113.88668,1127021110.899,15291081770.15114,0.07824657534246576,-0.0009358141583177,0.0572024070941891,0.0497193702711287,1.0,4,6
0.19506172839506172,0.0,0.0,0.2857142857142857,0.0,0.625,1,0.5828571428571429,0.9870560902754729,0.0,0.9966367713004485,0.6513157894736842,0.6214285714285714,0.0,0.055843928215315274,0.015680374617775057,192596952.367,0.49295774647887325,1127021110.899,15291081770.15114,1163421978.836,15991243735.72246,0.03079452054794521,-0.0195601723947397,0.0161491508832358,0.0228944549540656,1.0,4,6
0.19506172839506172,0.0,0.16666666666666666,0.42857142857142855,0.0,0.625,1,0.5257142857142857,0.9897112512446067,0.0,0.9988789237668162,0.6578947368421053,0.6428571428571429,0.0,0.05356416886975329,0.01592686706716228,187954624.085,0.647887323943662,1163421978.836,15991243735.72246,1383196801.941,19030818060.72169,0.054246575342465755,0.0529423040061337,0.0629679305539921,0.0633591394397339,1.0,4,5
0.19506172839506172,0.5,0.16666666666666666,0.42857142857142855,0.0,0.625,1,0.6057142857142858,0.9936939926983074,0.5,0.9988789237668162,0.6776315789473685,0.6714285714285714,0.0,0.06245780631670554,0.016664373928212763,227834521.904,0.49295774647887325,1383196801.941,19030818060.72169,1754182512.501,23271103735.64346,0.07895890410958904,0.0387802699483922,0.0670522282222252,0.055702882311631,1.0,4,5
0.19506172839506172,0.5,0.0,0.2857142857142857,0.0,0.625,1,0.6285714285714286,0.994025887819449,0.5,0.9966367713004485,0.7039473684210527,0.6785714285714286,0.0,0.0725235234271953,0.01766533469370902,278897361.00699997,0.49295774647887325,1754182512.501,23271103735.64346,1865020165.067,24246398728.449657,0.0005479452054794518,0.0312741644471175,0.0631847893683392,0.0419101304297988,1.0,4,5
0.19506172839506172,0.0,0.16666666666666666,0.7857142857142857,0.0,0.25,1,0.64,0.07368071689346167,0.0,0.9988789237668162,0.7039473684210527,0.6785714285714286,0.0,0.0725235234271953,0.01766533469370902,278897361.00699997,0.4647887323943662,1754182512.501,23271103735.64346,1865020165.067,24246398728.449657,0.015178082191780821,0.0312741644471175,0.0631847893683392,0.0419101304297988,1.0,4,5
0.19506172839506172,0.5,0.0,0.2857142857142857,0.25,0.625,1,0.6285714285714286,0.994025887819449,0.5,0.9966367713004485,0.7105263157894737,0.6928571428571428,0.0,0.07486768275427033,0.01796287380111783,292438883.448,0.5070422535211268,1865020165.067,24246398728.449657,2156414926.1,28100062467.301537,0.04339726027397261,0.0191063345274792,0.0520807167827649,0.0529791906007902,1.0,4,5
0.19506172839506172,0.0,0.0,0.2857142857142857,0.0,0.625,1,0.5771428571428572,0.9887155658811816,0.0,0.9966367713004485,0.7236842105263158,0.7,0.0,0.0792984014823682,0.018589822921986784,319937939.83900005,0.6619718309859155,2156414926.1,28100062467.301537,2289146958.1499996,27746656042.65312,0.002684931506849314,0.046726026317863,0.0615521764589401,-0.0125767131322095,1.0,4,5
0.19506172839506172,0.0,0.0,0.2857142857142857,0.0,0.625,1,0.6114285714285714,0.9880517756388981,0.0,0.9966367713004485,0.7236842105263158,0.7,0.0,0.0792984014823682,0.018589822921986784,319937939.83900005,0.5774647887323944,2156414926.1,28100062467.301537,2289146958.1499996,27746656042.65312,0.004986301369863014,0.046726026317863,0.0615521764589401,-0.0125767131322095,1.0,4,5
0.19506172839506172,0.0,0.5,0.2857142857142857,0.25,0.0,1,0.49714285714285716,0.9867241951543312,0.0,0.9977578475336323,0.7236842105263158,0.7,0.0,0.0792984014823682,0.018589822921986784,319937939.83900005,0.8591549295774648,2156414926.1,28100062467.301537,2289146958.1499996,27746656042.65312,0.014356164383561644,0.046726026317863,0.0615521764589401,-0.0125767131322095,1.0,4,5
0.19506172839506172,0.0,0.16666666666666666,0.42857142857142855,0.0,0.25,0,0.7028571428571428,0.07368071689346167,0.0,0.9988789237668162,0.7302631578947368,0.7142857142857143,0.0,0.08311732038609208,0.0189133281436824,340686392.36399996,0.36619718309859156,2289146958.1499996,27746656042.65312,2505485432.207,29537559377.26344,0.03490410958904109,-0.0221318879855464,0.0472530768037358,0.0322724174736098,1.0,4,6
0.19506172839506172,0.5,0.0,0.2857142857142857,0.0,0.625,1,0.6685714285714286,0.07368071689346167,0.5,0.9966367713004485,0.743421052631579,0.75,0.0,0.07933060147312472,0.019569101659691047,336841130.88,0.4788732394366197,2505485432.207,29537559377.26344,3104329192.9090004,35740398961.4584,0.10005479452054795,-0.008994959042218,0.0478026136575457,0.0419996757685376,1.0,4,6
0.19506172839506172,0.0,0.6666666666666666,0.2857142857142857,0.0,0.625,1,0.6628571428571428,0.9933620975771656,0.0,0.9978699551569506,0.7763157894736842,0.7571428571428571,0.0,0.07565336252872955,0.021285937650744997,349782000.0,0.5633802816901409,3104329192.9090004,35740398961.4584,3079731264.3409996,36196627164.43434,0.012931506849315069,-0.0474226804123711,-0.0079237500404879,0.0127650562453969,1.0,4,6
0.19506172839506172,0.0,0.16666666666666666,0.7857142857142857,0.0,0.625,1,0.6628571428571428,0.997676734152008,0.0,0.9988789237668162,0.7763157894736842,0.7571428571428571,0.0,0.07565336252872955,0.021285937650744997,349782000.0,0.5633802816901409,3104329192.9090004,35740398961.4584,3079731264.3409996,36196627164.43434,0.0011506849315068488,-0.0474226804123711,-0.0079237500404879,0.0127650562453969,1.0,4,6
0.19506172839506172,0.5,0.16666666666666666,0.7857142857142857,0.0,0.25,1,0.6742857142857143,0.996349153667441,0.5,0.9988789237668162,0.7763157894736842,0.7571428571428571,0.0,0.07565336252872955,0.021285937650744997,349782000.0,0.5352112676056338,3104329192.9090004,35740398961.4584,3079731264.3409996,36196627164.43434,0.010246575342465753,-0.0474226804123711,-0.0079237500404879,0.0127650562453969,1.0,4,6
0.19506172839506172,0.5,0.0,0.2857142857142857,0.0,0.625,1,0.6742857142857143,0.9910388317291736,0.5,0.9966367713004485,0.7828947368421053,0.7642857142857142,0.0,0.07195036359172916,0.021643130124452653,338761500.0,0.5492957746478874,3079731264.3409996,36196627164.43434,3006650568.852,37212432698.472725,0.0007123287671232873,0.0194805194805194,-0.0237295689838824,0.0280635410980081,1.0,4,5
0.19506172839506172,0.0,0.0,0.2857142857142857,0.0,0.25,1,0.6857142857142857,0.07368071689346167,0.0,0.9966367713004485,0.7828947368421053,0.7642857142857142,0.0,0.07195036359172916,0.021643130124452653,338761500.0,0.5211267605633803,3079731264.3409996,36196627164.43434,3006650568.852,37212432698.472725,0.028876712328767123,0.0097402597402597,-0.0118647844919412,0.014031770549004,1.0,4,5
0.19506172839506172,0.0,0.0,0.2857142857142857,0.0,0.625,1,0.6742857142857143,0.9983405243942914,0.0,0.9966367713004485,0.7894736842105263,0.8071428571428572,0.0,0.0733993631757728,0.021979572827903433,350706600.0,0.5633802816901409,3006650568.852,37212432698.472725,3526756992.264,46016341267.83971,0.11161643835616439,-0.0195612172682236,0.0288308873668341,0.0394308565307722,1.0,4,6
0.19506172839506172,0.0,0.0,0.2857142857142857,0.0,0.625,1,0.6971428571428572,0.07368071689346167,0.0,0.9966367713004485,0.8289473684210527,0.8785714285714286,0.0,0.06449928573066924,0.024045657094909547,338520796.0,0.5915492957746479,3526756992.264,46016341267.83971,4960253908.381425,59628765673.01684,0.2086027397260274,0.0366053398968652,0.036951199572603,0.0268924711015268,1.0,4,5
0.19506172839506172,0.0,0.0,0.2857142857142857,0.0,0.625,1,0.7371428571428571,0.07368071689346167,0.0,0.9966367713004485,0.8947368421052632,0.8928571428571429,0.0,0.0914495978324997,0.02727069754771679,538270566.8444302,0.6338028169014085,4960253908.381425,59628765673.01684,5279021630.963469,64760587194.60295,0.040657534246575346,-0.0211703008548405,0.0214214654108342,0.0286876166990007,1.0,4,6
0.19506172839506172,0.0,0.0,0.2857142857142857,0.0,0.625,1,0.8171428571428572,0.07368071689346167,0.0,0.9966367713004485,0.9078947368421053,0.9,0.0,0.08548711726810901,0.02785601151350209,514867261.4639244,0.4647887323943662,5279021630.963469,64760587194.60295,5340359249.454948,67072928019.09664,0.00010958904109589036,-0.1140646292664564,0.0116191261902984,0.0357059891619759,1.0,5,6
0.19506172839506172,0.0,0.0,0.2857142857142857,0.0,0.625,1,0.7942857142857143,0.07368071689346167,0.0,0.9966367713004485,0.9078947368421053,0.9,0.0,0.08548711726810901,0.02785601151350209,514867261.4639244,0.5211267605633803,5279021630.963469,64760587194.60295,5340359249.454948,67072928019.09664,0.0004931506849315066,-0.1140646292664564,0.0116191261902984,0.0357059891619759,1.0,5,6
0.19506172839506172,0.0,0.0,0.2857142857142857,0.0,0.625,1,0.76,0.07368071689346167,0.0,0.9966367713004485,0.9144736842105263,0.9071428571428571,0.0,0.07545869966000049,0.028126796015354328,460558548.158536,0.6197183098591549,5340359249.454948,67072928019.09664,5485557213.435763,69971417637.12488,0.027835616438356164,0.041083540235402,0.0135944004137581,0.0216070007947394,1.0,4,5
0.19506172839506172,0.0,0.0,0.2857142857142857,0.0,0.625,1,0.8114285714285714,0.9986724195154332,0.0,0.9966367713004485,0.9210526315789473,0.9357142857142857,0.0,0.08185871941715354,0.028393067442175693,503104151.74063736,0.5070422535211268,5485557213.435763,69971417637.12488,6992107294.041285,87408786989.82104,0.09095890410958904,0.0733980905628826,0.0549278777702119,0.0498414065100901,1.0,4,5
0.19506172839506172,0.0,0.0,0.2857142857142857,0.0,1.0,0,0.8285714285714286,0.07368071689346167,0.0,0.9966367713004485,0.9473684210526315,0.9928571428571429,0.0,0.11279246743327724,0.02951082051275245,714725169.3667628,0.5211267605633803,6992107294.041285,87408786989.82104,8738737945.986675,113181872475.00755,0.1601095890410959,0.0095121867714553,0.0277555913084692,0.0327618797107229,1.0,4,5
0.19506172839506172,0.0,1.0,1.0,0.0,0.875,0,0.8628571428571429,0.07368071689346167,0.0,0.0,1.0,1.0,0.0,0.12265676437213216,0.03235105647614592,850356680.3203492,0.5492957746478874,8738737945.986675,113181872475.00755,8639974547.529724,116773716558.88168,0.0011506849315068488,-0.0310973253116663,-0.0113017919827094,0.0317351533892251,1.0,4,6
0.2580246913580247,0.0,0.0,0.2857142857142857,0.0,0.625,1,0.011428571428571429,0.9575174244938599,0.0,0.9966367713004485,0.05263157894736842,0.014285714285714285,0.16666666666666666,0.025099377040985044,0.0037145875592880504,21960675.0,0.6197183098591549,618952864.3422998,891261334.0910999,702594714.8729267,1038709456.9097269,0.13073972602739728,0.0138345864661654,0.0193049204203722,0.0236339407307498,1.0,4,5
0.2580246913580247,0.0,0.0,0.2857142857142857,0.25,0.625,1,0.022857142857142857,0.9608363757052771,0.0,0.9966367713004485,0.09868421052631579,0.05714285714285714,0.16666666666666666,0.027765536275625332,0.0039406118424433105,25517538.0,0.6901408450704225,702594714.8729267,1038709456.9097269,780686272.1917186,1488902516.1597185,0.11994520547945205,0.0110186962394256,0.0185245622798144,0.0722359616950963,1.0,4,5
0.2580246913580247,0.0,0.0,0.2857142857142857,0.25,0.625,1,0.011428571428571429,0.9575174244938599,0.0,0.9966367713004485,0.13815789473684212,0.06428571428571428,0.16666666666666666,0.02976193570252989,0.004211099919006162,29029193.0,0.8028169014084507,780686272.1917186,1488902516.1597185,784275294.8881987,1569887596.480446,0.007232876712328768,0.0006001200240048,0.0045972663082753,0.0543924665596038,1.0,4,6
0.2580246913580247,0.0,0.0,0.2857142857142857,0.0,0.625,1,0.12,0.9661466976435447,0.0,0.9966367713004485,0.13815789473684212,0.12857142857142856,0.16666666666666666,0.02976193570252989,0.004211099919006162,29029193.0,0.5352112676056338,780686272.1917186,1488902516.1597185,942166308.6700836,1864405397.3313825,0.18838356164383563,0.0105821164232846,0.0206843699230193,0.02522011193454,1.0,4,5
0.2580246913580247,0.0,0.0,0.2857142857142857,0.0,0.0,1,0.2057142857142857,0.9611682708264189,0.0,0.9966367713004485,0.20394736842105263,0.14285714285714285,0.16666666666666666,0.033168694724570257,0.004628318513814069,35213360.0,0.4647887323943662,942166308.6700836,1864405397.3313825,992559529.5499188,1960151150.4666553,0.038410958904109595,0.0119392185238784,0.0267432726133922,0.0256772891969521,1.0,4,5
0.2580246913580247,0.0,0.0,0.2857142857142857,0.0,0.625,1,0.2,0.9664785927646864,0.0,0.9966367713004485,0.21710526315789475,0.16428571428571428,0.16666666666666666,0.03401877448054252,0.004720210353523093,36756040.0,0.5070422535211268,992559529.5499188,1960151150.4666553,1084987186.5836372,2208935645.8065176,0.0583013698630137,0.0098939929328621,0.0310401724974724,0.0423070257074535,1.0,4,5
0.2580246913580247,0.0,0.0,0.2857142857142857,0.0,0.625,1,0.2,0.9678061732492532,0.0,0.9966367713004485,0.23684210526315788,0.17142857142857143,0.16666666666666666,0.03510069416996176,0.00484470897506435,38826136.0,0.5492957746478874,1084987186.5836372,2208935645.8065176,1098015228.650166,3063830824.5552855,0.010575342465753425,0.0204186684969114,0.0120075538472956,0.3870167880950792,1.0,4,5
0.2580246913580247,0.0,0.0,0.2857142857142857,0.25,0.625,1,0.2,0.9664785927646864,0.0,0.9966367713004485,0.23684210526315788,0.22142857142857142,0.16666666666666666,0.03510069416996176,0.00484470897506435,38826136.0,0.5492957746478874,1084987186.5836372,2208935645.8065176,1260769464.349779,2822827774.268756,0.15484931506849314,0.0094371997254632,0.0202516536531225,0.034739136109944,1.0,4,5
0.2580246913580247,0.0,0.5,0.2857142857142857,0.0,0.0,1,0.28,0.964487222037836,0.0,0.9977578475336323,0.2894736842105263,0.22857142857142856,0.16666666666666666,0.037934293356535975,0.005345667714123222,45994584.0,0.4647887323943662,1260769464.349779,2822827774.268756,1258557827.5476794,2760330548.1963253,0.013315068493150685,0.0001595405232928,-0.0017541960403044,-0.0221399359330805,1.0,4,6
0.2580246913580247,0.0,0.0,0.2857142857142857,0.0,0.625,1,0.24571428571428572,0.9678061732492532,0.0,0.9966367713004485,0.29605263157894735,0.25,0.16666666666666666,0.037940733354687284,0.005399765329435792,46459559.0,0.5633802816901409,1258557827.5476794,2760330548.1963253,1361917529.135463,3482522324.7243567,0.06876712328767123,0.0136784176104641,0.0205313771297226,0.065408088263191,1.0,4,5
0.2580246913580247,0.0,0.3333333333333333,0.9285714285714286,0.0,0.125,1,0.29714285714285715,0.9754397610355128,0.0,1.0,0.3157894736842105,0.2714285714285714,0.16666666666666666,0.040149652720584905,0.005478318031122538,49702404.0,0.4788732394366197,1361917529.135463,3482522324.7243567,1354458323.1900258,3092014836.2343206,0.06252054794520548,-0.0135738052026618,-0.0013692469965806,-0.0280333801249174,1.0,4,6
0.2580246913580247,1.0,0.0,0.2857142857142857,0.0,0.625,1,0.2,0.9674742781281115,1.0,0.9966367713004485,0.3355263157894737,0.2785714285714286,0.16666666666666666,0.0378376933842664,0.005630977055155271,48291919.0,0.7605633802816901,1354458323.1900258,3092014836.2343206,1348854071.6452322,3112087731.959568,0.0050958904109589045,-0.0164720933951703,-0.0041376330661798,0.0064918497447099,1.0,4,6
0.2580246913580247,0.0,0.5,0.2857142857142857,0.0,0.0,1,0.2057142857142857,0.9678061732492532,0.0,0.9977578475336323,0.3355263157894737,0.29285714285714287,0.16666666666666666,0.0378376933842664,0.005630977055155271,48291919.0,0.7464788732394366,1354458323.1900258,3092014836.2343206,1336726010.6665368,3244941421.8856626,0.047835616438356175,-0.034330188176342,-0.0043639370366464,0.0164861849798007,1.0,4,6
0.2580246913580247,0.0,0.3333333333333333,0.9285714285714286,0.0,0.625,1,0.2057142857142857,0.974112180550946,0.0,1.0,0.35526315789473684,0.3,0.16666666666666666,0.03369033457482596,0.00563542343449603,43351961.0,0.7887323943661971,1336726010.6665368,3244941421.8856626,1276591570.335457,3237619941.9560475,0.031342465753424656,-0.0935104296666072,-0.0224931810450424,-0.0011281374573104,1.0,5,6
0.2580246913580247,0.0,0.0,0.2857142857142857,0.0,0.625,1,0.25142857142857145,0.9707932293395287,0.0,0.9966367713004485,0.3618421052631579,0.30714285714285716,0.16666666666666666,0.026934776514106983,0.005584290072077299,34929600.0,0.6901408450704225,1276591570.335457,3237619941.9560475,1202528297.9692886,3233683011.2296357,0.00010958904109589036,0.1846491228070175,-0.0580164197282822,-0.001215995328974,1.0,2,4
0.2580246913580247,0.0,0.0,0.2857142857142857,0.0,0.625,1,0.38857142857142857,0.9717889147029539,0.0,0.9966367713004485,0.3618421052631579,0.3142857142857143,0.16666666666666666,0.026934776514106983,0.005584290072077299,34929600.0,0.352112676056338,1276591570.335457,3237619941.9560475,1253465965.7360284,3564985722.0261664,0.039013698630136984,0.1924342105263158,-0.0090575580854541,0.0505565486281779,1.0,2,4
0.2580246913580247,0.0,0.0,0.2857142857142857,0.0,0.625,1,0.3485714285714286,0.9790906073680717,0.0,0.9966367713004485,0.375,0.32142857142857145,0.16666666666666666,0.03823697326964731,0.005504255243943633,47690880.0,0.4788732394366197,1253465965.7360284,3564985722.0261664,1261420789.5717978,3494210458.682645,0.020054794520547946,0.0118764845605701,0.0031731311631977,-0.009926444151829,1.0,4,5
0.2580246913580247,0.0,0.0,0.2857142857142857,0.0,0.625,1,0.37142857142857144,0.9767673415200796,0.0,0.9966367713004485,0.3815789473684211,0.35,0.16666666666666666,0.03920297299234307,0.00546868420921756,48513360.0,0.43661971830985913,1261420789.5717978,3494210458.682645,1571703454.783999,4389125672.035584,0.06613698630136987,0.0376256767208043,0.0614946788132312,0.0640284281624476,1.0,4,5
0.2580246913580247,0.0,0.0,0.2857142857142857,0.0,0.625,1,0.36,0.9824095585794889,0.0,0.9966367713004485,0.40789473684210525,0.35714285714285715,0.16666666666666666,0.04546909119356286,0.005672476595669024,57860202.0,0.5211267605633803,1571703454.783999,4389125672.035584,1588596213.1365623,4582082014.773711,0.0004931506849315066,0.0252756117235815,0.0107480570212814,0.0439623645245585,1.0,4,5
0.2580246913580247,0.0,0.6666666666666666,0.2857142857142857,0.0,0.625,1,0.34285714285714286,0.9744440756720876,0.0,0.9978699551569506,0.40789473684210525,0.35714285714285715,0.16666666666666666,0.04546909119356286,0.005672476595669024,57860202.0,0.5633802816901409,1571703454.783999,4389125672.035584,1588596213.1365623,4582082014.773711,0.0176986301369863,0.0252756117235815,0.0107480570212814,0.0439623645245585,1.0,4,5
0.2580246913580247,0.0,0.0,0.2857142857142857,0.0,0.625,1,0.35428571428571426,0.975107865914371,0.0,0.9966367713004485,0.4144736842105263,0.39285714285714285,0.16666666666666666,0.04667981084600821,0.005720645705193915,59818344.0,0.5492957746478874,1588596213.1365623,4582082014.773711,1676095510.981353,5274746126.337196,0.10010958904109589,0.0026444619284902,0.0091799389844141,0.0251946643952892,1.0,4,5
0.2580246913580247,0.0,0.0,0.2857142857142857,0.0,0.625,1,0.30857142857142855,0.9734483903086625,0.0,0.9966367713004485,0.4473684210526316,0.4,0.16666666666666666,0.04745905062231612,0.0059296255342095976,62952122.0,0.7323943661971831,1676095510.981353,5274746126.337196,1630336766.220339,5018502854.988797,0.02745205479452055,-0.0260746095262682,-0.013650398936461,-0.0242896307434549,1.0,4,6
0.2580246913580247,0.0,0.0,0.2857142857142857,0.25,0.625,1,0.29714285714285715,0.9754397610355128,0.0,0.9966367713004485,0.45394736842105265,0.4142857142857143,0.16666666666666666,0.04485729136918889,0.0059740893276171905,60109798.0,0.7746478873239436,1630336766.220339,5018502854.988797,1750170813.498129,5285216561.450975,0.0412054794520548,0.0012710517953606,0.0245008781336232,0.0177153568284508,1.0,4,6
0.2580246913580247,0.0,0.0,0.2857142857142857,0.25,0.625,1,0.37142857142857144,0.9767673415200796,0.0,0.9966367713004485,0.46710526315789475,0.42142857142857143,0.16666666666666666,0.045037611317425424,0.00603041013260014,60899202.0,0.6197183098591549,1750170813.498129,5285216561.450975,1810972054.2332587,5630779125.9489,0.006575342465753423,0.0583367250033917,0.0347401752252993,0.065382858106207,1.0,4,5
0.2580246913580247,0.0,0.0,0.2857142857142857,0.0,0.625,1,0.4857142857142857,0.9863923000331896,0.0,0.9966367713004485,0.47368421052631576,0.4357142857142857,0.16666666666666666,0.047806810522486594,0.006049677776410097,64654688.0,0.352112676056338,1810972054.2332587,5630779125.9489,1954264520.2823267,6283610123.956657,0.051726027397260274,0.0045720634106738,0.0263748715713407,0.0386465758648596,1.0,4,5
0.2580246913580247,0.0,0.0,0.2857142857142857,0.0,0.625,1,0.3657142857142857,0.9767673415200796,0.0,0.9966367713004485,0.4868421052631579,0.44285714285714284,0.16666666666666666,0.04849589032467623,0.006092659443370769,66000168.0,0.676056338028169,1954264520.2823267,6283610123.956657,2007403755.1872303,6269649368.577917,0.009315068493150684,-0.0260495700556399,0.0271914238596662,-0.0022217730099953,1.0,4,6
0.2580246913580247,0.0,0.0,0.2857142857142857,0.0,0.625,1,0.52,0.9860604049120478,0.0,0.9966367713004485,0.4934210526315789,0.45,0.16666666666666666,0.04716925070550739,0.006113409213627645,64496548.0,0.30985915492957744,2007403755.1872303,6269649368.577917,2126876505.509273,5943149740.776493,0.014794520547945205,0.065827057907037,0.0595160540142056,-0.052076218079717,1.0,4,5
0.2580246913580247,0.0,0.3333333333333333,0.8571428571428571,0.0,0.125,1,0.42857142857142855,0.9830733488217723,0.0,1.0,0.5,0.45714285714285713,0.16666666666666666,0.050434329768219044,0.006126748351649923,68889928.0,0.5492957746478874,2126876505.509273,5943149740.776493,2091568654.234436,6033654014.749514,0.025972602739726028,-0.0570715068826897,-0.0083003999487931,0.0076141673961251,1.0,4,6
0.2580246913580247,0.0,0.0,0.2857142857142857,0.25,0.625,1,0.42857142857142855,0.9830733488217723,0.0,0.9966367713004485,0.5328947368421053,0.4928571428571429,0.16666666666666666,0.039776132827809216,0.006051900966080477,54339214.0,0.6197183098591549,2002685406.139349,5921553827.78953,1747100826.3508208,5516514526.341848,0.008602739726027396,0.0538602380225816,-0.1276209328759369,-0.0684008476874522,1.0,4,5
0.2580246913580247,0.0,0.0,0.2857142857142857,0.0,0.625,1,0.5142857142857142,0.9870560902754729,0.0,0.9966367713004485,0.5394736842105263,0.5,0.16666666666666666,0.042049452175219895,0.00608747200080655,57597473.0,0.4225352112676056,1747100826.3508208,5516514526.341848,1669149353.4137225,5764995899.017727,0.020383561643835618,0.0277978862024033,-0.0223088077577972,0.0225215914405153,1.0,4,5
0.2580246913580247,0.0,0.0,0.2857142857142857,0.25,0.625,1,0.52,0.9860604049120478,0.0,0.9966367713004485,0.5460526315789473,0.5071428571428571,0.16666666666666666,0.04452241146532102,0.006108221771063426,61003797.0,0.4225352112676056,1669149353.4137225,5764995899.017727,1781099018.6128783,5916422135.694958,0.0004931506849315066,0.0493759429433549,0.0670698910017835,0.0262664951250064,1.0,4,5
0.2580246913580247,0.0,0.0,0.2857142857142857,0.25,0.625,1,0.5142857142857142,0.9870560902754729,0.0,0.9966367713004485,0.5460526315789473,0.5071428571428571,0.16666666666666666,0.04452241146532102,0.006108221771063426,61003797.0,0.43661971830985913,1669149353.4137225,5764995899.017727,1781099018.6128783,5916422135.694958,0.005479452054794521,0.0493759429433549,0.0670698910017835,0.0262664951250064,1.0,4,5
0.2580246913580247,0.0,0.0,0.2857142857142857,0.0,0.625,1,0.36,0.9847328244274809,0.0,0.9966367713004485,0.5460526315789473,0.5071428571428571,0.16666666666666666,0.04452241146532102,0.006108221771063426,61003797.0,0.8169014084507042,1669149353.4137225,5764995899.017727,1781099018.6128783,5916422135.694958,0.012164383561643836,0.0493759429433549,0.0670698910017835,0.0262664951250064,1.0,4,5
0.2580246913580247,0.0,0.0,0.2857142857142857,0.5,0.625,1,0.52,0.9860604049120478,0.0,0.9966367713004485,0.5526315789473685,0.5214285714285715,0.16666666666666666,0.046840810799790834,0.006169730018610596,64650950.0,0.43661971830985913,1781099018.6128783,5916422135.694958,2063932110.5669043,6839178858.225641,0.04558904109589042,0.0273166906286759,0.0529323166947968,0.0519884428667064,1.0,4,5
0.2580246913580247,0.0,0.0,0.2857142857142857,0.0,0.625,1,0.5542857142857143,0.9913707268503154,0.0,0.9966367713004485,0.5657894736842105,0.5285714285714286,0.16666666666666666,0.05087868964065909,0.006291264387258014,71306692.0,0.38028169014084506,2063932110.5669043,6839178858.225641,2207094034.171331,8767224010.95815,0.012054794520547946,0.0517033099782555,0.0693636786168825,0.2819117898069889,1.0,4,5
0.2580246913580247,0.0,0.0,0.2857142857142857,0.0,0.625,1,0.5257142857142857,0.9877198805177564,0.0,0.9966367713004485,0.5723684210526315,0.5357142857142857,0.16666666666666666,0.053635008849417645,0.0063100644201739674,75214346.514,0.4647887323943662,2207094034.171331,8767224010.95815,2335597921.60858,9334940849.93543,0.0035068493150684915,0.0522628072593613,0.0582231139442579,0.0647544579980721,1.0,4,5
0.2580246913580247,0.0,0.0,0.2857142857142857,0.0,0.625,1,0.4342857142857143,0.9847328244274809,0.0,0.9966367713004485,0.5723684210526315,0.5428571428571428,0.16666666666666666,0.053635008849417645,0.0063100644201739674,75214346.514,0.6901408450704225,2207094034.171331,8767224010.95815,2423157959.4102974,9831337731.891596,0.028054794520547946,0.0188950149322306,0.0489476030231963,0.0606870384287779,1.0,4,5
0.2580246913580247,0.0,0.0,0.2857142857142857,0.0,0.625,1,0.5657142857142857,0.9923664122137404,0.0,0.9966367713004485,0.5855263157894737,0.5571428571428572,0.16666666666666666,0.055753768241197,0.0063775278517848605,78879209.17500001,0.39436619718309857,2423157959.4102974,9831337731.891596,2689503197.9355354,10684681554.893536,0.04482191780821918,0.0212137981922154,0.0366388603888974,0.0289327809457643,1.0,4,5
0.2580246913580247,0.0,0.0,0.2857142857142857,0.5,0.625,1,0.5142857142857142,0.9870560902754729,0.0,0.9966367713004485,0.5986842105263158,0.5857142857142857,0.16666666666666666,0.059456767178197395,0.006443463952092201,84754241.8,0.5492957746478874,2689503197.9355354,10684681554.893536,3199437985.087188,12754499113.88668,0.0823013698630137,0.0136940686784599,0.0379203703898235,0.0387436452524909,1.0,4,5
0.2580246913580247,0.0,0.0,0.2857142857142857,0.25,0.625,1,0.5542857142857143,0.9913707268503154,0.0,0.9966367713004485,0.625,0.6071428571428571,0.16666666666666666,0.06369428596175611,0.006616374010832423,92953195.476,0.5070422535211268,3199437985.087188,12754499113.88668,3755916911.198674,14545646569.21639,0.05512328767123288,0.0419750681729645,0.0579767372379436,0.0468108662241798,1.0,4,5
0.2580246913580247,0.0,0.0,0.2857142857142857,0.0,0.625,1,0.6057142857142858,0.9863923000331896,0.0,0.9966367713004485,0.6447368421052632,0.6357142857142857,0.16666666666666666,0.07202120357139351,0.006700183073963169,105965813.8,0.4225352112676056,3755916911.198674,14545646569.21639,4551506105.075526,18075505373.698357,0.08515068493150686,0.0360176455323933,0.0423645790195579,0.0485349178214238,1.0,4,5
0.2580246913580247,0.0,0.0,0.2857142857142857,0.0,0.625,1,0.5885714285714285,0.9983405243942914,0.0,0.9966367713004485,0.6710526315789473,0.6428571428571429,0.16666666666666666,0.08542927972241059,0.006909385221945891,128900428.3,0.5211267605633803,4551506105.075526,18075505373.698357,4721025354.358864,19030818060.72169,0.010904109589041096,0.0253609909843874,0.0372446494346785,0.0528512297317789,1.0,4,5
0.2580246913580247,0.0,0.0,0.2857142857142857,0.0,0.625,1,0.6342857142857142,0.9956853634251577,0.0,0.9966367713004485,0.6776315789473685,0.6571428571428571,0.16666666666666666,0.08765751908276213,0.006953626696386444,133004614.2,0.4225352112676056,4721025354.358864,19030818060.72169,5144807139.722397,20870428352.946007,0.04493150684931507,0.0243048109228679,0.0299215921369186,0.0322216012356845,1.0,4,5
0.2580246913580247,0.0,0.0,0.2857142857142857,0.5,0.625,1,0.5542857142857143,0.9913707268503154,0.0,0.9966367713004485,0.6907894736842105,0.6928571428571428,0.16666666666666666,0.09422631719709326,0.007014393880710153,143933308.2,0.647887323943662,5144807139.722397,20870428352.946007,6477801404.395305,28100062467.301537,0.09227397260273972,0.0584982343926977,0.0518190178357135,0.0692811282269155,1.0,4,5
0.2580246913580247,0.0,0.0,0.2857142857142857,0.0,0.625,1,0.6114285714285714,0.9943577829405907,0.0,0.9966367713004485,0.7236842105263158,0.7,0.16666666666666666,0.12249790908132234,0.00712451587571629,188915221.6,0.5774647887323944,6477801404.395305,28100062467.301537,6614147085.960016,27746656042.65312,0.024821917808219178,0.0194339914428578,0.0105240708268856,-0.0062883565661047,1.0,4,5
0.2580246913580247,0.0,0.0,0.2857142857142857,0.0,0.625,1,0.6514285714285715,0.07368071689346167,0.0,0.9966367713004485,0.7302631578947368,0.7285714285714285,0.16666666666666666,0.12735366768740633,0.00714630313448601,196850473.4,0.49295774647887325,6614147085.960016,27746656042.65312,7285217921.226475,32088474953.570343,0.0898082191780822,0.0144097652954894,0.0202919840319534,0.0312961598272802,1.0,4,5
0.2580246913580247,0.0,0.0,0.2857142857142857,0.25,0.625,1,0.6342857142857142,0.9956853634251577,0.0,0.9966367713004485,0.756578947368421,0.7357142857142858,0.16666666666666666,0.13670454500310125,0.007192174948018177,212370668.50000003,0.5915492957746479,7285217921.226475,32088474953.570343,7552789376.557966,33220383789.58506,0.00904109589041096,0.0226336496181438,0.0367279960908082,0.035274622357482,1.0,4,5
0.2580246913580247,0.0,0.0,0.2857142857142857,0.0,0.625,1,0.7314285714285714,0.07368071689346167,0.0,0.9966367713004485,0.7631578947368421,0.75,0.16666666666666666,0.1398537040990894,0.007197732922194126,217343096.8,0.36619718309859156,7552789376.557966,33220383789.58506,7687644422.970206,35740398961.4584,0.04021917808219178,0.0100479768262877,0.0059516663177358,0.025285832415773,1.0,4,5
0.2580246913580247,0.0,0.0,0.2857142857142857,0.0,0.625,1,0.7142857142857143,0.07368071689346167,0.0,0.9966367713004485,0.7763157894736842,0.7571428571428571,0.16666666666666666,0.14414274286785855,0.007208997083190715,224240624.0,0.43661971830985913,7687644422.970206,35740398961.4584,7754525135.294905,36196627164.43434,0.013972602739726028,0.0136643233743409,0.0086997666183497,0.0127650562453969,1.0,4,5
0.2580246913580247,0.0,0.0,0.2857142857142857,0.25,0.625,1,0.7314285714285714,0.07368071689346167,0.0,0.9966367713004485,0.7763157894736842,0.8285714285714286,0.16666666666666666,0.14414274286785855,0.007208997083190715,224240624.0,0.39436619718309857,7687644422.970206,35740398961.4584,10002507196.711634,47778114919.29238,0.2045479452054795,0.0217270082131425,0.0273740639865368,0.030619071027401,1.0,4,5
0.2580246913580247,0.0,0.0,0.2857142857142857,0.0,0.625,1,0.7542857142857143,0.07368071689346167,0.0,0.9966367713004485,0.8486842105263158,0.8785714285714286,0.16666666666666666,0.1791735879307467,0.007354186189930972,283358341.16729164,0.49295774647887325,10002507196.711634,47778114919.29238,12169619615.69527,59628765673.01684,0.147013698630137,0.0193801720115041,0.0270821152182735,0.0310043907491504,1.0,4,5
0.2580246913580247,0.0,0.0,0.2857142857142857,0.0,0.625,1,0.8285714285714286,0.07368071689346167,0.0,0.9966367713004485,0.8947368421052632,0.9428571428571428,0.16666666666666666,0.20732990850726066,0.007486851328194759,333121589.4779641,0.4084507042253521,12169619615.69527,59628765673.01684,15533762209.928123,90277694082.64676,0.1739178082191781,0.018917848102959,0.0307153085622613,0.057110631949571,1.0,4,5
0.2580246913580247,0.0,0.0,0.2857142857142857,0.0,0.625,1,0.8685714285714285,0.07368071689346167,0.0,0.9966367713004485,0.9539473684210527,0.95,0.16666666666666666,0.24304403827276935,0.007845577802774978,408290546.9915096,0.43661971830985913,15533762209.928123,90277694082.64676,14958221818.962029,90134685455.90204,0.015616438356164384,-0.0293488188377749,-0.0370509335206798,-0.0015840970263797,1.0,4,6
0.2580246913580247,0.0,0.0,0.2857142857142857,0.0,0.625,1,0.7942857142857143,0.07368071689346167,0.0,0.9966367713004485,0.9539473684210527,0.95,0.16666666666666666,0.24304403827276935,0.007845577802774978,408290546.9915096,0.6197183098591549,15533762209.928123,90277694082.64676,14958221818.962029,90134685455.90204,0.01808219178082192,-0.0293488188377749,-0.0370509335206798,-0.0015840970263797,1.0,4,6
0.2580246913580247,0.0,0.0,0.2857142857142857,0.25,0.625,1,0.8685714285714285,0.07368071689346167,0.0,0.9966367713004485,0.9605263157894737,0.9642857142857143,0.16666666666666666,0.23583961779414342,0.00790931665062476,399489955.51773,0.4507042253521127,14958221818.962029,90134685455.90204,15705849653.54,99528621997.0122,0.0406027397260274,0.0101927210881007,0.0166603544999407,0.0347403684223431,1.0,4,5
0.2580246913580247,0.0,0.0,0.2857142857142857,0.0,0.625,1,0.8171428571428572,0.07368071689346167,0.0,0.9966367713004485,0.9736842105263158,0.9857142857142858,0.16666666666666666,0.24312551445341693,0.008088676182598753,420934228.5,0.6056338028169014,15705849653.54,99528621997.0122,15922305627.96356,109801891452.69542,0.05698630136986301,0.0041037160408742,0.0045939565872679,0.0344064157946164,1.0,4,5
0.2580246913580247,0.0,1.0,1.0,0.0,0.875,1,0.9542857142857143,0.07368071689346167,0.0,0.0,0.993421052631579,0.9928571428571429,0.16666666666666666,0.2461486046473715,0.008215412815074858,432717685.64275056,0.30985915492957744,15922305627.96356,109801891452.69542,16218715225.380728,113181872475.00755,0.02443835616438356,0.0072656388485071,0.0093079986134859,0.0153912695746607,1.0,4,5
0.25925925925925924,0.0,0.0,0.2857142857142857,0.25,0.625,1,0.4514285714285714,0.9870560902754729,0.0,0.9966367713004485,0.5921052631578947,0.5857142857142857,0.16666666666666666,0.08293700043785554,0.00013088065802169434,3991394.856,0.6901408450704225,2549125467.1776023,10381252161.518972,3199437985.087188,12754499113.88668,0.08487671232876712,0.0277157513578756,0.0510224017046609,0.0457217860705631,1.0,4,5
0.25925925925925924,0.0,0.5,0.2857142857142857,0.0,0.0,1,0.48,0.9817457683372054,0.0,0.9977578475336323,0.625,0.5928571428571429,0.16666666666666666,0.09476727704180289,0.0001376910290452905,4683222.063,0.6901408450704225,3199437985.087188,12754499113.88668,3353343631.0628824,13330790435.611374,0.01802739726027397,0.0191479493805075,0.0481039628500568,0.0451833754174828,1.0,4,5
0.25925925925925924,0.0,0.0,0.2857142857142857,0.0,0.625,1,0.6,0.9960172585462994,0.0,0.9966367713004485,0.631578947368421,0.7,0.16666666666666666,0.09662843650753004,0.0001390531032500098,4801168.278,0.4084507042253521,3353343631.0628824,13330790435.611374,6614147085.960016,27746656042.65312,0.3046575342465754,0.0370603627616694,0.0607752256712426,0.0675872600947378,1.0,4,5
0.25925925925925924,0.0,0.0,0.2857142857142857,0.0,0.625,1,0.6857142857142857,0.997676734152008,0.0,0.9966367713004485,0.7302631578947368,0.7357142857142858,0.16666666666666666,0.15536765964558322,0.0001708602778641308,8699790.15,0.4084507042253521,6614147085.960016,27746656042.65312,7552789376.557966,33220383789.58506,0.10191780821917808,0.002265028771987,0.0236523893002627,0.0328792037649362,1.0,4,6
0.25925925925925924,0.0,0.0,0.2857142857142857,0.25,0.625,1,0.6,0.9960172585462994,0.0,0.9966367713004485,0.7631578947368421,0.7714285714285715,0.16666666666666666,0.1575121790299678,0.00017675173049063673,9015468.0,0.6901408450704225,7552789376.557966,33220383789.58506,8078486192.170773,38795331361.618996,0.10016438356164384,0.016555269232834,0.0116005003671103,0.0279695121693212,1.0,4,5
0.25925925925925924,0.0,0.0,0.2857142857142857,0.0,0.625,1,0.7371428571428571,0.07368071689346167,0.0,0.9966367713004485,0.7960526315789473,0.85,0.16666666666666666,0.17339965446923733,0.00017917648935779744,10000324.416,0.4225352112676056,8078486192.170773,38795331361.618996,10692216620.49292,51854384806.94821,0.2101917808219178,0.0450685226157179,0.0294129186419202,0.0306012768851516,1.0,4,5
0.25925925925925924,0.0,0.0,0.2857142857142857,0.0,0.625,1,0.8342857142857143,0.07368071689346167,0.0,0.9966367713004485,0.868421052631579,0.9785714285714285,0.16666666666666666,0.2605686654877941,0.00021205598245626486,16769948.168471787,0.3380281690140845,10692216620.49292,51854384806.94821,15657249414.207611,106221801332.0274,0.37769863013698635,0.016927794490534,0.0244399758005109,0.0551822760149832,1.0,4,5
0.25925925925925924,0.0,1.0,1.0,0.0,0.875,1,0.9428571428571428,0.07368071689346167,0.0,0.0,0.9868421052631579,0.9928571428571429,0.16666666666666666,0.34515694478770875,0.000312988793491499,29514810.96719424,0.323943661971831,15657249414.207611,106221801332.0274,16218715225.380728,113181872475.00755,0.04147945205479452,0.0017172267376313,0.0119532662117019,0.0218413139791784,1.0,4,6
0.27530864197530863,0.0,0.0,0.2857142857142857,0.0,0.625,1,0.52,0.9933620975771656,0.0,0.9966367713004485,0.5723684210526315,0.5357142857142857,0.3333333333333333,0.0014581438275442732,0.00011330486155089664,167539.93600000002,0.4788732394366197,237299984.04612377,8767224010.95815,250479450.25150287,9334940849.93543,0.019945205479452055,0.0314569536423841,0.0555392629222319,0.0647544579980721,1.0,4,5
0.27530864197530863,0.0,0.0,0.2857142857142857,0.25,0.625,1,0.41714285714285715,0.9827414537006306,0.0,0.9966367713004485,0.5789473684210527,0.5428571428571428,0.3333333333333333,0.0015805037924190688,0.0001179846758070457,176744.477,0.7464788732394366,250479450.25150287,9334940849.93543,260041709.82658,9831337731.891596,0.019945205479452055,0.0080256821829856,0.03817582466536,0.0531762214604283,1.0,4,5
0.27530864197530863,0.0,0.0,0.2857142857142857,0.25,0.625,1,0.4742857142857143,0.9847328244274809,0.0,0.9966367713004485,0.5855263157894737,0.55,0.3333333333333333,0.001612703783175594,0.00012283419354136707,182272.604,0.6197183098591549,260041709.82658,9831337731.891596,270613997.6115531,10381252161.518972,0.02,0.015923566878981,0.0406561231735618,0.0559348528780092,1.0,4,5
0.27530864197530863,0.0,0.0,0.2857142857142857,0.75,0.625,1,0.4742857142857143,0.9877198805177564,0.0,0.9966367713004485,0.5921052631578947,0.5571428571428572,0.3333333333333333,0.0016771037646886443,0.00012786008432287189,189501.95,0.6338028169014085,270613997.6115531,10381252161.518972,284854295.3417392,10684681554.893536,0.019945205479452055,0.031347962382445,0.0526221771817843,0.029228592914765,1.0,4,5
0.27530864197530863,0.0,0.0,0.2857142857142857,0.0,0.625,1,0.5028571428571429,0.9824095585794889,0.0,0.9966367713004485,0.5986842105263158,0.5642857142857143,0.3333333333333333,0.001805903727714745,0.00013307124091024172,200069.506,0.5774647887323944,284854295.3417392,10684681554.893536,295628092.9050395,11398992120.516134,0.019945205479452055,0.0075987841945288,0.0378221348229101,0.0668537065847738,1.0,4,5
0.27530864197530863,0.0,0.0,0.2857142857142857,0.25,0.625,1,0.52,0.9933620975771656,0.0,0.9966367713004485,0.6052631578947368,0.5714285714285714,0.3333333333333333,0.0018381037184712701,0.0001384728507460407,206422.398,0.5492957746478874,295628092.9050395,11398992120.516134,306332626.59168077,11951387652.483671,0.019945205479452055,0.0150829562594267,0.0362094602764282,0.0484600327930155,1.0,4,5
0.27530864197530863,0.0,0.0,0.2857142857142857,0.0,0.625,1,0.5085714285714286,0.9814138732160638,0.0,0.9966367713004485,0.6118421052631579,0.5785714285714286,0.3333333333333333,0.0019025036999843203,0.00014407380658895038,214622.392,0.5915492957746479,306332626.59168077,11951387652.483671,316729492.8749976,12402988214.360376,0.02,0.013372956909361,0.033939794134874,0.0377864541765453,1.0,4,5
0.27530864197530863,0.0,0.0,0.2857142857142857,0.0,0.625,1,0.48,0.9853966146697644,0.0,0.9966367713004485,0.618421052631579,0.5857142857142857,0.3333333333333333,0.001960463683346066,0.00014988151907120535,222837.362,0.676056338028169,316729492.8749976,12402988214.360376,321959446.35335255,12754499113.88668,0.019945205479452055,0.002932551319648,0.0165123665336053,0.0283408234734365,1.0,4,5
0.27530864197530863,0.0,0.0,0.2857142857142857,0.0,0.625,1,0.5028571428571429,0.9827414537006306,0.0,0.9966367713004485,0.625,0.5928571428571429,0.3333333333333333,0.0019733436796486757,0.00015588116692833646,229028.508,0.6338028169014085,321959446.35335255,12754499113.88668,338155458.0343405,13330790435.611374,0.019945205479452055,0.0321637426900585,0.0503045084231283,0.0451833754174828,1.0,4,5
0.27530864197530863,0.0,0.0,0.2857142857142857,0.0,0.625,1,0.5314285714285715,0.9877198805177564,0.0,0.9966367713004485,0.631578947368421,0.6,0.3333333333333333,0.0021150236389773864,0.00016207941972935482,242299.906,0.5774647887323944,338155458.0343405,13330790435.611374,351991631.13564414,14025367456.334517,0.019945205479452055,0.1090651558073654,0.0409166043976689,0.0521032135399619,1.0,3,5
0.27530864197530863,0.0,0.0,0.2857142857142857,0.5,0.625,1,0.52,0.9933620975771656,0.0,0.9966367713004485,0.6381578947368421,0.6071428571428571,0.3333333333333333,0.002610903496627874,0.0001684829470432715,275492.28599999996,0.6197183098591549,351991631.13564414,14025367456.334517,361504848.81833506,14545646569.21639,0.02,0.0996168582375478,0.0270268291663584,0.0370955780304274,1.0,3,5
0.27530864197530863,0.0,0.0,0.2857142857142857,0.0,0.625,1,0.52,0.9903750414868902,0.0,0.9966367713004485,0.6447368421052632,0.6142857142857143,0.3333333333333333,0.0031132233524296666,0.00017510286481843852,310627.27499999997,0.6338028169014085,361504848.81833506,14545646569.21639,381937754.3571376,15291081770.15114,0.019945205479452055,0.1811846689895471,0.0565218021434357,0.0512479935070295,1.0,2,4
0.27530864197530863,0.0,0.0,0.2857142857142857,0.25,0.625,1,0.5314285714285715,0.9877198805177564,0.0,0.9966367713004485,0.6513157894736842,0.6214285714285714,0.3333333333333333,0.004117863064033252,0.00018194361943419657,376296.102,0.6197183098591549,381937754.3571376,15291081770.15114,403664305.93668383,15991243735.72246,0.019945205479452055,0.0294985250737462,0.0568850587083633,0.0457889099081312,1.0,4,5
0.27530864197530863,0.0,0.0,0.2857142857142857,0.0,0.625,1,0.5371428571428571,0.9920345170925987,0.0,0.9966367713004485,0.6578947368421053,0.6285714285714286,0.3333333333333333,0.004311063008572403,0.00018899854132153454,397363.722,0.6197183098591549,403664305.93668383,15991243735.72246,423671335.0837482,17168846684.352207,0.019945205479452055,0.119388729703916,0.0495635329971497,0.0736404852612637,1.0,3,5
0.27530864197530863,0.0,0.0,0.2857142857142857,0.0,0.625,1,0.5828571428571429,0.9920345170925987,0.0,0.9966367713004485,0.6644736842105263,0.6357142857142857,0.3333333333333333,0.005116062777485532,0.00019627652323913388,456314.6839999999,0.5211267605633803,423671335.0837482,17168846684.352207,444424491.52914023,18075505373.698357,0.02,0.1262798634812287,0.0489840938643859,0.052808363078487,1.0,3,5
0.27530864197530863,0.0,0.0,0.2857142857142857,0.0,0.625,1,0.6571428571428571,0.9960172585462994,0.0,0.9966367713004485,0.6710526315789473,0.6428571428571429,0.3333333333333333,0.006069182503878677,0.0002037864579456762,527314.92,0.352112676056338,444424491.52914023,18075505373.698357,457928856.9221287,19030818060.72169,0.019945205479452055,0.0159090909090908,0.0303861862934773,0.0528512297317789,1.0,4,5
0.27530864197530863,0.0,0.0,0.2857142857142857,0.0,0.625,1,0.5714285714285714,0.9966810487885828,0.0,0.9966367713004485,0.6776315789473685,0.65,0.3333333333333333,0.006204422465056082,0.00021153797926306645,549730.8809999999,0.5774647887323944,457928856.9221287,19030818060.72169,463822259.78161573,19784467002.851566,0.019945205479452055,0.0671140939597314,0.012869690936488,0.039601500036688,1.0,4,5
0.27530864197530863,0.0,0.0,0.2857142857142857,0.0,0.625,1,0.5657142857142857,0.989379356123465,0.0,0.9966367713004485,0.6842105263157895,0.6571428571428571,0.3333333333333333,0.006784022298673535,0.0002195036678520366,602007.39,0.6056338028169014,463822259.78161573,19784467002.851566,480887689.63563466,20870428352.946007,0.019945205479452055,-0.0712788259958071,0.0367930376218983,0.0548895934339761,1.0,4,6
0.27530864197530863,0.0,0.0,0.2857142857142857,0.25,0.625,1,0.5371428571428571,0.9920345170925987,0.0,0.9966367713004485,0.6907894736842105,0.6642857142857143,0.3333333333333333,0.006127142487240422,0.00022773465707500533,573858.213,0.6901408450704225,480887689.63563466,20870428352.946007,519882562.9212525,22012539042.75697,0.02,0.0158013544018058,0.0810893564673365,0.0547238739184643,1.0,4,5
0.27530864197530863,0.0,0.0,0.2857142857142857,0.25,0.625,1,0.5828571428571429,0.9920345170925987,0.0,0.9966367713004485,0.6973684210526315,0.6714285714285714,0.3333333333333333,0.0062623824484178275,0.00023624206288032465,598423.95,0.5915492957746479,519882562.9212525,22012539042.75697,565334207.4652337,23271103735.64346,0.019945205479452055,0.2622222222222221,0.0874267532432431,0.0571748988356985,1.0,1,4
0.27530864197530863,0.0,0.0,0.2857142857142857,0.25,0.625,1,0.6571428571428571,0.9960172585462994,0.0,0.9966367713004485,0.7039473684210527,0.6785714285714286,0.3333333333333333,0.008542141793979809,0.00024503700121634634,775567.08,0.4225352112676056,565334207.4652337,23271103735.64346,599365594.6681284,24246398728.449657,0.019945205479452055,0.0105633802816902,0.060196936172463,0.0419101304297988,1.0,4,5
0.27530864197530863,0.0,0.0,0.2857142857142857,0.0,0.625,1,0.6228571428571429,0.9903750414868902,0.0,0.9966367713004485,0.7105263157894737,0.6857142857142857,0.3333333333333333,0.008658061760703299,0.0002541305880314224,804890.352,0.5211267605633803,599365594.6681284,24246398728.449657,616066469.4245605,25373866516.69958,0.019945205479452055,0.0969802555168408,0.02786425331217,0.0465004226350118,1.0,3,5
0.27530864197530863,0.0,0.0,0.2857142857142857,0.0,0.625,1,0.6057142857142858,0.9887155658811816,0.0,0.9966367713004485,0.7171052631578947,0.6928571428571428,0.3333333333333333,0.00973354145197124,0.0002635339392739047,906918.345,0.5774647887323944,616066469.4245605,25373866516.69958,642111995.4363545,28100062467.301537,0.02,0.0068819481206987,0.0422771361605216,0.1074410929374021,1.0,4,5
0.27530864197530863,0.0,0.0,0.2857142857142857,0.25,0.625,1,0.5657142857142857,0.989379356123465,0.0,0.9966367713004485,0.7236842105263158,0.7,0.3333333333333333,0.009817261427938205,0.0002732618762082624,938127.264,0.6901408450704225,642111995.4363545,28100062467.301537,675462577.2497042,27746656042.65312,0.019945205479452055,0.1587802313354362,0.051938886129492,-0.0125767131322095,1.0,3,5
0.27530864197530863,0.0,0.0,0.2857142857142857,0.0,0.625,1,0.6057142857142858,0.9946896780617325,0.0,0.9966367713004485,0.7302631578947368,0.7071428571428572,0.3333333333333333,0.011762140869632325,0.0002833255147828474,1117013.648,0.6056338028169014,675462577.2497042,27746656042.65312,665776256.744163,28234680865.07181,0.019945205479452055,0.295825771324864,-0.0143402770660977,0.0175885995656011,1.0,1,4
0.27530864197530863,0.0,0.0,0.2857142857142857,0.0,0.625,1,0.5714285714285714,0.996349153667441,0.0,0.9966367713004485,0.7368421052631579,0.7142857142857143,0.3333333333333333,0.015961019664283205,0.00029373893519890544,1487587.584,0.704225352112676,665776256.744163,28234680865.07181,697451798.0894887,29537559377.26344,0.019945205479452055,0.100140056022409,0.0475768563754859,0.0461446162050789,1.0,3,5
0.27530864197530863,0.0,0.0,0.2857142857142857,0.25,0.625,1,0.6228571428571429,0.9903750414868902,0.0,0.9966367713004485,0.743421052631579,0.7214285714285714,0.3333333333333333,0.017802859135556445,0.0003046725819978324,1682911.756,0.5915492957746479,697451798.0894887,29537559377.26344,712389585.4312688,30733214214.56724,0.02,-0.0187778485041374,0.0214176626724582,0.0404791344481954,1.0,4,6
0.27530864197530863,0.0,0.0,0.2857142857142857,0.0,0.625,1,0.6628571428571428,0.9980086292731497,0.0,0.9966367713004485,0.75,0.7285714285714285,0.3333333333333333,0.017422899244629447,0.00031638286305494515,1700027.86,0.5070422535211268,712389585.4312688,30733214214.56724,716385709.2549777,32088474953.570343,0.019945205479452055,-0.0171910476808303,0.0056094641266966,0.0440975919258299,1.0,4,6
0.27530864197530863,0.0,0.0,0.2857142857142857,0.0,0.625,1,0.6285714285714286,0.9897112512446067,0.0,0.9966367713004485,0.756578947368421,0.7357142857142858,0.3333333333333333,0.01708157934261028,0.0003289268402384504,1722091.41,0.6056338028169014,716385709.2549777,32088474953.570343,740920005.9122581,33220383789.58506,0.019945205479452055,-0.0132013201320132,0.034247328415855,0.035274622357482,1.0,4,6
0.27530864197530863,0.0,0.0,0.2857142857142857,0.0,0.625,1,0.6285714285714286,0.9933620975771656,0.0,0.9966367713004485,0.7631578947368421,0.7428571428571429,0.3333333333333333,0.01682397941655808,0.00034370660516713406,1758990.09,0.6197183098591549,740920005.9122581,33220383789.58506,765603906.5307871,35105310712.72682,0.019945205479452055,-0.0147157190635451,0.0333152032899111,0.0567400706470075,1.0,4,6
0.27530864197530863,0.0,0.0,0.2857142857142857,0.0,0.625,1,0.6114285714285714,0.9960172585462994,0.0,0.9966367713004485,0.7697368421052632,0.75,0.3333333333333333,0.016540619497900658,0.0003608733347385819,1801349.3760000002,0.676056338028169,765603906.5307871,35105310712.72682,774792450.1940928,35740398961.4584,0.02,0.0349626612355735,0.0120016938065821,0.0180909450974133,1.0,4,5
0.27530864197530863,0.0,0.0,0.2857142857142857,0.25,0.625,1,0.6628571428571428,0.9980086292731497,0.0,0.9966367713004485,0.7763157894736842,0.7571428571428571,0.3333333333333333,0.017203939307485077,0.00037556120782755644,1924760.5239999995,0.5633802816901409,774792450.1940928,35740398961.4584,782317088.1298428,36196627164.43434,0.019945205479452055,-0.01443096097081,0.0097118111229208,0.0127650562453969,1.0,4,6
0.27530864197530863,0.0,0.0,0.2857142857142857,0.0,0.625,1,0.6228571428571429,0.9950215731828742,0.0,0.9966367713004485,0.7828947368421053,0.7642857142857142,0.3333333333333333,0.016920579388827656,0.00038933609102522853,1952841.32,0.676056338028169,782317088.1298428,36196627164.43434,772478186.509066,37212432698.472725,0.019945205479452055,-0.0389351081530782,-0.0125766160167829,0.0280635410980081,1.0,4,6
0.27530864197530863,0.0,0.0,0.2857142857142857,0.0,0.625,1,0.68,0.07368071689346167,0.0,0.9966367713004485,0.7894736842105263,0.7714285714285715,0.3333333333333333,0.016167099605124965,0.00040613451217461684,1942272.416,0.5492957746478874,772478186.509066,37212432698.472725,779059557.5341594,38795331361.618996,0.019945205479452055,-0.0103878116343489,0.0085198147210285,0.0425368230013953,1.0,4,6
0.27530864197530863,0.0,0.0,0.2857142857142857,0.0,0.625,1,0.6685714285714286,0.9993362097577165,0.0,0.9966367713004485,0.7960526315789473,0.7785714285714286,0.3333333333333333,0.015973899660585815,0.0004239089135893018,1990645.586,0.5915492957746479,779059557.5341594,38795331361.618996,795004765.5246563,40098894653.77975,0.02,-0.0160951714485654,0.0204672516193316,0.0336010351351294,1.0,4,6
0.27530864197530863,0.0,0.0,0.2857142857142857,0.5,0.625,1,0.6628571428571428,0.07368071689346167,0.0,0.9966367713004485,0.8026315789473685,0.7857142857142857,0.3333333333333333,0.015677659745625783,0.00044265188463704874,2029726.908,0.6197183098591549,795004765.5246563,40098894653.77975,815068387.0967947,41482688664.595215,0.019945205479452055,0.1415362731152205,0.0252371085585854,0.034509530069678,1.0,3,5
0.27530864197530863,0.0,0.0,0.2857142857142857,0.0,0.625,1,0.6628571428571428,0.07368071689346167,0.0,0.9966367713004485,0.8092105263157895,0.7928571428571428,0.3333333333333333,0.018240779009845186,0.00046329938816908766,2406443.91,0.6338028169014085,815068387.0967947,41482688664.595215,830345540.6775396,42930313200.45056,0.019945205479452055,0.0601246105919002,0.0187434009496563,0.0348970759238869,1.0,4,5
0.27530864197530863,0.0,0.0,0.2857142857142857,0.25,0.625,1,0.68,0.07368071689346167,0.0,0.9966367713004485,0.8157894736842105,0.8,0.3333333333333333,0.019483698653047058,0.0004841514251508014,2646884.027,0.6056338028169014,830345540.6775396,42930313200.45056,870108511.5732503,44671815935.24714,0.019945205479452055,0.026153394064061,0.0478872577111273,0.0405658054872588,1.0,4,5
0.27530864197530863,0.0,0.0,0.2857142857142857,0.0,0.625,1,0.68,0.9993362097577165,0.0,0.9966367713004485,0.8223684210526315,0.8071428571428572,0.3333333333333333,0.020056858488513206,0.0005118064225238767,2846423.4839999997,0.6197183098591549,870108511.5732503,44671815935.24714,897789523.357768,46016341267.83971,0.02,0.0504009163802978,0.0318132869824103,0.0300978436726522,1.0,4,5
0.27530864197530863,0.0,0.0,0.2857142857142857,0.0,0.625,1,0.7314285714285714,0.9946896780617325,0.0,0.9966367713004485,0.8289473684210527,0.8142857142857143,0.3333333333333333,0.02119029816314289,0.0005369692242764567,3114432.776,0.5070422535211268,897789523.357768,46016341267.83971,905424191.4405546,46715156894.540726,0.019945205479452055,0.0580697928026172,0.008503850717964,0.0151862492203267,1.0,4,5
0.27530864197530863,0.0,0.0,0.2857142857142857,0.0,0.625,1,0.7142857142857143,0.07368071689346167,0.0,0.9966367713004485,0.8355263157894737,0.8214285714285714,0.3333333333333333,0.022562017769370862,0.0005608848166239536,3420534.8740000003,0.5633802816901409,905424191.4405546,46715156894.540726,918484388.4303116,47192014400.92255,0.019945205479452055,-0.0076552884975907,0.0144243958944567,0.010207768486325,1.0,4,6
0.27530864197530863,0.0,0.0,0.2857142857142857,0.0,0.625,1,0.7485714285714286,0.07368071689346167,0.0,0.9966367713004485,0.8421052631578947,0.8285714285714286,0.3333333333333333,0.02237068429949099,0.0005906192374020572,3548878.845675436,0.49295774647887325,918484388.4303116,47192014400.92255,922782911.790749,47778114919.29238,0.019945205479452055,0.013011291594462,0.00468001788009,0.0124194850719994,1.0,4,5
0.27530864197530863,0.0,0.0,0.2857142857142857,0.0,0.625,1,0.7142857142857143,0.07368071689346167,0.0,0.9966367713004485,0.8486842105263158,0.8357142857142857,0.3333333333333333,0.02269339424861639,0.0006167061449942916,3732391.428795712,0.5915492957746479,922782911.790749,47778114919.29238,942107221.5998513,48709321632.52854,0.02,0.0207308393997227,0.0209413390323858,0.019490235535855,1.0,4,5
0.27530864197530863,0.0,0.0,0.2857142857142857,0.0,0.625,1,0.7657142857142857,0.07368071689346167,0.0,0.9966367713004485,0.8552631578947368,0.8428571428571429,0.3333333333333333,0.0232142567814237,0.0006371809807952642,3919793.433039051,0.4788732394366197,942107221.5998513,48709321632.52854,971492078.7846112,50046959415.1475,0.019945205479452055,0.0381511962970479,0.0311905656925755,0.0274616385075185,1.0,4,5
0.27530864197530863,0.0,0.0,0.2857142857142857,0.25,0.625,1,0.68,0.9993362097577165,0.0,0.9966367713004485,0.8618421052631579,0.85,0.3333333333333333,0.024192677472096233,0.0006398747456125409,4084366.0881941593,0.704225352112676,971492078.7846112,50046959415.1475,1022880148.674654,51854384806.94821,0.019945205479452055,0.0603427286327555,0.0528960256210553,0.0361145894360499,1.0,4,5
0.27530864197530863,0.0,0.0,0.2857142857142857,0.0,0.625,1,0.76,0.07368071689346167,0.0,0.9966367713004485,0.868421052631579,0.8571428571428571,0.3333333333333333,0.02579925993114883,0.0006442062601536638,4356450.477670289,0.5211267605633803,1022880148.674654,51854384806.94821,1092586232.6235435,53971480867.83615,0.019945205479452055,0.0298542926677995,0.0681468733548182,0.040827715317997,1.0,4,5
0.27530864197530863,0.0,0.0,0.2857142857142857,0.25,0.625,1,0.7314285714285714,0.9946896780617325,0.0,0.9966367713004485,0.875,0.8642857142857143,0.3333333333333333,0.026642072735278577,0.0006625120038995696,4598027.616835203,0.6056338028169014,1092586232.6235435,53971480867.83615,1151928646.421357,56142944592.630035,0.02,0.0235614681673468,0.054313711838853,0.0402335398228428,1.0,4,5
0.27530864197530863,0.0,0.0,0.2857142857142857,0.25,0.625,1,0.7142857142857143,0.07368071689346167,0.0,0.9966367713004485,0.881578947368421,0.8714285714285714,0.3333333333333333,0.027327091504676493,0.000672199182356637,4766768.544719129,0.6619718309859155,1151928646.421357,56142944592.630035,1200031003.9771411,57448919778.54096,0.019945205479452055,0.0198267444700315,0.0417581051614801,0.0232616082997962,1.0,4,5
0.27530864197530863,0.0,0.0,0.2857142857142857,0.25,0.625,1,0.7485714285714286,0.07368071689346167,0.0,0.9966367713004485,0.8881578947368421,0.8785714285714286,0.3333333333333333,0.027917109775410585,0.0006732062872773189,4867682.383386496,0.5915492957746479,1200031003.9771411,57448919778.54096,1247035825.4717865,59628765673.01684,0.019945205479452055,0.0243499497358397,0.0391696725658434,0.0379440710613694,1.0,4,5
0.27530864197530863,0.0,0.0,0.2857142857142857,0.0,0.625,0,0.7542857142857143,0.07368071689346167,0.0,0.9966367713004485,0.8947368421052632,0.8857142857142857,0.3333333333333333,0.028656099699598467,0.0006733248573930725,4986982.570557696,0.5915492957746479,1247035825.4717865,59628765673.01684,1310948754.0093677,62796055415.77486,0.019945205479452055,0.0139280018523699,0.0512518784401414,0.0531168087584827,1.0,4,5
0.27530864197530863,0.0,0.0,0.2857142857142857,0.25,0.625,1,0.7657142857142857,0.07368071689346167,0.0,0.9966367713004485,0.9013157894736842,0.8928571428571429,0.3333333333333333,0.029089089448298217,0.0006723955641108537,5050303.544032727,0.5774647887323944,1310948754.0093677,62796055415.77486,1396210953.9824247,64760587194.60295,0.02,0.0168319258611533,0.0650385453377133,0.0312843181919766,1.0,4,5
0.27530864197530863,0.0,0.0,0.2857142857142857,0.0,0.625,1,0.7885714285714286,0.07368071689346167,0.0,0.9966367713004485,0.9078947368421053,0.9,0.3333333333333333,0.02961964360960326,0.0006709349284974144,5125500.39920936,0.5352112676056338,1396210953.9824247,64760587194.60295,1503265358.2641668,67072928019.09664,0.019945205479452055,0.0321123066450919,0.0766749494239318,0.0357059891619759,1.0,4,5
0.27530864197530863,0.0,0.0,0.2857142857142857,0.25,0.625,1,0.76,0.07368071689346167,0.0,0.9966367713004485,0.9144736842105263,0.9071428571428571,0.3333333333333333,0.030648883456229258,0.0006695521045224382,5280506.911175655,0.6197183098591549,1503265358.2641668,67072928019.09664,1599876650.880545,69971417637.12488,0.019945205479452055,0.0468844990824588,0.0642676238664448,0.0432140015894788,1.0,4,5
0.27530864197530863,0.0,0.0,0.2857142857142857,0.0,0.625,1,0.7657142857142857,0.07368071689346167,0.0,0.9966367713004485,0.9210526315789473,0.9142857142857143,0.3333333333333333,0.03219984605836584,0.0006682633955768416,5518729.259911032,0.6197183098591549,1599876650.880545,69971417637.12488,1727736948.4801033,74015814861.56413,0.019945205479452055,0.0338280831309303,0.0799188471993679,0.0578007043592241,1.0,4,5
0.27530864197530863,0.0,0.0,0.2857142857142857,0.0,0.625,1,0.7885714285714286,0.07368071689346167,0.0,0.9966367713004485,0.9276315789473685,0.9214285714285714,0.3333333333333333,0.0333713620038829,0.0006670643552812835,5696422.06949736,0.5774647887323944,1727736948.4801033,74015814861.56413,1865357237.5802343,77968730835.80147,0.02,0.0553583958259316,0.0796534965702946,0.0534063697282898,1.0,4,5
0.27530864197530863,0.0,0.0,0.2857142857142857,0.0,0.625,1,0.7942857142857143,0.07368071689346167,0.0,0.9966367713004485,0.9342105263157895,0.9285714285714286,0.3333333333333333,0.03535335737970202,0.0006659497961931999,6002942.538135066,0.5774647887323944,1865357237.5802343,77968730835.80147,2018949156.397588,82618841699.03532,0.019945205479452055,0.0546309829691318,0.0823391443328007,0.0596407151095836,1.0,4,5
0.27530864197530863,0.0,0.0,0.2857142857142857,0.25,0.625,1,0.7885714285714286,0.07368071689346167,0.0,0.9966367713004485,0.9407894736842105,0.9357142857142857,0.3333333333333333,0.03741758756531745,0.0006646151413277486,6319745.022849221,0.6056338028169014,2018949156.397588,82618841699.03532,2201714512.3442316,87408786989.82104,0.019945205479452055,0.045259342889272,0.0905249918590085,0.0579764275591587,1.0,4,5
0.27530864197530863,0.0,0.0,0.2857142857142857,0.0,0.625,0,0.7828571428571428,0.07368071689346167,0.0,0.9966367713004485,0.9473684210526315,0.9428571428571428,0.3333333333333333,0.03922113629061267,0.0006627491441310767,6589486.558072278,0.6338028169014085,2201714512.3442316,87408786989.82104,2372014239.789819,90277694082.64676,0.019945205479452055,0.0500279470499378,0.0773486873483264,0.0328217241266581,1.0,4,5
0.27530864197530863,0.0,0.0,0.2857142857142857,0.25,0.625,1,0.7657142857142857,0.07368071689346167,0.0,0.9966367713004485,0.9539473684210527,0.95,0.3333333333333333,0.04130493792945743,0.000661387810989581,6906669.255279286,0.6901408450704225,2372014239.789819,90277694082.64676,2508753646.0003195,90134685455.90204,0.02,0.0323502356515352,0.0576469584021623,-0.0015840970263797,1.0,4,5
0.27530864197530863,0.0,0.0,0.2857142857142857,0.0,0.625,1,0.7657142857142857,0.07368071689346167,0.0,0.9966367713004485,0.9605263157894737,0.9571428571428572,0.3333333333333333,0.04271982572511779,0.000661542693203284,7131566.952172819,0.704225352112676,2508753646.0003195,90134685455.90204,2732230766.461506,95439312780.60912,0.019945205479452055,0.0259098817442009,0.0890789419748223,0.058852230946125,1.0,4,5
0.27530864197530863,0.0,0.0,0.2857142857142857,0.0,0.625,0,0.8857142857142857,0.07368071689346167,0.0,0.9966367713004485,0.9671052631578947,0.9642857142857143,0.3333333333333333,0.04388969421633279,0.0006631841482432477,7332276.954127632,0.4225352112676056,2732230766.461506,95439312780.60912,2920877102.875,99528621997.0122,0.019945205479452055,0.027284139582282,0.0690448035097008,0.0428472198432876,1.0,4,5
0.27530864197530863,0.0,0.0,0.2857142857142857,0.25,0.625,0,0.7828571428571428,0.07368071689346167,0.0,0.9966367713004485,0.9736842105263158,0.9714285714285714,0.3333333333333333,0.045153531284148916,0.0006667079038707993,7567466.517,0.6901408450704225,2920877102.875,99528621997.0122,3037907344.1720467,102883604981.64182,0.019945205479452055,0.0220598186493437,0.0400668145817757,0.0337087253627437,1.0,4,5
0.27530864197530863,0.0,0.0,0.2857142857142857,0.0,0.625,0,0.8457142857142858,0.07368071689346167,0.0,0.9966367713004485,0.9802631578947368,0.9785714285714285,0.3333333333333333,0.04620325098281164,0.0006724674472435294,7793097.6,0.5492957746478874,3037907344.1720467,102883604981.64182,3181616146.239904,106221801332.0274,0.02,0.0335010593220339,0.0473051959084762,0.0324463392489138,1.0,4,5
0.27530864197530863,0.0,0.0,0.2857142857142857,0.0,0.625,1,0.8114285714285714,0.07368071689346167,0.0,0.9966367713004485,0.9868421052631579,0.9857142857142858,0.3333333333333333,0.047832570515091814,0.0006793474782101308,8126636.245,0.647887323943662,3181616146.239904,106221801332.0274,3339346770.483352,109801891452.69542,0.019945205479452055,0.0156310057655348,0.0495756298036951,0.0337039108334964,1.0,4,5
0.27530864197530863,0.0,0.0,0.2857142857142857,0.0,1.0,1,0.8685714285714285,0.07368071689346167,0.0,0.9966367713004485,0.993421052631579,0.9928571428571429,0.3333333333333333,0.048618250289551024,0.0006862527053263299,8327527.529,0.5211267605633803,3339346770.483352,109801891452.69542,3445106737.2706604,113181872475.00755,0.019945205479452055,0.0052983474202095,0.0316708548276942,0.0307825391493214,1.0,4,5
0.27530864197530863,0.0,1.0,1.0,0.0,0.875,0,0.8685714285714285,0.07368071689346167,0.0,0.0,1.0,1.0,0.3333333333333333,0.04888873021190584,0.0006931357005458252,8445665.735000001,0.5352112676056338,3445106737.2706604,113181872475.00755,3492460877.5528216,116773716558.88168,0.019945205479452055,0.0030304311345707,0.0137453332780268,0.0317351533892251,1.0,4,5
0.35555555555555557,0.0,0.0,0.2857142857142857,0.0,0.625,1,0.56,0.991702621971457,0.0,0.9966367713004485,0.6118421052631579,0.5785714285714286,0.6666666666666666,0.02696697650486351,0.02046771196020559,126650793.94,0.4647887323943662,2080182839.704803,11951387652.483671,2177517477.036767,12402988214.360376,0.01178082191780822,0.0341730558598027,0.0467913855811716,0.0377864541765453,1.0,4,5
0.35555555555555557,0.0,0.16666666666666666,0.21428571428571427,0.0,0.625,1,0.5542857142857143,0.989379356123465,0.0,0.9988789237668162,0.6118421052631579,0.6714285714285714,0.6666666666666666,0.02696697650486351,0.02046771196020559,126650793.94,0.4788732394366197,2080182839.704803,11951387652.483671,4329441038.271064,23271103735.64346,0.28345205479452057,0.036407447973713,0.0720852723659442,0.0631431061246258,1.0,4,5
0.35555555555555557,0.0,0.5,0.2857142857142857,0.0,0.0,1,0.6,0.9956853634251577,0.0,0.9977578475336323,0.7039473684210527,0.7428571428571429,0.6666666666666666,0.04302189189606695,0.024011568186630392,229568508.0,0.5633802816901409,4329441038.271064,23271103735.64346,7009938245.912627,35105310712.72682,0.1944109589041096,0.0296259563615755,0.0619132396987672,0.0508536557247921,1.0,4,5
0.35555555555555557,0.0,0.0,0.2857142857142857,0.0,0.625,1,0.68,0.07368071689346167,0.0,0.9966367713004485,0.7697368421052632,0.75,0.6666666666666666,0.05648792803044578,0.02627330500164149,325503268.384,0.5070422535211268,7009938245.912627,35105310712.72682,7076156686.201849,35740398961.4584,0.022301369863013697,-0.0308776915509891,0.0047231828559853,0.0090454725487066,1.0,4,6
0.35555555555555557,0.0,0.0,0.2857142857142857,0.0,0.625,1,0.6571428571428571,0.07368071689346167,0.0,0.9966367713004485,0.7763157894736842,0.8142857142857143,0.6666666666666666,0.05284932907495843,0.026513368727565198,308182433.22400004,0.5774647887323944,7076156686.201849,35740398961.4584,7833175413.821,46715156894.540726,0.18367123287671233,-0.0050559179869524,0.0106981623102735,0.0307068702420396,1.0,4,6
0.35555555555555557,0.0,0.0,0.2857142857142857,0.0,0.625,1,0.7714285714285715,0.07368071689346167,0.0,0.9966367713004485,0.8355263157894737,0.85,0.6666666666666666,0.050054369877292046,0.028156637149236614,310673175.20000005,0.4225352112676056,7833175413.821,46715156894.540726,5419076683.2884445,51854384806.94821,0.10010958904109589,0.0257315856179448,-0.0513648382892305,0.0183353335906562,1.0,4,5
0.35555555555555557,0.0,0.0,0.2857142857142857,0.0,0.625,1,0.8342857142857143,0.07368071689346167,0.0,0.9966367713004485,0.868421052631579,0.9214285714285714,0.6666666666666666,0.05815765556758694,0.028337502521680675,360934057.94112575,0.3380281690140845,5419076683.2884445,51854384806.94821,9406050257.104614,77968730835.80147,0.20016438356164384,0.0596444231291001,0.0668844831430308,0.0457826559124537,1.0,4,5
0.35555555555555557,0.0,0.5,0.2857142857142857,0.0,0.0,1,0.8057142857142857,0.9986724195154332,0.0,0.9977578475336323,0.9342105263157895,0.9571428571428572,0.6666666666666666,0.09790958860320913,0.028252828637768148,595958520.5207155,0.5492957746478874,9406050257.104614,77968730835.80147,12280534834.274876,95439312780.60912,0.08597260273972603,0.0645372799830073,0.0611199068386668,0.0448143294306018,1.0,4,5
0.35555555555555557,0.0,0.0,0.2857142857142857,0.0,0.625,1,0.8228571428571428,0.07368071689346167,0.0,0.9966367713004485,0.9671052631578947,0.9642857142857143,0.6666666666666666,0.13028833037509047,0.0285172548171631,795619823.8763016,0.5774647887323944,12280534834.274876,95439312780.60912,13001385251.611,99528621997.0122,0.004876712328767123,0.0596013973139399,0.0586986175328647,0.0428472198432876,1.0,4,5
0.35555555555555557,0.0,0.0,0.2857142857142857,0.0,0.625,1,0.8057142857142857,0.07368071689346167,0.0,0.9966367713004485,0.9671052631578947,0.9642857142857143,0.6666666666666666,0.13028833037509047,0.0285172548171631,795619823.8763016,0.6197183098591549,12280534834.274876,95439312780.60912,13001385251.611,99528621997.0122,0.0,0.0596013973139399,0.0586986175328647,0.0428472198432876,1.0,4,5
0.35555555555555557,0.0,0.0,0.2857142857142857,0.0,0.625,1,0.8857142857142857,0.07368071689346167,0.0,0.9966367713004485,0.9671052631578947,0.9642857142857143,0.6666666666666666,0.13028833037509047,0.0285172548171631,795619823.8763016,0.4225352112676056,12280534834.274876,95439312780.60912,13001385251.611,99528621997.0122,0.0015890410958904102,0.0596013973139399,0.0586986175328647,0.0428472198432876,1.0,4,5
0.35555555555555557,0.0,0.0,0.2857142857142857,0.25,1.0,1,0.8228571428571428,0.07368071689346167,0.0,0.9966367713004485,0.9671052631578947,0.9928571428571429,0.6666666666666666,0.13028833037509047,0.0285172548171631,795619823.8763016,0.5774647887323944,12280534834.274876,95439312780.60912,13748749519.36168,113181872475.00755,0.10005479452054795,0.0356786177422688,0.0239112498747046,0.0371808203086795,1.0,4,5
0.37407407407407406,0.5,0.0,0.2857142857142857,0.0,0.625,1,0.35428571428571426,0.97875871224693,0.5,0.9966367713004485,0.3618421052631579,0.3142857142857143,1.0,0.04481221138212975,0.003636775920824764,36914752.0,0.43661971830985913,1204290778.3005948,3237619941.9560475,1191161692.3117025,3564985722.0261664,0.031616438356164386,0.0177889858233369,-0.0054509617716325,0.0505565486281779,1.0,4,5
0.37407407407407406,0.0,0.0,0.2857142857142857,0.0,0.625,1,0.32,0.9694656488549618,0.0,0.9966367713004485,0.375,0.32142857142857145,1.0,0.046493050899620365,0.0038783625316726814,40704726.0,0.5492957746478874,1191161692.3117025,3564985722.0261664,1155693063.447896,3494210458.682645,0.01802739726027397,0.0304067395024352,-0.029776502294136,-0.0198528883036581,1.0,4,5
0.37407407407407406,0.0,0.0,0.2857142857142857,0.0,0.625,1,0.35428571428571426,0.972784600066379,0.0,0.9966367713004485,0.3815789473684211,0.32857142857142857,1.0,0.04798069047257183,0.003954692043689048,42748708.0,0.4788732394366197,1155693063.447896,3494210458.682645,1216343688.6680598,3715797650.1647186,0.018465753424657533,0.0311701584057231,0.0524798730202797,0.063415525224435,1.0,4,5
0.37407407407407406,0.0,0.0,0.2857142857142857,0.0,0.625,1,0.38857142857142857,0.972784600066379,0.0,0.9966367713004485,0.3881578947368421,0.34285714285714286,1.0,0.049552050021490254,0.004038432187940013,44993328.0,0.4084507042253521,1216343688.6680598,3715797650.1647186,1395516916.9595828,4177978439.109769,0.04947945205479452,0.0232490915097456,0.0491015902716673,0.0414608860562829,1.0,4,5
0.37407407407407406,0.0,0.0,0.2857142857142857,0.0,0.625,1,0.41714285714285715,0.9757716561566545,0.0,0.9966367713004485,0.40131578947368424,0.35714285714285715,1.0,0.053177768980674986,0.004219992677687681,50247065.0,0.36619718309859156,1395516916.9595828,4177978439.109769,1507299279.0289705,4582082014.773711,0.038027397260273973,0.0143601621308627,0.0400505220362817,0.0483611370371321,1.0,4,5
0.37407407407407406,0.0,0.0,0.2857142857142857,0.25,0.625,1,0.38857142857142857,0.972784600066379,0.0,0.9966367713004485,0.4144736842105263,0.37857142857142856,1.0,0.05477488852219864,0.0044015531674353485,53866512.0,0.4647887323943662,1507299279.0289705,4582082014.773711,1610542861.8412397,5654440675.939672,0.0490958904109589,-0.0185372809486284,0.0228319140617251,0.0780110189871783,1.0,4,6
0.37407407407407406,0.0,0.0,0.2857142857142857,0.0,0.625,1,0.37714285714285717,0.9794225024892134,0.0,0.9966367713004485,0.4342105263157895,0.38571428571428573,1.0,0.05159352943545395,0.004647586157624025,53656044.0,0.5352112676056338,1610542861.8412397,5654440675.939672,1463406549.286065,5458058939.984556,0.00789041095890411,-0.1054952914530933,-0.0913582097324389,-0.0347305325512997,1.0,5,6
0.37407407407407406,0.0,0.0,0.2857142857142857,0.25,0.625,1,0.35428571428571426,0.972784600066379,0.0,0.9966367713004485,0.4342105263157895,0.38571428571428573,1.0,0.05159352943545395,0.004647586157624025,53656044.0,0.5915492957746479,1610542861.8412397,5654440675.939672,1463406549.286065,5458058939.984556,0.019945205479452055,-0.1054952914530933,-0.0913582097324389,-0.0347305325512997,1.0,5,6
0.37407407407407406,0.0,0.0,0.2857142857142857,0.0,0.625,1,0.37142857142857144,0.9784268171257883,0.0,0.9966367713004485,0.4407894736842105,0.39285714285714285,1.0,0.045894131071548994,0.004701683772936596,48543376.0,0.5633802816901409,1463406549.286065,5458058939.984556,1361835476.6813493,5274746126.337196,0.0032876712328767104,-0.0751599147121535,-0.0694072830644828,-0.0335857152997103,1.0,4,6
0.37407407407407406,0.0,0.0,0.2857142857142857,0.0,0.625,1,0.38285714285714284,0.9820776634583471,0.0,0.9966367713004485,0.4407894736842105,0.39285714285714285,1.0,0.045894131071548994,0.004701683772936596,48543376.0,0.5352112676056338,1463406549.286065,5458058939.984556,1361835476.6813493,5274746126.337196,0.010630136986301369,-0.0751599147121535,-0.0694072830644828,-0.0335857152997103,1.0,4,6
0.37407407407407406,0.0,0.0,0.2857142857142857,0.0,0.625,1,0.4,0.974112180550946,0.0,0.9966367713004485,0.4473684210526316,0.4,1.0,0.04226197211421296,0.004744665439897268,45297380.0,0.5070422535211268,1361835476.6813493,5274746126.337196,1172777378.9933,5018502854.988797,0.017589041095890413,0.0482708933717579,-0.138825945516388,-0.0485792614869098,1.0,4,5
0.37407407407407406,0.0,0.16666666666666666,0.7142857142857143,0.0,0.0,1,0.4228571428571429,0.9734483903086625,0.0,0.9988789237668162,0.45394736842105265,0.4142857142857143,1.0,0.04441937149490015,0.004783200727517181,47862225.0,0.4647887323943662,1172777378.9933,5018502854.988797,1231111690.7667131,5285216561.450975,0.04361643835616438,0.0362428407789232,0.0165801037259338,0.0177153568284508,1.0,4,5
0.37407407407407406,0.0,0.3333333333333333,0.8571428571428571,0.0,0.25,1,0.5085714285714286,0.9877198805177564,0.0,1.0,0.46710526315789475,0.44285714285714284,1.0,0.049513410032582424,0.0048595302395335474,53897012.0,0.28169014084507044,1231111690.7667131,5285216561.450975,1537683523.832198,6269649368.577917,0.07232876712328767,0.0407884949169352,0.0622550811930308,0.0465653959341583,1.0,4,5
0.37407407407407406,0.0,0.3333333333333333,0.07142857142857142,0.0,0.625,1,0.48,0.9774311317623631,0.0,1.0,0.4934210526315789,0.45,1.0,0.05798844759969985,0.0050240462751416385,64773328.0,0.4084507042253521,1537683523.832198,6269649368.577917,1639122109.3805273,5943149740.776493,0.022684931506849318,-0.0034107866126625,0.0329842207372832,-0.0260381090398585,1.0,4,6
0.37407407407407406,0.5,0.0,0.2857142857142857,0.25,0.625,1,0.35428571428571426,0.97875871224693,0.5,0.9966367713004485,0.5394736842105263,0.5,1.0,0.06857580456044532,0.005383461938519674,81471114.0,0.8169014084507042,2555812784.84346,5516514526.341848,2342126996.3995733,5764995899.017727,0.011671232876712328,-0.0466170868855432,-0.0836077625525199,0.0450431828810307,1.0,4,6
0.37407407407407406,0.0,0.0,0.2857142857142857,0.0,0.625,1,0.5371428571428571,0.9837371390640558,0.0,0.9966367713004485,0.5394736842105263,0.55,1.0,0.06857580456044532,0.005383461938519674,81471114.0,0.36619718309859156,2555812784.84346,5516514526.341848,3034661133.164,10381252161.518972,0.14695890410958903,0.0106226192635588,0.0234195727852318,0.1102312341413126,1.0,4,5
0.37407407407407406,0.0,0.0,0.2857142857142857,0.0,0.625,1,0.4742857142857143,0.9834052439429141,0.0,0.9966367713004485,0.5921052631578947,0.6071428571428571,1.0,0.07461008282821814,0.00647202749297724,105967344.812,0.6338028169014085,3034661133.164,10381252161.518972,3784937088.512,14545646569.21639,0.1606027397260274,0.0169968514029368,0.0274706108460121,0.0445717416882834,1.0,4,5
0.37407407407407406,0.0,0.0,0.2857142857142857,0.0,0.625,1,0.5142857142857142,0.9860604049120478,0.0,0.9966367713004485,0.6447368421052632,0.6285714285714286,1.0,0.08639527944510635,0.00776213704806629,146189441.502,0.647887323943662,3784937088.512,14545646569.21639,4440172878.91,17168846684.352207,0.057534246575342465,0.0460620121317576,0.0577055641943397,0.0601142090327656,1.0,4,5
0.37407407407407406,0.0,0.0,0.2857142857142857,0.0,0.625,1,0.5828571428571429,0.9956853634251577,0.0,0.9966367713004485,0.6644736842105263,0.6714285714285714,1.0,0.09866991592149374,0.008221218304367443,176116154.496,0.5211267605633803,4440172878.91,17168846684.352207,5623470695.412,23271103735.64346,0.11841095890410959,0.0368070153088307,0.0444163567790511,0.0592376914174913,1.0,4,5
0.37407407407407406,0.0,0.0,0.2857142857142857,0.0,0.625,1,0.5885714285714285,0.9920345170925987,0.0,0.9966367713004485,0.7039473684210527,0.7642857142857142,1.0,0.12099738951206827,0.009289724759492397,242644626.56,0.5915492957746479,5623470695.412,23271103735.64346,8135374862.205999,37212432698.472725,0.26202739726027396,0.0131594639316647,0.0319058702210283,0.0427916622667716,1.0,4,5
0.37407407407407406,0.0,0.0,0.2857142857142857,0.0,0.625,1,0.6914285714285714,0.07368071689346167,0.0,0.9966367713004485,0.7894736842105263,0.7857142857142857,1.0,0.14373702298432633,0.01128158413403677,348353556.0,0.5211267605633803,8135374862.205999,37212432698.472725,9365363334.35,41482688664.595215,0.06131506849315068,0.0266444904612944,0.0377975352389132,0.028688368755167,1.0,4,5
0.37407407407407406,0.0,0.0,0.2857142857142857,0.0,0.625,1,0.7371428571428571,0.07368071689346167,0.0,0.9966367713004485,0.8092105263157895,0.8642857142857143,1.0,0.1593153785123332,0.011690651033386618,399344400.0,0.4507042253521127,9365363334.35,41482688664.595215,13053957064.951847,56142944592.630035,0.21254794520547948,0.0280226794242081,0.0358049859691064,0.0321278726576307,1.0,4,5
0.37407407407407406,0.0,0.0,0.2857142857142857,0.0,0.625,1,0.7942857142857143,0.07368071689346167,0.0,0.9966367713004485,0.881578947368421,0.8857142857142857,1.0,0.2091738041468286,0.013473071119716762,601472804.9125612,0.4647887323943662,13053957064.951847,56142944592.630035,14882100957.497593,62796055415.77486,0.06038356164383562,0.0284942169654999,0.0350112974067853,0.0296257654074764,1.0,4,5
0.37407407407407406,0.0,0.0,0.2857142857142857,0.0,0.625,1,0.7828571428571428,0.07368071689346167,0.0,0.9966367713004485,0.9013157894736842,0.9357142857142857,1.0,0.23329192705017468,0.013919139305813961,692059262.1950755,0.5352112676056338,14882100957.497593,62796055415.77486,17760613050.722805,87408786989.82104,0.13873972602739726,0.029000470810361,0.0276315833693304,0.0559924423166037,1.0,4,5
0.37407407407407406,0.0,0.0,0.2857142857142857,0.0,0.625,1,0.8685714285714285,0.07368071689346167,0.0,0.9966367713004485,0.9473684210526315,0.9428571428571428,1.0,0.2811445829652983,0.015243641605103784,911250797.4787874,0.4225352112676056,17760613050.722805,87408786989.82104,17760313843.58983,90277694082.64676,0.03786301369863014,0.0044063720892704,-8.423333477336481e-06,0.016410862063329,1.0,4,5
0.37407407407407406,0.0,1.0,1.0,0.0,0.875,1,0.8685714285714285,0.07368071689346167,0.0,0.0,0.9539473684210527,0.9928571428571429,1.0,0.2836436674535819,0.015554072989411121,937889642.8326472,0.43661971830985913,17760313843.58983,90277694082.64676,19805745934.47515,113181872475.00755,0.14164383561643834,0.0104788186824624,0.0143960863311515,0.0317135071751398,1.0,4,5
0.3802469135802469,0.5,0.16666666666666666,0.21428571428571427,0.0,0.125,1,0.5142857142857142,0.9887155658811816,0.5,0.9988789237668162,0.6118421052631579,0.5785714285714286,0.6666666666666666,0.027398456381000944,0.007252423388085464,45907752.0,0.5774647887323944,2080182839.704803,11951387652.483671,2177517477.036767,12402988214.360376,0.005424657534246574,0.0904576856649395,0.0467913855811716,0.0377864541765453,1.0,3,5
0.3802469135802469,0.5,0.3333333333333333,0.8571428571428571,0.0,0.25,1,0.5028571428571429,0.9814138732160638,0.5,1.0,0.6118421052631579,0.5785714285714286,0.6666666666666666,0.027398456381000944,0.007252423388085464,45907752.0,0.6056338028169014,2080182839.704803,11951387652.483671,2177517477.036767,12402988214.360376,0.0005479452054794518,0.0904576856649395,0.0467913855811716,0.0377864541765453,1.0,3,5
0.3802469135802469,1.0,0.0,0.2857142857142857,0.0,0.625,1,0.5942857142857143,0.991702621971457,1.0,0.9966367713004485,0.6118421052631579,0.8,0.6666666666666666,0.027398456381000944,0.007252423388085464,45907752.0,0.38028169014084506,2080182839.704803,11951387652.483671,8045337676.024826,44671815935.24714,0.6313424657534247,0.0443585384283247,0.0896128383894629,0.0855560386432503,1.0,4,5
0.3802469135802469,0.0,0.0,0.2857142857142857,0.0,0.625,1,0.6971428571428572,0.994025887819449,0.0,0.9966367713004485,0.8223684210526315,0.8071428571428572,0.6666666666666666,0.06974144422583153,0.0076462984913543836,117029097.5,0.5774647887323944,8045337676.024826,44671815935.24714,8127570374.057793,46016341267.83971,0.02756164383561644,-0.0091014544481127,0.005110580894449,0.0150489218363261,1.0,4,6
0.3802469135802469,0.0,0.0,0.2857142857142857,0.0,0.625,1,0.7142857142857143,0.07368071689346167,0.0,0.9966367713004485,0.8289473684210527,0.8142857142857143,0.6666666666666666,0.0684276846029653,0.007613290794318259,114408742.877,0.5492957746478874,8127570374.057793,46016341267.83971,7833175413.821,46715156894.540726,0.01073972602739726,-0.06425520312642,-0.0362217669841979,0.0151862492203267,1.0,4,6
0.3802469135802469,0.0,0.5,0.2857142857142857,0.0,0.0,1,0.7085714285714285,0.9930302024560239,0.0,0.9977578475336323,0.8355263157894737,0.8357142857142857,0.6666666666666666,0.06387460590999265,0.0075939631243872015,106788855.888,0.5774647887323944,7833175413.821,46715156894.540726,6025166797.226061,48709321632.52854,0.07227397260273973,-0.024318569987583,-0.0577035659575826,0.0106719364257388,1.0,4,6
0.3802469135802469,0.0,0.0,0.2857142857142857,0.0,0.625,1,0.6857142857142857,0.07368071689346167,0.0,0.9966367713004485,0.8552631578947368,0.8428571428571429,0.6666666666666666,0.057424716009313266,0.007541312064486824,95740693.74553454,0.676056338028169,6025166797.226061,48709321632.52854,5486506564.154744,50046959415.1475,0.01178082191780822,0.0514025847238082,-0.0894017130478963,0.0274616385075185,1.0,4,5
0.3802469135802469,0.0,0.0,0.2857142857142857,0.0,0.625,1,0.7085714285714285,0.07368071689346167,0.0,0.9966367713004485,0.8618421052631579,0.8714285714285714,0.6666666666666666,0.06050148613814635,0.007516842156848179,100339334.0477465,0.6338028169014085,5486506564.154744,50046959415.1475,5667997926.22733,57448919778.54096,0.07956164383561644,0.0483719245192069,0.0082698963334124,0.0369750752587835,1.0,4,5
0.3802469135802469,0.0,0.0,0.2857142857142857,0.0,0.625,1,0.8857142857142857,0.07368071689346167,0.0,0.9966367713004485,0.8881578947368421,0.9,0.6666666666666666,0.07267826702100759,0.00752096987900285,119818723.8880368,0.2535211267605634,5667997926.22733,57448919778.54096,7372352468.581502,67072928019.09664,0.07786301369863013,0.0693704415112886,0.0751744515672664,0.0418807188962609,1.0,4,5
0.3802469135802469,0.0,0.0,0.2857142857142857,0.0,0.625,1,0.7657142857142857,0.07368071689346167,0.0,0.9966367713004485,0.9144736842105263,0.9142857142857143,0.6666666666666666,0.09351988974713567,0.007440912818972482,151456662.94194716,0.6056338028169014,7372352468.581502,67072928019.09664,8712417451.024088,74015814861.56413,0.04690410958904109,0.0469753247065676,0.0605896597299842,0.0345041685595851,1.0,4,5
0.3802469135802469,0.0,0.0,0.2857142857142857,0.0,0.625,1,0.8742857142857143,0.07368071689346167,0.0,0.9966367713004485,0.9276315789473685,0.95,0.6666666666666666,0.10704194902974691,0.0074027480629642985,171925391.91997832,0.36619718309859156,8712417451.024088,74015814861.56413,11639006715.551855,90134685455.90204,0.09084931506849314,0.0289671629550931,0.0671820256772422,0.0435552067473307,1.0,4,5
0.3802469135802469,0.0,0.0,0.2857142857142857,0.0,0.625,1,0.9142857142857143,0.07368071689346167,0.0,0.9966367713004485,0.9605263157894737,0.9571428571428572,0.6666666666666666,0.12289764188045763,0.007340091167420766,195180912.64304668,0.3380281690140845,11639006715.551855,90134685455.90204,12280534834.274876,95439312780.60912,0.022465753424657536,0.014779873761248,0.0275594015194534,0.0294261154730625,1.0,4,5
0.3802469135802469,0.0,1.0,1.0,0.25,0.875,1,0.8857142857142857,0.07368071689346167,0.0,0.0,0.9671052631578947,0.9928571428571429,0.6666666666666666,0.1266023430726767,0.0073233060854094,200496588.16208,0.4225352112676056,12280534834.274876,95439312780.60912,13748749519.36168,113181872475.00755,0.11189041095890412,0.0245973167728227,0.0199260415622538,0.0309840169238995,1.0,4,5
0.38641975308641974,0.0,0.0,0.2857142857142857,0.0,0.625,1,0.7885714285714286,0.07368071689346167,0.0,0.9966367713004485,0.8289473684210527,0.8285714285714286,0.6666666666666666,0.08790223901251172,0.007551326051825438,144679289.261,0.36619718309859156,8127570374.057793,46016341267.83971,6490489413.913117,47778114919.29238,0.050794520547945206,-0.0289101573012765,-0.067141055477458,0.0127619421196353,1.0,4,6
0.38641975308641974,0.0,0.0,0.2857142857142857,0.0,0.625,1,0.7542857142857143,0.07368071689346167,0.0,0.9966367713004485,0.8486842105263158,0.8357142857142857,0.6666666666666666,0.08006754122027154,0.0075146189671777995,131496647.11674272,0.49295774647887325,6490489413.913117,47778114919.29238,6025166797.226061,48709321632.52854,0.010027397260273973,0.0127837688908727,-0.0716929937039236,0.019490235535855,1.0,4,5
0.3987654320987654,0.0,0.0,0.2857142857142857,0.25,0.625,1,0.05714285714285714,0.9575174244938599,0.0,0.9966367713004485,0.06578947368421052,0.0,0.16666666666666666,0.01419002017267432,0.020944307504729996,73266847.0,0.5352112676056338,646534234.6954694,943174079.4074694,681766578.0511813,994588638.0127811,0.052109589041095895,0.0104610616040294,0.0181647217141343,0.0181707561477276,1.0,4,5
0.3987654320987654,0.0,0.0,0.2857142857142857,0.0,0.625,1,0.02857142857142857,0.9578493196150016,0.0,0.9966367713004485,0.08552631578947369,0.014285714285714285,0.16666666666666666,0.014711660022930029,0.021277785955286937,76764094.0,0.647887323943662,681766578.0511813,994588638.0127811,702594714.8729267,1038709456.9097269,0.03923287671232877,0.0155897821187077,0.0152751231083241,0.0221804358157058,1.0,4,5
0.3987654320987654,0.0,0.0,0.2857142857142857,0.0,0.625,1,0.09714285714285714,0.9585131098572851,0.0,0.9966367713004485,0.09868421052631579,0.02142857142857143,0.16666666666666666,0.015246179869488346,0.021585327193022783,80296740.0,0.5070422535211268,702594714.8729267,1038709456.9097269,689754871.096389,1058886143.5363892,0.0143013698630137,0.0029143897996357,-0.0182748937683937,0.0194247645406928,1.0,4,5
0.3987654320987654,0.0,0.0,0.2857142857142857,0.25,0.625,1,0.02857142857142857,0.9578493196150016,0.0,0.9966367713004485,0.09868421052631579,0.02142857142857143,0.16666666666666666,0.015246179869488346,0.021585327193022783,80296740.0,0.676056338028169,702594714.8729267,1038709456.9097269,689754871.096389,1058886143.5363892,0.010794520547945205,0.0029143897996357,-0.0182748937683937,0.0194247645406928,1.0,4,5
0.3987654320987654,0.0,0.0,0.2857142857142857,0.25,0.625,1,0.09714285714285714,0.9585131098572851,0.0,0.9966367713004485,0.10526315789473684,0.03571428571428571,0.16666666666666666,0.015297699854698787,0.021713531130681342,81007025.0,0.5211267605633803,689754871.096389,1058886143.5363892,738616938.5681975,1168068272.6993976,0.036821917808219175,0.0230657464584089,0.0354198785099846,0.0515551789158228,1.0,4,5
0.3987654320987654,0.0,0.5,0.2857142857142857,0.5,0.0,1,0.02857142857142857,0.9578493196150016,0.0,0.9977578475336323,0.11842105263157894,0.07857142857142857,0.16666666666666666,0.016115579619914524,0.021896573746875928,85455360.0,0.7183098591549296,738616938.5681975,1168068272.6993976,818286589.3749187,1991721219.403796,0.12345205479452055,0.0099702380952381,0.0154090409959148,0.1007344428593498,1.0,4,5
0.3987654320987654,0.0,0.0,0.2857142857142857,0.0,0.625,1,0.06285714285714286,0.9624958513109857,0.0,0.9966367713004485,0.15789473684210525,0.10714285714285714,0.16666666666666666,0.017410019248326837,0.022917017805580166,95661969.0,0.7183098591549296,818286589.3749187,1991721219.403796,879995372.1780128,1755379986.2233455,0.06969863013698631,-0.005436546575787,0.0188530472099734,-0.0296654510277293,1.0,4,6
0.3987654320987654,0.0,0.0,0.2857142857142857,0.0,0.625,1,0.17714285714285713,0.9648191171589777,0.0,0.9966367713004485,0.18421052631578946,0.11428571428571428,0.16666666666666666,0.016978539372189398,0.023541734102956836,96122488.0,0.49295774647887325,879995372.1780128,1755379986.2233455,893223423.7109936,1831626029.2905164,0.024712328767123287,0.0004976775049767,0.0075159778967024,0.0217178171295014,1.0,4,6
0.3987654320987654,0.0,0.0,0.2857142857142857,0.0,0.625,1,0.19428571428571428,0.9714570195818122,0.0,0.9966367713004485,0.19078947368421054,0.12142857142857143,0.16666666666666666,0.016997859366643314,0.02368920568442535,96818547.0,0.4647887323943662,893223423.7109936,1831626029.2905164,908058421.5081134,1828684347.56283,0.03057534246575342,0.0077891945641365,0.0083041920998254,-0.0008030246569562,1.0,4,5
0.3987654320987654,0.0,0.0,0.2857142857142857,0.25,0.625,1,0.06285714285714286,0.9624958513109857,0.0,0.9966367713004485,0.19736842105263158,0.14285714285714285,0.16666666666666666,0.01730053927975465,0.023846311087798843,98976392.0,0.8028169014084507,908058421.5081134,1828684347.56283,992559529.5499188,1960151150.4666553,0.044712328767123284,0.0096823324630113,0.0310189689856682,0.0239638227849505,1.0,4,5
0.3987654320987654,0.0,0.0,0.2857142857142857,0.25,0.625,1,0.17714285714285713,0.9648191171589777,0.0,0.9966367713004485,0.21710526315789475,0.15714285714285714,0.16666666666666666,0.017873699115220798,0.02426130649293637,103617039.0,0.5633802816901409,992559529.5499188,1960151150.4666553,1048481434.2765558,2145898307.1412191,0.04547945205479452,-0.0008457553652605,0.0187803696946335,0.0315872165658147,1.0,4,6
0.3987654320987654,0.0,0.0,0.2857142857142857,0.0,0.625,1,0.17714285714285713,0.9701294390972452,0.0,0.9966367713004485,0.23026315789473684,0.17142857142857143,0.16666666666666666,0.01782217913001036,0.024574035173236433,104681325.0,0.5915492957746479,1048481434.2765558,2145898307.1412191,1098015228.650166,3063830824.5552855,0.039397260273972605,0.0189189189189189,0.0236216840633846,0.2138807124175754,1.0,4,5
0.3987654320987654,0.0,0.0,0.2857142857142857,0.0,0.625,1,0.07428571428571429,0.964487222037836,0.0,0.9966367713004485,0.24342105263157895,0.17857142857142858,0.16666666666666666,0.018588538910015658,0.024860826640715403,109905408.0,0.8732394366197183,1098015228.650166,3063830824.5552855,1097140341.208042,2383409478.9599314,0.012657534246575343,0.0162377450980393,-0.0007967898980776,-0.2220818917748558,1.0,4,5
0.3987654320987654,0.0,0.6666666666666666,0.2857142857142857,0.0,0.0,1,0.10285714285714286,0.9631596415532692,0.0,0.9978699551569506,0.25,0.19285714285714287,0.16666666666666666,0.018929858812034826,0.025012744601524677,112370009.0,0.8169014084507042,1097140341.208042,2383409478.9599314,1135107288.5347917,2510448213.9828224,0.05358904109589042,0.0085418550899406,0.0115351232960603,0.0177670876034735,1.0,4,5
0.3987654320987654,0.0,0.0,0.2857142857142857,0.25,0.625,1,0.19428571428571428,0.9714570195818122,0.0,0.9966367713004485,0.2631578947368421,0.20714285714285716,0.16666666666666666,0.019477258654895753,0.025426998943438743,117151272.0,0.6197183098591549,1135107288.5347917,2510448213.9828224,1184178249.5197396,2615939534.0905447,0.026684931506849315,0.0191064079952968,0.0216151202096013,0.0210104553282858,1.0,4,5
0.3987654320987654,0.0,0.0,0.2857142857142857,0.0,0.625,1,0.19428571428571428,0.9651510122801195,0.0,0.9966367713004485,0.27631578947368424,0.21428571428571427,0.16666666666666666,0.020314458414565407,0.025853110296928168,123658852.0,0.647887323943662,1184178249.5197396,2615939534.0905447,1223296773.968082,2786976251.5688505,0.01704109589041096,0.0339750849377122,0.0330343210274359,0.0653825194540547,1.0,4,5
0.3987654320987654,0.0,0.0,0.2857142857142857,0.0,0.625,1,0.22285714285714286,0.9694656488549618,0.0,0.9966367713004485,0.28289473684210525,0.22142857142857142,0.16666666666666666,0.02108725819272201,0.02606505437883769,128904644.0,0.5915492957746479,1223296773.968082,2786976251.5688505,1260769464.349779,2822827774.268756,0.00536986301369863,0.0175246440306682,0.0306325424697591,0.0128639498380094,1.0,4,5
0.3987654320987654,0.0,0.0,0.2857142857142857,0.5,0.625,1,0.19428571428571428,0.9714570195818122,0.0,0.9966367713004485,0.28289473684210525,0.2357142857142857,0.16666666666666666,0.02108725819272201,0.02606505437883769,128904644.0,0.6619718309859155,1223296773.968082,2786976251.5688505,1290377484.5501473,2939559126.60919,0.0703013698630137,0.0119112814895947,0.013709001774866,0.0136871344844118,1.0,4,5
0.3987654320987654,0.0,0.0,0.2857142857142857,0.25,0.625,1,0.22285714285714286,0.9694656488549618,0.0,0.9966367713004485,0.3026315789473684,0.24285714285714285,0.16666666666666666,0.022207817871049085,0.026743868291526928,138550938.0,0.6338028169014085,1290377484.5501473,2939559126.60919,1304775896.488697,3166254860.355937,0.005534246575342465,0.0007841087297437,0.0111582944610735,0.0771189569533314,1.0,4,6
0.3987654320987654,0.0,0.0,0.2857142857142857,0.0,0.625,1,0.18857142857142858,0.9711251244606705,0.0,0.9966367713004485,0.3092105263157895,0.25,0.16666666666666666,0.022227137865503,0.027009909988749022,140034188.0,0.7323943661971831,1304775896.488697,3166254860.355937,1361917529.135463,3482522324.7243567,0.01945205479452055,0.0107077565944111,0.0437942123245385,0.099886925821526,1.0,4,5
0.3987654320987654,0.0,0.0,0.2857142857142857,0.75,0.625,1,0.19428571428571428,0.9714570195818122,0.0,0.9966367713004485,0.3157894736842105,0.2714285714285714,0.16666666666666666,0.022491177789706506,0.027265576800842677,142868790.0,0.7323943661971831,1361917529.135463,3482522324.7243567,1354458323.1900258,3092014836.2343206,0.05912328767123288,-0.0030146425495262,-0.0018256626621075,-0.0373778401665565,1.0,4,6
0.3987654320987654,0.0,0.0,0.2857142857142857,0.0,0.625,1,0.2571428571428571,0.9724527049452373,0.0,0.9966367713004485,0.3355263157894737,0.2857142857142857,0.16666666666666666,0.02226577785441083,0.027716884303929736,143912210.0,0.6197183098591549,1354458323.1900258,3092014836.2343206,1389771145.553635,3334816155.24101,0.04460273972602739,0.0093003042155584,0.0086905153051492,0.0261750920641755,1.0,4,5
0.3987654320987654,0.0,0.0,0.2857142857142857,0.0,0.625,1,0.17142857142857143,0.972784600066379,0.0,0.9966367713004485,0.34868421052631576,0.29285714285714287,0.16666666666666666,0.02295485765660047,0.028173379249581017,150355764.0,0.8591549295774648,1389771145.553635,3334816155.24101,1336726010.6665368,3244941421.8856626,0.0273972602739726,0.0016489091831557,-0.0190841258493558,-0.0134752155998315,1.0,4,6
0.3987654320987654,0.0,0.0,0.2857142857142857,0.0,0.625,1,0.29714285714285715,0.9794225024892134,0.0,0.9966367713004485,0.35526315789473684,0.30714285714285716,0.16666666666666666,0.023038577632567434,0.02805406807060398,150214855.0,0.5633802816901409,1336726010.6665368,3244941421.8856626,1202528297.9692886,3233683011.2296357,0.03271232876712329,-0.0321112515802781,-0.0501964170766501,-0.0017347633119189,1.0,4,6
0.3987654320987654,0.0,0.0,0.2857142857142857,0.0,0.625,1,0.34285714285714286,0.9797543976103551,0.0,0.9966367713004485,0.3684210526315789,0.3142857142857143,0.16666666666666666,0.021402818102135956,0.027512350854254814,137862250.0,0.4788732394366197,1202528297.9692886,3233683011.2296357,1253465965.7360284,3564985722.0261664,0.01928767123287671,0.0237773574709538,0.0423588100610674,0.1024536757765104,1.0,4,5
0.3987654320987654,0.0,0.0,0.2857142857142857,1.0,0.625,1,0.19428571428571428,0.9714570195818122,0.0,0.9966367713004485,0.375,0.32142857142857145,0.16666666666666666,0.0219695379394508,0.027622028211326873,141701022.0,0.8591549295774648,1253465965.7360284,3564985722.0261664,1261420789.5717978,3494210458.682645,0.020547945205479454,-0.0170229612034837,0.0031731311631977,-0.009926444151829,1.0,4,6
0.3987654320987654,0.0,0.0,0.2857142857142857,0.0,0.625,1,0.37142857142857144,0.9790906073680717,0.0,0.9966367713004485,0.3815789473684211,0.32857142857142857,0.16666666666666666,0.02113877817793245,0.027839159735800617,137949060.0,0.43661971830985913,1261420789.5717978,3494210458.682645,1388511639.7295263,3715797650.1647186,0.01336986301369863,0.0732240437158469,0.1007521448896295,0.063415525224435,1.0,4,5
0.3987654320987654,0.0,0.0,0.2857142857142857,0.0,0.625,1,0.3028571428571429,0.9721208098240955,0.0,0.9966367713004485,0.3881578947368421,0.3357142857142857,0.16666666666666666,0.0228646976824822,0.028131879709067265,149601808.0,0.6197183098591549,1388511639.7295263,3715797650.1647186,1380847621.4286804,3902172216.269208,0.01336986301369863,0.0814663951120162,-0.0055195924049574,0.0501573507632278,1.0,4,5
0.3987654320987654,0.0,0.16666666666666666,0.5714285714285714,0.0,0.0,1,0.42857142857142855,0.9770992366412213,0.0,0.9988789237668162,0.3881578947368421,0.4785714285714286,0.16666666666666666,0.0228646976824822,0.028131879709067265,149601808.0,0.30985915492957744,1388511639.7295263,3715797650.1647186,2078242951.69498,5848654828.738916,0.4149589041095891,3.636892638928894e-05,0.0236543556777305,0.0273331965605419,1.0,4,6
0.3987654320987654,0.5,0.0,0.2857142857142857,0.0,0.625,1,0.36,0.9807500829737803,0.5,0.9966367713004485,0.5263157894736842,0.4857142857142857,0.16666666666666666,0.022884017676936114,0.03338675902662119,177590787.0,0.7746478873239436,2078242951.69498,5848654828.738916,2002685406.139349,5921553827.78953,0.017095890410958905,-0.1956245230221317,-0.0363564546166306,0.012464233432345,1.0,6,7
0.3987654320987654,0.0,0.0,0.2857142857142857,0.25,0.625,1,0.37142857142857144,0.9790906073680717,0.0,0.9966367713004485,0.5328947368421053,0.4928571428571429,0.16666666666666666,0.017931659098582544,0.03347049917087216,143206980.0,0.7605633802816901,2002685406.139349,5921553827.78953,1747100826.3508208,5516514526.341848,0.0206027397260274,-0.0523402909550917,-0.0638104664379684,-0.0342004238437261,1.0,4,6
0.3987654320987654,0.0,0.0,0.2857142857142857,0.0,0.625,1,0.4685714285714286,0.9890474610023232,0.0,0.9966367713004485,0.5394736842105263,0.5,0.16666666666666666,0.01580001971050058,0.03358314078083806,128646302.0,0.5352112676056338,1747100826.3508208,5516514526.341848,1669149353.4137225,5764995899.017727,0.008712328767123289,0.3440480395619922,-0.0446176155155944,0.0450431828810307,1.0,1,3
0.3987654320987654,0.0,0.0,0.2857142857142857,0.0,0.625,1,0.41714285714285715,0.9800862927314968,0.0,0.9966367713004485,0.5394736842105263,0.55,0.16666666666666666,0.01580001971050058,0.03358314078083806,128646302.0,0.6619718309859155,1747100826.3508208,5516514526.341848,2549125467.1776023,10381252161.518972,0.1527123287671233,0.1748057223595902,0.0573825383121973,0.1102312341413126,1.0,2,4
0.3987654320987654,0.0,0.0,0.2857142857142857,0.0,0.625,1,0.5371428571428571,0.9890474610023232,0.0,0.9966367713004485,0.5921052631578947,0.5571428571428572,0.16666666666666666,0.0412959723915172,0.03544691478783963,325628030.0,0.4788732394366197,2549125467.1776023,10381252161.518972,2689503197.9355354,10684681554.893536,0.00789041095890411,0.0444771723122239,0.0550689766217586,0.029228592914765,1.0,4,5
0.3987654320987654,0.0,0.0,0.2857142857142857,0.0,0.625,1,0.5714285714285714,0.9950215731828742,0.0,0.9966367713004485,0.5986842105263158,0.5642857142857143,0.16666666666666666,0.04324085183321132,0.0357003584102629,342536508.0,0.4084507042253521,2689503197.9355354,10684681554.893536,2857227492.418695,11398992120.516134,0.0007123287671232873,0.0509024252679075,0.0623625562564511,0.0668537065847738,1.0,4,5
0.3987654320987654,0.0,0.0,0.2857142857142857,0.0,0.625,1,0.5314285714285715,0.9923664122137404,0.0,0.9966367713004485,0.5986842105263158,0.5642857142857143,0.16666666666666666,0.04324085183321132,0.0357003584102629,342536508.0,0.5070422535211268,2689503197.9355354,10684681554.893536,2857227492.418695,11398992120.516134,0.027287671232876714,0.0254512126339537,0.0311812781282255,0.0334268532923869,1.0,4,5
0.3987654320987654,0.0,0.0,0.2857142857142857,0.0,0.625,1,0.4742857142857143,0.9860604049120478,0.0,0.9966367713004485,0.6052631578947368,0.5785714285714286,0.16666666666666666,0.04556569116583244,0.0359478735268985,362461749.0,0.6619718309859155,2857227492.418695,11398992120.516134,3117964447.0946364,12402988214.360376,0.03671232876712329,0.0472963907151482,0.0456276154712522,0.044038809889044,1.0,4,5
0.3987654320987654,0.0,0.0,0.2857142857142857,0.0,0.625,1,0.4514285714285714,0.9820776634583471,0.0,0.9966367713004485,0.618421052631579,0.5857142857142857,0.16666666666666666,0.05010588986250249,0.03635471723657797,401226756.0,0.7464788732394366,3117964447.0946364,12402988214.360376,3199437985.087188,12754499113.88668,0.021698630136986304,0.0236577592547192,0.0130651807252756,0.0141704117367182,1.0,4,5
0.3987654320987654,0.0,0.0,0.2857142857142857,0.25,0.625,1,0.5714285714285714,0.9950215731828742,0.0,0.9966367713004485,0.625,0.5928571428571429,0.16666666666666666,0.05259172914890623,0.03657258982427517,422722944.0,0.4647887323943662,3199437985.087188,12754499113.88668,3353343631.0628824,13330790435.611374,0.011397260273972604,0.0546582397003745,0.0481039628500568,0.0451833754174828,1.0,4,5
0.3987654320987654,0.0,0.0,0.2857142857142857,0.25,0.625,1,0.4742857142857143,0.9860604049120478,0.0,0.9966367713004485,0.631578947368421,0.6,0.16666666666666666,0.05559920828556568,0.03683640833182688,449036152.0,0.7183098591549296,3353343631.0628824,13330790435.611374,3566870622.5748286,14025367456.334517,0.020493150684931506,0.0232493618910221,0.0318379228323024,0.0260516067699809,1.0,4,5
0.3987654320987654,0.0,0.0,0.2857142857142857,0.0,0.625,1,0.5314285714285715,0.9830733488217723,0.0,0.9966367713004485,0.6381578947368421,0.6071428571428571,0.16666666666666666,0.05829756751096249,0.03710734104632381,473363368.0,0.5915492957746479,3566870622.5748286,14025367456.334517,3755916911.198674,14545646569.21639,0.006356164383561643,0.0772004241781547,0.0530006015433714,0.0370955780304274,1.0,4,5
0.3987654320987654,0.0,0.0,0.2857142857142857,0.5,0.625,1,0.5714285714285714,0.9950215731828742,0.0,0.9966367713004485,0.6381578947368421,0.6214285714285714,0.16666666666666666,0.05829756751096249,0.03710734104632381,473363368.0,0.49295774647887325,3566870622.5748286,14025367456.334517,4123973043.0297217,15991243735.72246,0.05610958904109589,0.0758571933545422,0.0520626696250185,0.0467219197763943,1.0,4,5
0.3987654320987654,0.0,0.0,0.2857142857142857,0.0,0.625,1,0.5714285714285714,0.9956853634251577,0.0,0.9966367713004485,0.6578947368421053,0.6285714285714286,0.16666666666666666,0.0721178035436631,0.0378489230140401,592671520.8000001,0.5352112676056338,4123973043.0297217,15991243735.72246,4366299249.677136,17168846684.352207,0.007506849315068494,0.0309260539046303,0.0587603760060924,0.0736404852612637,1.0,4,5
0.3987654320987654,0.0,0.0,0.2857142857142857,0.0,0.625,1,0.6171428571428571,0.9880517756388981,0.0,0.9966367713004485,0.6578947368421053,0.6571428571428571,0.16666666666666666,0.0721178035436631,0.0378489230140401,592671520.8000001,0.4225352112676056,4123973043.0297217,15991243735.72246,5144807139.722397,20870428352.946007,0.09008219178082193,0.0507429163787145,0.0495073118102978,0.0610232036714449,1.0,4,5
0.3987654320987654,0.0,0.0,0.2857142857142857,0.25,0.625,1,0.5714285714285714,0.9956853634251577,0.0,0.9966367713004485,0.6907894736842105,0.6642857142857143,0.16666666666666666,0.09103207811404597,0.03917416637655338,768994525.8,0.6056338028169014,5144807139.722397,20870428352.946007,5439590876.9001665,22012539042.75697,0.008054794520547946,0.0506442499827741,0.0572973348022674,0.0547238739184643,1.0,4,5
0.3987654320987654,0.0,0.0,0.2857142857142857,0.0,0.625,1,0.6114285714285714,0.9920345170925987,0.0,0.9966367713004485,0.6907894736842105,0.6714285714285714,0.16666666666666666,0.09103207811404597,0.03917416637655338,768994525.8,0.5070422535211268,5144807139.722397,20870428352.946007,5672272868.802098,23271103735.64346,0.03123287671232877,0.0337283814511127,0.0512619535343906,0.0575138023546742,1.0,4,5
0.3987654320987654,0.0,0.0,0.2857142857142857,0.0,0.625,1,0.64,0.07368071689346167,0.0,0.9966367713004485,0.7039473684210527,0.6857142857142857,0.16666666666666666,0.0973368363041736,0.03967401352077706,831317761.1999999,0.4647887323943662,5672272868.802098,23271103735.64346,6128081587.469166,25373866516.69958,0.028876712328767123,0.0175251742835012,0.0401786664014391,0.0451796959212424,1.0,4,5
0.3987654320987654,0.0,0.0,0.2857142857142857,0.0,0.625,1,0.6342857142857142,0.07368071689346167,0.0,0.9966367713004485,0.7171052631578947,0.6928571428571428,0.16666666666666666,0.10083375530033223,0.0401960658834285,871751818.74,0.5070422535211268,6128081587.469166,25373866516.69958,6477801404.395305,28100062467.301537,0.026301369863013697,0.0285313376987839,0.0285342004617932,0.053720546468701,1.0,4,5
0.3987654320987654,0.0,0.0,0.2857142857142857,0.25,0.625,1,0.6114285714285714,0.9920345170925987,0.0,0.9966367713004485,0.7236842105263158,0.7,0.16666666666666666,0.10672635360877632,0.040515670889379046,928806488.85,0.5774647887323944,6477801404.395305,28100062467.301537,6614147085.960016,27746656042.65312,0.02756164383561644,0.0193805309734513,0.0105240708268856,-0.0062883565661047,1.0,4,5
0.3987654320987654,0.0,0.0,0.2857142857142857,0.25,0.625,1,0.6171428571428571,0.9880517756388981,0.0,0.9966367713004485,0.7302631578947368,0.7142857142857143,0.16666666666666666,0.11095743239418372,0.04083389529454429,972368742.213,0.5774647887323944,6614147085.960016,27746656042.65312,6875798601.395606,29537559377.26344,0.033698630136986304,0.0153348100187425,0.0197796867861468,0.0322724174736098,1.0,4,5
0.3987654320987654,0.0,0.0,0.2857142857142857,0.25,0.625,1,0.6342857142857142,0.07368071689346167,0.0,0.9966367713004485,0.743421052631579,0.7357142857142858,0.16666666666666666,0.11443503139588844,0.04128763126181463,1013301912.792,0.5633802816901409,6875798601.395606,29537559377.26344,7552789376.557966,33220383789.58506,0.06032876712328767,0.029316140408883,0.0246149870876434,0.0311706898772794,1.0,4,5
0.3987654320987654,0.0,0.0,0.2857142857142857,0.0,0.625,1,0.6857142857142857,0.07368071689346167,0.0,0.9966367713004485,0.7631578947368421,0.7428571428571429,0.16666666666666666,0.12813934746186556,0.04167978265202578,1142855320.25,0.4788732394366197,7552789376.557966,33220383789.58506,7673220767.468521,35105310712.72682,0.024109589041095884,0.0168680641183723,0.0079726432782797,0.0283700353235037,1.0,4,5
0.3987654320987654,0.0,0.0,0.2857142857142857,0.0,0.625,1,0.6685714285714286,0.07368071689346167,0.0,0.9966367713004485,0.7697368421052632,0.75,0.16666666666666666,0.13254430619735819,0.04174168885052395,1183161685.873,0.5352112676056338,7673220767.468521,35105310712.72682,7687644422.970206,35740398961.4584,0.012054794520547946,0.0039124004007824,0.0018797394130554,0.0180909450974133,1.0,4,5
0.3987654320987654,0.0,0.0,0.2857142857142857,0.0,0.625,1,0.6685714285714286,0.9933620975771656,0.0,0.9966367713004485,0.7763157894736842,0.7571428571428571,0.16666666666666666,0.1330723860457652,0.04177966241222048,1188868871.049,0.5492957746478874,7687644422.970206,35740398961.4584,7754525135.294905,36196627164.43434,0.028493150684931506,0.0019485765885651,0.0043498833091748,0.0063825281226984,1.0,4,6
0.3987654320987654,0.0,0.0,0.2857142857142857,0.75,0.625,1,0.5714285714285714,0.9950215731828742,0.0,0.9966367713004485,0.7828947368421053,0.7642857142857142,0.16666666666666666,0.1336004658941722,0.0418042264348885,1194202239.228,0.8028169014084507,7754525135.294905,36196627164.43434,7894302421.952583,37212432698.472725,0.013534246575342464,0.0105098707569948,0.0180252541862917,0.0280635410980081,1.0,4,5
0.3987654320987654,0.0,0.0,0.2857142857142857,0.0,0.625,1,0.72,0.9953534683040159,0.0,0.9966367713004485,0.7894736842105263,0.7928571428571428,0.16666666666666666,0.13503014548376194,0.0418742517220629,1208770103.505,0.4507042253521127,7894302421.952583,37212432698.472725,8791521677.45914,42930313200.45056,0.07413698630136986,0.029034902787538,0.0284135065883578,0.0384137779187203,1.0,4,5
0.3987654320987654,0.0,0.0,0.2857142857142857,1.0,0.625,1,0.5714285714285714,0.9950215731828742,0.0,0.9966367713004485,0.8157894736842105,0.8,0.16666666666666666,0.1509949009008471,0.04194804235147569,1351528444.272,0.8732394366197183,8791521677.45914,42930313200.45056,9152658470.280657,44671815935.24714,0.0055890410958904105,0.0385745466756213,0.0410778481895171,0.0405658054872588,1.0,4,5
0.3987654320987654,0.0,0.0,0.2857142857142857,0.0,0.625,1,0.7714285714285715,0.9933620975771656,0.0,0.9966367713004485,0.8157894736842105,0.8,0.16666666666666666,0.1509949009008471,0.04194804235147569,1351528444.272,0.38028169014084506,8791521677.45914,42930313200.45056,9152658470.280657,44671815935.24714,0.01419178082191781,0.0385745466756213,0.0410778481895171,0.0405658054872588,1.0,4,5
0.3987654320987654,0.0,0.0,0.2857142857142857,0.0,0.625,1,0.6857142857142857,0.07368071689346167,0.0,0.9966367713004485,0.8223684210526315,0.8071428571428572,0.16666666666666666,0.15691325920189644,0.04195124670885393,1403770030.061,0.6056338028169014,9152658470.280657,44671815935.24714,9473954827.19554,46016341267.83971,0.024931506849315072,0.0143676999555429,0.0175520783364832,0.0150489218363261,1.0,4,5
0.3987654320987654,0.0,0.0,0.2857142857142857,0.5,0.625,1,0.6342857142857142,0.07368071689346167,0.0,0.9966367713004485,0.8289473684210527,0.8285714285714286,0.16666666666666666,0.16149209788747432,0.041953841912262486,1444197063.166,0.7464788732394366,9473954827.19554,46016341267.83971,10002507196.711634,47778114919.29238,0.05868493150684932,0.019729850494792,0.01859668178555,0.0127619421196353,1.0,4,5
0.3987654320987654,0.0,0.0,0.2857142857142857,0.0,0.625,1,0.7428571428571429,0.07368071689346167,0.0,0.9966367713004485,0.8486842105263158,0.8357142857142857,0.16666666666666666,0.17119466893424293,0.04201556580920768,1531924015.827613,0.5211267605633803,10002507196.711634,47778114919.29238,10036021182.921667,48709321632.52854,0.016712328767123287,-0.0021591729021386,0.0033505585700606,0.019490235535855,1.0,4,6
0.3987654320987654,0.0,0.0,0.2857142857142857,0.0,0.625,1,0.64,0.07368071689346167,0.0,0.9966367713004485,0.8552631578947368,0.8428571428571429,0.16666666666666666,0.1708197797667525,0.042041288113693974,1529550109.2468274,0.7887323943661971,10036021182.921667,48709321632.52854,10371409076.84282,50046959415.1475,0.020657534246575345,0.0142340427724035,0.016709206158905,0.0137308192537592,1.0,4,5
0.3987654320987654,0.0,0.0,0.2857142857142857,0.0,0.625,1,0.7314285714285714,0.07368071689346167,0.0,0.9966367713004485,0.8618421052631579,0.85,0.16666666666666666,0.17575191529531936,0.04204989185771834,1573414701.0772817,0.5774647887323944,10371409076.84282,50046959415.1475,10692216620.49292,51854384806.94821,0.013753424657534248,0.0360736226454438,0.0309319149667324,0.0361145894360499,1.0,4,5
0.3987654320987654,0.0,0.0,0.2857142857142857,0.0,0.625,1,0.7028571428571428,0.07368071689346167,0.0,0.9966367713004485,0.868421052631579,0.8571428571428571,0.16666666666666666,0.1821796407308402,0.04205055881461946,1630199268.9858031,0.6619718309859155,10692216620.49292,51854384806.94821,10955380438.13993,53971480867.83615,0.026684931506849315,0.0098534215754573,0.0123063265077619,0.0204138576589985,1.0,4,5
0.3987654320987654,0.0,0.0,0.2857142857142857,0.0,0.625,1,0.7485714285714286,0.07368071689346167,0.0,0.9966367713004485,0.875,0.8714285714285714,0.16666666666666666,0.18581774579252178,0.04206241582619481,1662793050.694102,0.5633802816901409,10955380438.13993,53971480867.83615,11737168626.134588,57448919778.54096,0.048547945205479455,0.0161739265379652,0.0237870390842521,0.0214770149888374,1.0,4,5
0.3987654320987654,0.0,0.0,0.2857142857142857,0.0,0.625,1,0.8057142857142857,0.07368071689346167,0.0,0.9966367713004485,0.8881578947368421,0.8857142857142857,0.16666666666666666,0.1949519397920629,0.04209681598102782,1744897484.4269824,0.4507042253521127,11737168626.134588,57448919778.54096,12716982889.102804,62796055415.77486,0.030301369863013697,0.0337255456912807,0.0417398051514106,0.0465381738929686,1.0,4,5
0.3987654320987654,0.0,0.0,0.2857142857142857,0.25,0.625,1,0.7428571428571429,0.07368071689346167,0.0,0.9966367713004485,0.9013157894736842,0.8928571428571429,0.16666666666666666,0.2082656759875239,0.042123064440402765,1863751559.5356672,0.6338028169014085,12716982889.102804,62796055415.77486,13075135897.277851,64760587194.60295,0.02252054794520548,0.012141298567623,0.0140816816102642,0.0156421590959883,1.0,4,5
0.3987654320987654,0.0,0.0,0.2857142857142857,0.25,0.625,1,0.7314285714285714,0.07368071689346167,0.0,0.9966367713004485,0.9078947368421053,0.9285714285714286,0.16666666666666666,0.2133819534234177,0.04215100993455944,1910272003.9656825,0.676056338028169,13075135897.277851,64760587194.60295,14868686219.330584,82618841699.03532,0.09868493150684932,0.0131439969551799,0.0274345190159917,0.0551516138998834,1.0,4,5
0.3987654320987654,0.0,0.0,0.2857142857142857,0.25,0.625,1,0.7485714285714286,0.07368071689346167,0.0,0.9966367713004485,0.9407894736842105,0.9428571428571428,0.16666666666666666,0.22756521785830736,0.04320383845612888,2086553652.5868256,0.704225352112676,14868686219.330584,82618841699.03532,15533762209.928123,90277694082.64676,0.03956164383561644,0.0032079355369518,0.0223649884322962,0.0463505189985063,1.0,4,5
0.3987654320987654,0.0,0.0,0.2857142857142857,0.5,0.625,1,0.7314285714285714,0.07368071689346167,0.0,0.9966367713004485,0.9539473684210527,0.9642857142857143,0.16666666666666666,0.2290408478856907,0.043805315010817844,2129113439.1014972,0.7746478873239436,15533762209.928123,90277694082.64676,15705849653.54,99528621997.0122,0.07052054794520549,-0.0055083095632628,0.0027695712295294,0.0256179779744275,1.0,4,6
0.3987654320987654,0.0,0.0,0.2857142857142857,0.0,0.625,1,0.7714285714285715,0.07368071689346167,0.0,0.9966367713004485,0.9736842105263158,0.9785714285714285,0.16666666666666666,0.22394075996067922,0.04440997813736769,2110883282.37,0.7183098591549296,15705849653.54,99528621997.0122,15657249414.207611,106221801332.0274,0.028986301369863014,-0.0260839787624906,-0.0015472018516817,0.0336243946752128,1.0,4,6
0.3987654320987654,0.0,0.0,0.2857142857142857,0.0,0.625,1,0.9028571428571428,0.07368071689346167,0.0,0.9966367713004485,0.9868421052631579,0.9857142857142858,0.16666666666666666,0.21213137551598812,0.04462112187099588,2010255562.1512349,0.4225352112676056,15657249414.207611,106221801332.0274,15922305627.96356,109801891452.69542,0.01643835616438356,-0.0001962675849115,0.0169286575658322,0.0337039108334964,1.0,4,6
0.3987654320987654,0.0,1.0,1.0,0.0,0.875,1,0.9542857142857143,0.07368071689346167,0.0,0.0,0.993421052631579,0.9928571428571429,0.16666666666666666,0.21208926375601717,0.04462786554632936,2010164141.5627697,0.30985915492957744,15922305627.96356,109801891452.69542,16218715225.380728,113181872475.00755,0.03709589041095891,0.004653696513916,0.0093079986134859,0.0153912695746607,1.0,4,5
0.4148148148148148,0.0,0.0,0.2857142857142857,0.0,0.625,1,0.5885714285714285,0.9887155658811816,0.0,0.9966367713004485,0.6513157894736842,0.6785714285714286,0.16666666666666666,0.012122780766105406,0.00015156373258845928,743564.8600000001,0.4788732394366197,3938314250.74158,15291081770.15114,5862304481.569884,24246398728.449657,0.18602739726027395,0.0764159292035398,0.0488531414288745,0.0585656207514349,1.0,4,5
0.4148148148148148,0.0,0.0,0.2857142857142857,0.0,0.625,1,0.6171428571428571,0.07368071689346167,0.0,0.9966367713004485,0.7105263157894737,0.7714285714285715,0.16666666666666666,0.023244657573409197,0.00014893814558774096,1297640.916,0.5352112676056338,5862304481.569884,24246398728.449657,8078486192.170773,38795331361.618996,0.27030136986301373,0.1040882869325307,0.0270028099209132,0.0428603639425613,1.0,3,5
0.4148148148148148,0.0,0.0,0.2857142857142857,0.0,0.625,1,0.7142857142857143,0.07368071689346167,0.0,0.9966367713004485,0.7960526315789473,0.7928571428571428,0.16666666666666666,0.06066104683249143,0.00016813983477080962,3442460.063,0.4788732394366197,8078486192.170773,38795331361.618996,8791521677.45914,42930313200.45056,0.04772602739726028,0.0389915280187812,0.0294211674616053,0.0355281739125478,1.0,4,5
0.4148148148148148,0.0,0.0,0.2857142857142857,0.0,0.625,1,0.72,0.07368071689346167,0.0,0.9966367713004485,0.8157894736842105,0.8571428571428571,0.16666666666666666,0.068041284713887,0.00016641167533370122,3819621.321000001,0.5070422535211268,8791521677.45914,42930313200.45056,10955380438.13993,53971480867.83615,0.18942465753424664,0.0547294877278066,0.0246130174054939,0.0257188146190131,1.0,4,5
0.4148148148148148,0.0,0.0,0.2857142857142857,0.0,0.625,1,0.8,0.07368071689346167,0.0,0.9966367713004485,0.875,0.8714285714285714,0.16666666666666666,0.10661074174479136,0.00018917936074805874,6430283.808976801,0.43661971830985913,10955380438.13993,53971480867.83615,11737168626.134588,57448919778.54096,0.037150684931506854,0.0459666196830793,0.0356805586263782,0.0322155224832562,1.0,4,5
0.4148148148148148,0.0,0.0,0.2857142857142857,0.25,0.625,1,0.72,0.07368071689346167,0.0,0.9966367713004485,0.8881578947368421,0.9142857142857143,0.16666666666666666,0.11663535883359426,0.0001930773533034576,7118691.011946996,0.6619718309859155,11737168626.134588,57448919778.54096,13966035843.2006,74015814861.56413,0.11095890410958904,0.0247388966790805,0.0316497003105033,0.0480626823123528,1.0,4,5
0.4148148148148148,0.0,0.0,0.2857142857142857,0.0,0.625,1,0.8285714285714286,0.07368071689346167,0.0,0.9966367713004485,0.9276315789473685,0.9785714285714285,0.16666666666666666,0.1343088722232438,0.0002048454372920004,8512522.43666405,0.4788732394366197,13966035843.2006,74015814861.56413,15657249414.207611,106221801332.0274,0.17945205479452053,0.0229104601340387,0.0134549718410084,0.0483470045942957,1.0,4,5
0.4148148148148148,0.0,1.0,1.0,0.0,0.875,1,0.9485714285714286,0.07368071689346167,0.0,0.0,0.9868421052631579,0.9928571428571429,0.16666666666666666,0.16250395956589297,0.00022329791155615113,10905471.613442903,0.30985915492957744,15657249414.207611,106221801332.0274,16218715225.380728,113181872475.00755,0.05616438356164384,0.0428896968737753,0.0119532662117019,0.0218413139791784,1.0,4,5
0.4160493827160494,0.0,0.0,0.2857142857142857,0.0,0.25,1,0.6685714285714286,0.07368071689346167,0.0,0.9966367713004485,0.8026315789473685,0.8285714285714286,0.6666666666666666,0.022336617834075187,0.002098845189988828,11371456.662,0.6056338028169014,7611918756.589334,40098894653.77975,6490489413.913117,47778114919.29238,0.13956164383561645,-0.0373016430924691,-0.0210464926037479,0.0273581472999131,1.0,4,6
0.4160493827160494,0.0,0.0,0.2857142857142857,0.0,0.625,1,0.7771428571428571,0.07368071689346167,0.0,0.9966367713004485,0.8486842105263158,0.8642857142857143,0.6666666666666666,0.015869347351038746,0.0021884049037336237,8745674.382513372,0.43661971830985913,6490489413.913117,47778114919.29238,5650661969.326844,56142944592.630035,0.10586301369863015,0.0401874912449525,-0.0215655911038594,0.0291794324921485,1.0,4,5
0.4160493827160494,0.0,0.0,0.2857142857142857,0.0,0.625,1,0.8228571428571428,0.07368071689346167,0.0,0.9966367713004485,0.881578947368421,0.8714285714285714,0.6666666666666666,0.020282165950043576,0.0022232126433395336,11020137.174128557,0.39436619718309857,5650661969.326844,56142944592.630035,5667997926.22733,57448919778.54096,0.023835616438356168,0.0491053191907281,0.0015339757531586,0.0116308041498981,1.0,4,5
0.4160493827160494,0.0,0.0,0.2857142857142857,0.0,0.625,1,0.9085714285714286,0.07368071689346167,0.0,0.9966367713004485,0.8881578947368421,0.8785714285714286,0.6666666666666666,0.02251290088268839,0.0022086359297340775,12026242.631150063,0.19718309859154928,5667997926.22733,57448919778.54096,5958705754.281805,59628765673.01684,0.02147945205479452,0.0721166620761583,0.0256446660565358,0.0189720355306847,1.0,4,5
0.4160493827160494,0.0,0.0,0.2857142857142857,0.0,0.625,1,0.92,0.07368071689346167,0.0,0.9966367713004485,0.8947368421052632,0.9,0.6666666666666666,0.026110731335873355,0.002194066626760857,13673693.62465077,0.18309859154929578,5958705754.281805,59628765673.01684,7372352468.581502,67072928019.09664,0.046410958904109595,0.0885159735904144,0.0790801880248284,0.0416139328172634,1.0,4,5
0.4160493827160494,0.0,0.0,0.2857142857142857,0.25,0.625,1,0.9085714285714286,0.07368071689346167,0.0,0.9966367713004485,0.9144736842105263,0.9071428571428571,0.6666666666666666,0.03369009207412649,0.0021587327322662906,17037279.211349208,0.2535211267605634,7372352468.581502,67072928019.09664,7986208856.843878,69971417637.12488,0.008712328767123289,0.070544758563398,0.0832646554649179,0.0432140015894788,1.0,4,5
0.4160493827160494,0.0,0.0,0.2857142857142857,0.5,0.625,1,0.8228571428571428,0.07368071689346167,0.0,0.9966367713004485,0.9144736842105263,0.9214285714285714,0.6666666666666666,0.03369009207412649,0.0021587327322662906,17037279.211349208,0.4647887323943662,7372352468.581502,67072928019.09664,9406050257.104614,77968730835.80147,0.062356164383561646,0.0556923289010345,0.0689636651662428,0.0406117756392065,1.0,4,5
0.4160493827160494,0.0,0.0,0.2857142857142857,0.25,0.625,1,0.7771428571428571,0.07368071689346167,0.0,0.9966367713004485,0.9342105263157895,0.9785714285714285,0.6666666666666666,0.04173690004992313,0.002129579305055379,20562850.14737505,0.6197183098591549,9406050257.104614,77968730835.80147,13637044159.270945,106221801332.0274,0.16032876712328767,0.0468238779396434,0.0499795791776629,0.0402626799421333,1.0,4,5
0.4160493827160494,0.0,1.0,1.0,0.0,0.875,1,0.8914285714285715,0.07368071689346167,0.0,0.0,0.9868421052631579,0.9928571428571429,0.6666666666666666,0.06035017049071277,0.002043697488088615,28098561.61347811,0.4507042253521127,13637044159.270945,106221801332.0274,13748749519.36168,113181872475.00755,0.04586301369863014,0.0151746959907742,0.00273043920628,0.0218413139791784,1.0,4,5
0.42345679012345677,0.0,0.0,0.2857142857142857,0.0,0.625,1,0.6057142857142858,0.9953534683040159,0.0,0.9966367713004485,0.7697368421052632,0.75,0.6666666666666666,0.062206646388804646,0.015925827355459766,216949755.0,0.6901408450704225,7009938245.912627,35105310712.72682,7076156686.201849,35740398961.4584,0.000602739726027397,0.0068745641127827,0.0094463657119707,0.0180909450974133,1.0,4,5
0.42345679012345677,0.0,0.0,0.2857142857142857,0.0,0.625,1,0.5942857142857143,0.9930302024560239,0.0,0.9966367713004485,0.7697368421052632,0.75,0.6666666666666666,0.062206646388804646,0.015925827355459766,216949755.0,0.7183098591549296,7009938245.912627,35105310712.72682,7076156686.201849,35740398961.4584,0.02,0.0068745641127827,0.0094463657119707,0.0180909450974133,1.0,4,5
0.42345679012345677,0.0,0.0,0.2857142857142857,0.0,0.625,1,0.6057142857142858,0.9956853634251577,0.0,0.9966367713004485,0.7763157894736842,0.7571428571428571,0.6666666666666666,0.06265100626124469,0.015994005172018072,219370942.0,0.704225352112676,7076156686.201849,35740398961.4584,7196757057.577577,36196627164.43434,0.020054794520547946,-0.0012863645359192,0.0085216012536079,0.0063825281226984,1.0,4,6
0.42345679012345677,0.0,0.0,0.2857142857142857,0.0,0.625,1,0.5942857142857143,0.07368071689346167,0.0,0.9966367713004485,0.7828947368421053,0.7642857142857142,0.6666666666666666,0.06248356630931076,0.01612591442579393,220600800.0,0.7464788732394366,7196757057.577577,36196627164.43434,7381969034.428931,37212432698.472725,0.019835616438356168,-0.0171626984126984,0.0257354771558311,0.0280635410980081,1.0,4,6
0.42345679012345677,0.0,0.0,0.2857142857142857,0.0,0.625,1,0.6171428571428571,0.997676734152008,0.0,0.9966367713004485,0.7894736842105263,0.7714285714285715,0.6666666666666666,0.06136944662913499,0.016224475834514092,218132326.0,0.704225352112676,7381969034.428931,37212432698.472725,7489891963.88179,38795331361.618996,0.020164383561643833,0.0061572625416371,0.0073099012573416,0.0212684115006976,1.0,4,5
0.42345679012345677,0.0,0.0,0.2857142857142857,0.0,0.625,1,0.6742857142857143,0.9943577829405907,0.0,0.9966367713004485,0.7960526315789473,0.7785714285714286,0.6666666666666666,0.062155126403594205,0.016275609196932824,221510523.0,0.5774647887323944,7489891963.88179,38795331361.618996,7611918756.589334,40098894653.77975,0.02,-0.001994216771363,0.0162921966426201,0.0336010351351294,1.0,4,6
0.42345679012345677,0.0,0.0,0.2857142857142857,0.0,0.625,1,0.6514285714285715,0.9956853634251577,0.0,0.9966367713004485,0.8026315789473685,0.7857142857142857,0.6666666666666666,0.0620263264405681,0.016371206352759148,222359944.0,0.647887323943662,7611918756.589334,40098894653.77975,7838646176.662942,41482688664.595215,0.02,0.0289739234688779,0.0297858434021434,0.034509530069678,1.0,4,5
0.42345679012345677,0.0,0.0,0.2857142857142857,0.0,0.625,1,0.6514285714285715,0.07368071689346167,0.0,0.9966367713004485,0.8092105263157895,0.7928571428571428,0.6666666666666666,0.06389392590444656,0.01646235712924471,230069361.0,0.6619718309859155,7838646176.662942,41482688664.595215,7886429293.475011,42930313200.45056,0.02,-0.0174774249927177,0.0060958379463953,0.0348970759238869,1.0,4,6
0.42345679012345677,0.0,0.0,0.2857142857142857,0.0,0.625,1,0.64,0.07368071689346167,0.0,0.9966367713004485,0.8157894736842105,0.8,0.6666666666666666,0.06273472623721166,0.016533499198696858,227019765.0,0.704225352112676,7886429293.475011,42930313200.45056,8045337676.024826,44671815935.24714,0.020054794520547946,-0.011611819349738,0.0100747991667972,0.0202829027436294,1.0,4,6
0.42345679012345677,0.0,0.0,0.2857142857142857,0.0,0.625,1,0.6742857142857143,0.07368071689346167,0.0,0.9966367713004485,0.8223684210526315,0.8071428571428572,0.6666666666666666,0.061221326671654974,0.016608346584266305,222745824.0,0.6338028169014085,8045337676.024826,44671815935.24714,8127570374.057793,46016341267.83971,0.02,0.0003035208417645,0.010221161788898,0.0300978436726522,1.0,4,6
0.42345679012345677,0.0,0.0,0.2857142857142857,0.0,0.25,1,0.76,0.9973448390308662,0.0,0.9966367713004485,0.8289473684210527,0.8857142857142857,0.6666666666666666,0.061240646666108886,0.016680970780165373,223782358.0,0.43661971830985913,8127570374.057793,46016341267.83971,6488776651.437299,62796055415.77486,0.2281095890410959,-0.0119214696662533,-0.0168028251084248,0.0303872379637707,1.0,4,6
0.42345679012345677,0.0,0.0,0.2857142857142857,0.0,0.625,1,0.7771428571428571,0.07368071689346167,0.0,0.9966367713004485,0.9013157894736842,0.9071428571428571,0.6666666666666666,0.05213184342570882,0.01658685575078597,190692564.06470373,0.5492957746478874,6488776651.437299,62796055415.77486,7986208856.843878,69971417637.12488,0.04821917808219178,0.0477398942262275,0.0769242178120426,0.038088179126548,1.0,4,5
0.42345679012345677,0.0,0.0,0.2857142857142857,0.0,0.625,1,0.84,0.07368071689346167,0.0,0.9966367713004485,0.9210526315789473,0.9285714285714286,0.6666666666666666,0.059946404635288296,0.01679213026368435,220686523.0783885,0.43661971830985913,7986208856.843878,69971417637.12488,10335993869.819094,82618841699.03532,0.06493150684931506,0.0493739049365646,0.073557587057141,0.0451878227174865,1.0,4,5
0.4283950617283951,0.0,0.0,0.2857142857142857,0.0,0.625,1,0.76,0.07368071689346167,0.0,0.9966367713004485,0.8355263157894737,0.8214285714285714,0.0,0.01932269869926443,0.0036944439787479646,17260965.204,0.4507042253521127,3546778466.365,46715156894.540726,3707932606.8506513,47192014400.92255,0.033424657534246574,0.017107178712694,0.0227183826131116,0.0051038842431625,1.0,4,5
0.4283950617283951,0.0,0.0,0.2857142857142857,0.0,0.625,1,0.8,0.07368071689346167,0.0,0.9966367713004485,0.8421052631578947,0.8285714285714286,0.0,0.02006700856562575,0.0037584859214561425,18153449.38992942,0.36619718309859156,3707932606.8506513,47192014400.92255,3858778563.783289,47778114919.29238,0.007835616438356164,0.0735467359110779,0.0406819575560621,0.0124194850719994,1.0,4,5
0.4283950617283951,0.0,0.0,0.2857142857142857,0.0,0.625,1,0.8114285714285714,0.9980086292731497,0.0,0.9966367713004485,0.8486842105263158,0.8857142857142857,0.0,0.021721708895476723,0.003825010425962912,19825256.51824175,0.352112676056338,3858778563.783289,47778114919.29238,5194943343.847668,62796055415.77486,0.1595068493150685,0.0550989844035375,0.0432832811593869,0.0392908461380567,1.0,4,5
0.4283950617283951,0.0,0.0,0.2857142857142857,0.0,0.625,1,0.7714285714285715,0.9990043146365748,0.0,0.9966367713004485,0.9013157894736842,0.8928571428571429,0.0,0.03236829785297599,0.004224688054271523,31478453.98426601,0.5633802816901409,5194943343.847668,62796055415.77486,5279021630.963469,64760587194.60295,0.010849315068493152,0.0271058150243261,0.0161846398604854,0.0312843181919766,1.0,4,5
0.4283950617283951,0.0,0.0,0.2857142857142857,0.25,0.625,1,0.8114285714285714,0.9980086292731497,0.0,0.9966367713004485,0.9013157894736842,0.9,0.0,0.03236829785297599,0.004224688054271523,31478453.98426601,0.4647887323943662,5194943343.847668,62796055415.77486,5340359249.454948,67072928019.09664,0.04131506849315069,0.0214263672571852,0.0093306058078891,0.0227024482934183,1.0,4,5
0.4283950617283951,0.0,0.0,0.2857142857142857,0.0,0.625,1,0.8685714285714285,0.07368071689346167,0.0,0.9966367713004485,0.9144736842105263,0.9142857142857143,0.0,0.034605204996483306,0.0042568198145775185,33751220.97091695,0.352112676056338,5340359249.454948,67072928019.09664,5863197758.565579,74015814861.56413,0.0383013698630137,0.0343344671147243,0.0489516233541772,0.0517562528393776,1.0,4,5
0.4283950617283951,0.0,0.0,0.2857142857142857,0.0,0.625,1,0.8571428571428571,0.07368071689346167,0.0,0.9966367713004485,0.9276315789473685,0.9428571428571428,0.0,0.03714848395672449,0.004270843695018274,36185187.867027014,0.4084507042253521,5863197758.565579,74015814861.56413,7321236617.331129,90277694082.64676,0.08071232876712328,0.0379654989947009,0.0497352782152193,0.0439416339643038,1.0,4,5
0.4283950617283951,0.0,0.0,0.2857142857142857,0.0,0.625,1,0.8857142857142857,0.07368071689346167,0.0,0.9966367713004485,0.9539473684210527,0.9714285714285714,0.0,0.04466187500308365,0.004305191234362415,43393065.72026969,0.39436619718309857,7321236617.331129,90277694082.64676,8384594258.468367,102883604981.64182,0.06443835616438356,0.0141311232971065,0.0363107251109742,0.0349087086990023,1.0,4,5
0.4283950617283951,0.0,0.0,0.2857142857142857,0.25,0.25,1,0.8571428571428571,0.07368071689346167,0.0,0.9966367713004485,0.9802631578947368,0.9785714285714285,0.0,0.047323810661138714,0.004378307496241859,46608114.831999995,0.5211267605633803,8384594258.468367,102883604981.64182,8627080716.534534,106221801332.0274,0.022136986301369864,0.0077012684442143,0.0144602380622805,0.0162231696244569,1.0,4,5
0.4283950617283951,0.0,0.0,0.2857142857142857,0.0,0.625,0,0.9257142857142857,0.07368071689346167,0.0,0.9966367713004485,0.9868421052631579,0.9857142857142858,0.0,0.04809017044114401,0.004443617398125378,48017377.89,0.36619718309859156,8627080716.534534,106221801332.0274,8731076632.536161,109801891452.69542,0.02997260273972602,0.0057361376673039,0.006027294714092,0.0168519554167482,1.0,4,5
0.4283950617283951,0.0,1.0,1.0,0.0,0.875,1,0.8857142857142857,0.07368071689346167,0.0,0.0,0.993421052631579,0.9928571428571429,0.0,0.048669770274761465,0.0044864493703149115,49026873.6,0.4788732394366197,8731076632.536161,109801891452.69542,8738737945.986675,113181872475.00755,0.025698630136986304,0.0109640831758034,0.0004387381861913,0.0153912695746607,1.0,4,5
0.42962962962962964,0.0,0.16666666666666666,0.9285714285714286,0.0,0.0,1,0.21142857142857144,0.9664785927646864,0.0,0.9988789237668162,0.0,0.2642857142857143,0.16666666666666666,0.010699541174666994,0.002449592636842054,6993770.0,0.014084507042253521,542838877.2314429,735100018.6474429,1463365997.0899105,4396657850.163141,1.0,-0.0015988229524276,0.0339152982024165,0.0996206703477665,1.0,4,6
0.42962962962962964,0.5,0.3333333333333333,0.9285714285714286,0.0,0.125,1,0.34285714285714286,0.9697975439761035,0.5,1.0,0.32894736842105265,0.29285714285714287,0.16666666666666666,0.009649821476004275,0.003928013767644492,10177300.0,0.39436619718309857,1463365997.0899105,4396657850.163141,1336726010.6665368,3244941421.8856626,0.08476712328767123,-0.055863539445629,-0.0173080400494768,-0.052390541521658,1.0,4,6
0.42962962962962964,1.0,0.0,0.2857142857142857,0.0,0.125,1,0.32,0.974112180550946,1.0,0.9966367713004485,0.35526315789473684,0.3142857142857143,0.16666666666666666,0.006275262444720438,0.0040428785672807725,7544160.0,0.5070422535211268,1336726010.6665368,3244941421.8856626,1253465965.7360284,3564985722.0261664,0.06794520547945206,0.1723372781065089,-0.0155716362714061,0.0246571708492139,1.0,2,4
0.42962962962962964,0.0,0.6666666666666666,0.2857142857142857,0.0,0.625,1,0.2057142857142857,0.9691337537338202,0.0,0.9978699551569506,0.375,0.32142857142857145,0.16666666666666666,0.012277340721736727,0.0041318061540959565,13018800.0,0.8309859154929577,1253465965.7360284,3564985722.0261664,1261420789.5717978,3494210458.682645,0.0012602739726027391,0.3384413309982486,0.0063462623263954,-0.0198528883036581,1.0,1,3
0.42962962962962964,0.0,0.16666666666666666,0.42857142857142855,0.25,0.125,1,0.34285714285714286,0.9697975439761035,0.0,0.9988789237668162,0.375,0.32857142857142857,0.16666666666666666,0.012277340721736727,0.0041318061540959565,13018800.0,0.49295774647887325,1253465965.7360284,3564985722.0261664,1388511639.7295263,3715797650.1647186,0.03589041095890411,0.1849824868651488,0.0538689033787207,0.0211518277908892,1.0,2,4
0.42962962962962964,0.5,0.0,0.2857142857142857,0.0,0.625,1,0.42857142857142855,0.9797543976103551,0.5,0.9966367713004485,0.3881578947368421,0.3357142857142857,0.16666666666666666,0.01771913915958948,0.004272608166553332,18429810.0,0.30985915492957744,1388511639.7295263,3715797650.1647186,1380847621.4286804,3902172216.269208,0.003342465753424656,0.0127836369447107,-0.0055195924049574,0.0501573507632278,1.0,4,5
0.42962962962962964,0.5,0.0,0.2857142857142857,0.0,0.625,1,0.38857142857142857,0.9840690341851974,0.5,0.9966367713004485,0.3881578947368421,0.34285714285714286,0.16666666666666666,0.01771913915958948,0.004272608166553332,18429810.0,0.4084507042253521,1388511639.7295263,3715797650.1647186,1492020254.8083704,4177978439.109769,0.023178082191780823,0.0239693192713327,0.0372732255593502,0.0621913290844244,1.0,4,5
0.42962962962962964,0.0,0.6666666666666666,0.2857142857142857,0.25,0.625,1,0.32,0.974112180550946,0.0,0.9978699551569506,0.40131578947368424,0.35,0.16666666666666666,0.018685138882285235,0.004354125121133917,19674000.0,0.6056338028169014,1492020254.8083704,4177978439.109769,1571703454.783999,4389125672.035584,0.0014246575342465747,0.0402561756633119,0.0534062454707511,0.050538133693865,1.0,4,5
0.42962962962962964,0.0,0.0,0.2857142857142857,0.0,0.625,1,0.37142857142857144,0.9774311317623631,0.0,0.9966367713004485,0.40131578947368424,0.35,0.16666666666666666,0.018685138882285235,0.004354125121133917,19674000.0,0.4788732394366197,1492020254.8083704,4177978439.109769,1571703454.783999,4389125672.035584,0.001205479452054794,0.0402561756633119,0.0534062454707511,0.050538133693865,1.0,4,5
0.42962962962962964,0.0,0.0,0.2857142857142857,0.0,0.625,1,0.38857142857142857,0.974112180550946,0.0,0.9966367713004485,0.40131578947368424,0.35,0.16666666666666666,0.018685138882285235,0.004354125121133917,19674000.0,0.43661971830985913,1492020254.8083704,4177978439.109769,1571703454.783999,4389125672.035584,0.007342465753424658,0.0402561756633119,0.0534062454707511,0.050538133693865,1.0,4,5
0.42962962962962964,0.0,0.0,0.2857142857142857,0.0,0.625,1,0.3028571428571429,0.9784268171257883,0.0,0.9966367713004485,0.40131578947368424,0.35,0.16666666666666666,0.018685138882285235,0.004354125121133917,19674000.0,0.647887323943662,1492020254.8083704,4177978439.109769,1571703454.783999,4389125672.035584,0.00410958904109589,0.0402561756633119,0.0534062454707511,0.050538133693865,1.0,4,5
0.42962962962962964,0.0,0.16666666666666666,0.42857142857142855,0.0,0.625,1,0.38857142857142857,0.9747759707932293,0.0,0.9988789237668162,0.40131578947368424,0.35,0.16666666666666666,0.018685138882285235,0.004354125121133917,19674000.0,0.43661971830985913,1492020254.8083704,4177978439.109769,1571703454.783999,4389125672.035584,0.014356164383561644,0.0402561756633119,0.0534062454707511,0.050538133693865,1.0,4,5
0.42962962962962964,0.5,0.16666666666666666,0.42857142857142855,0.0,0.25,1,0.4,0.9794225024892134,0.5,0.9988789237668162,0.40789473684210525,0.35714285714285715,0.16666666666666666,0.0195352186382575,0.0043230004657486025,20322738.0,0.4225352112676056,1571703454.783999,4389125672.035584,1588596213.1365623,4582082014.773711,0.023123287671232878,0.0093814130753444,0.0053740285106407,0.0219811822622792,1.0,4,5
0.42962962962962964,0.5,0.0,0.2857142857142857,0.0,0.625,1,0.4057142857142857,0.974112180550946,0.5,0.9966367713004485,0.4144736842105263,0.36428571428571427,0.16666666666666666,0.01994737851994102,0.004385249776519232,20995950.0,0.4225352112676056,1588596213.1365623,4582082014.773711,1668222325.7175777,4698671884.768971,0.005643835616438355,0.0184172661870503,0.0501235694272488,0.0254447366108565,1.0,4,5
0.42962962962962964,0.0,0.0,0.2857142857142857,0.0,0.625,1,0.26857142857142857,0.974112180550946,0.0,0.9966367713004485,0.4144736842105263,0.37142857142857144,0.16666666666666666,0.01994737851994102,0.004385249776519232,20995950.0,0.7605633802816901,1588596213.1365623,4582082014.773711,1733315926.608084,4861352558.274555,0.03167123287671232,0.0123741007194244,0.0455495588730453,0.0304741973845524,1.0,4,5
0.42962962962962964,0.0,0.0,0.2857142857142857,0.5,0.625,1,0.32,0.974112180550946,0.0,0.9966367713004485,0.4276315789473684,0.4,0.16666666666666666,0.02050121836095325,0.0045060430819431905,22096005.0,0.6619718309859155,1733315926.608084,4861352558.274555,1630336766.220339,5018502854.988797,0.07791780821917808,0.0061780398764392,-0.0148529126754844,0.0080816138528543,1.0,4,5
0.42962962962962964,0.0,0.0,0.2857142857142857,0.25,0.625,1,0.38857142857142857,0.974112180550946,0.0,0.9966367713004485,0.45394736842105265,0.40714285714285714,0.16666666666666666,0.021067938198268094,0.004736513744439209,23776884.0,0.5492957746478874,1630336766.220339,5018502854.988797,1683772438.4682732,5044728874.113239,0.0005479452054794518,0.0463140586462045,0.0327758493552321,0.0052258651399135,1.0,4,5
0.42962962962962964,0.0,0.0,0.2857142857142857,0.75,0.625,1,0.32,0.974112180550946,0.0,0.9966367713004485,0.45394736842105265,0.40714285714285714,0.16666666666666666,0.021067938198268094,0.004736513744439209,23776884.0,0.7183098591549296,1630336766.220339,5018502854.988797,1683772438.4682732,5044728874.113239,0.008273972602739725,0.0463140586462045,0.0327758493552321,0.0052258651399135,1.0,4,5
0.42962962962962964,0.0,0.0,0.2857142857142857,0.0,0.625,1,0.34285714285714286,0.974112180550946,0.0,0.9966367713004485,0.45394736842105265,0.40714285714285714,0.16666666666666666,0.021067938198268094,0.004736513744439209,23776884.0,0.6619718309859155,1630336766.220339,5018502854.988797,1683772438.4682732,5044728874.113239,0.003726027397260274,0.0463140586462045,0.0327758493552321,0.0052258651399135,1.0,4,5
0.42962962962962964,0.0,0.0,0.2857142857142857,1.0,0.625,1,0.32,0.974112180550946,0.0,0.9966367713004485,0.4605263157894737,0.4142857142857143,0.16666666666666666,0.022156297885838644,0.004792093486198699,25164438.0,0.7323943661971831,1683772438.4682732,5044728874.113239,1750170813.498129,5285216561.450975,0.002684931506849314,0.0094290204295441,0.0394342926115707,0.0476710826961952,1.0,4,5
0.42962962962962964,0.5,0.16666666666666666,0.42857142857142855,0.25,0.125,1,0.42857142857142855,0.9797543976103551,0.5,0.9988789237668162,0.4605263157894737,0.4142857142857143,0.16666666666666666,0.022156297885838644,0.004792093486198699,25164438.0,0.4647887323943662,1683772438.4682732,5044728874.113239,1750170813.498129,5285216561.450975,0.00021917808219178072,0.0094290204295441,0.0394342926115707,0.0476710826961952,1.0,4,5
0.42962962962962964,0.0,0.16666666666666666,0.42857142857142855,0.25,0.625,1,0.34285714285714286,0.974112180550946,0.0,0.9988789237668162,0.4605263157894737,0.42142857142857143,0.16666666666666666,0.022156297885838644,0.004792093486198699,25164438.0,0.676056338028169,1683772438.4682732,5044728874.113239,1810972054.2332587,5630779125.9489,0.051726027397260274,0.0117862755369303,0.0251814740240272,0.0387236041460323,1.0,4,5
0.42962962962962964,0.5,0.0,0.2857142857142857,0.25,0.125,1,0.4057142857142857,0.974112180550946,0.5,0.9966367713004485,0.47368421052631576,0.42857142857142855,0.16666666666666666,0.023025697636264823,0.004941788257337593,26852729.0,0.5492957746478874,1810972054.2332587,5630779125.9489,1859256600.7743983,5983416185.986538,0.0027945205479452044,-0.0101188970402226,0.026662226194088,0.0626266902234797,1.0,4,6
0.42962962962962964,0.0,0.5,0.2857142857142857,0.0,0.0,1,0.38857142857142857,0.974112180550946,0.0,0.9977578475336323,0.47368421052631576,0.42857142857142855,0.16666666666666666,0.023025697636264823,0.004941788257337593,26852729.0,0.5915492957746479,1810972054.2332587,5630779125.9489,1859256600.7743983,5983416185.986538,0.007342465753424658,-0.0101188970402226,0.026662226194088,0.0626266902234797,1.0,4,6
0.42962962962962964,0.5,0.5,0.2857142857142857,0.0,0.0,1,0.36,0.9757716561566545,0.5,0.9977578475336323,0.48026315789473684,0.4642857142857143,0.16666666666666666,0.022768097710212622,0.005010707137119361,26944918.0,0.676056338028169,1859256600.7743983,5983416185.986538,2108604563.533836,5616296626.636931,0.0955068493150685,-0.0473294147712752,0.0268223291669995,-0.0122712359608017,1.0,4,6
0.42962962962962964,0.0,0.5,0.2857142857142857,0.0,0.0,1,0.44,0.9757716561566545,0.0,0.9977578475336323,0.5131578947368421,0.4714285714285714,0.16666666666666666,0.016804659422104164,0.005363453231486258,21990294.0,0.5492957746478874,2108604563.533836,5616296626.636931,2085465691.892478,5685375444.6349,0.004328767123287672,-0.157348510210914,-0.0109735471702571,0.0122997096824164,1.0,5,7
0.42962962962962964,0.0,0.3333333333333333,0.8571428571428571,0.0,0.125,1,0.4228571428571429,0.9807500829737803,0.0,1.0,0.5131578947368421,0.4714285714285714,0.16666666666666666,0.016804659422104164,0.005363453231486258,21990294.0,0.5915492957746479,2108604563.533836,5616296626.636931,2085465691.892478,5685375444.6349,0.00043835616438356144,-0.157348510210914,-0.0109735471702571,0.0122997096824164,1.0,5,7
0.42962962962962964,0.5,0.0,0.2857142857142857,0.0,0.625,1,0.45714285714285713,0.9847328244274809,0.5,0.9966367713004485,0.5328947368421053,0.4928571428571429,0.16666666666666666,0.009025141655327687,0.005305650300056389,12958236.0,0.5492957746478874,2002685406.139349,5921553827.78953,1747100826.3508208,5516514526.341848,0.004219178082191781,-0.1596402473299606,-0.1276209328759369,-0.0684008476874522,1.0,6,7
0.42962962962962964,0.0,0.0,0.2857142857142857,0.5,0.625,1,0.42857142857142855,0.9797543976103551,0.0,0.9966367713004485,0.5394736842105263,0.5,0.16666666666666666,0.007196182180357057,0.005333810702547863,10946390.0,0.6338028169014085,1747100826.3508208,5516514526.341848,1669149353.4137225,5764995899.017727,0.005260273972602739,0.4775919732441471,-0.0446176155155944,0.0450431828810307,1.0,1,2
0.42962962962962964,0.0,0.0,0.2857142857142857,0.0,0.625,1,0.4342857142857143,0.981081978094922,0.0,0.9966367713004485,0.5394736842105263,0.5,0.16666666666666666,0.007196182180357057,0.005333810702547863,10946390.0,0.6197183098591549,1747100826.3508208,5516514526.341848,1669149353.4137225,5764995899.017727,0.010027397260273973,0.4775919732441471,-0.0446176155155944,0.0450431828810307,1.0,1,2
0.42962962962962964,0.5,0.0,0.2857142857142857,0.0,0.625,1,0.4742857142857143,0.9784268171257883,0.5,0.9966367713004485,0.5394736842105263,0.5,0.16666666666666666,0.007196182180357057,0.005333810702547863,10946390.0,0.5211267605633803,1747100826.3508208,5516514526.341848,1669149353.4137225,5764995899.017727,0.0008219178082191776,0.4775919732441471,-0.0446176155155944,0.0450431828810307,1.0,1,2
0.42962962962962964,0.0,0.0,0.2857142857142857,0.0,0.625,1,0.5371428571428571,0.9907069366080319,0.0,0.9966367713004485,0.5394736842105263,0.5,0.16666666666666666,0.007196182180357057,0.005333810702547863,10946390.0,0.36619718309859156,1747100826.3508208,5516514526.341848,1669149353.4137225,5764995899.017727,0.0011506849315068488,0.4775919732441471,-0.0446176155155944,0.0450431828810307,1.0,1,2
0.42962962962962964,0.0,0.0,0.2857142857142857,0.25,0.625,1,0.3028571428571429,0.9784268171257883,0.0,0.9966367713004485,0.5394736842105263,0.5,0.16666666666666666,0.007196182180357057,0.005333810702547863,10946390.0,0.9436619718309859,1747100826.3508208,5516514526.341848,1669149353.4137225,5764995899.017727,0.007287671232876711,0.4775919732441471,-0.0446176155155944,0.0450431828810307,1.0,1,2
0.42962962962962964,0.0,0.0,0.2857142857142857,0.0,0.625,1,0.41714285714285715,0.9847328244274809,0.0,0.9966367713004485,0.5460526315789473,0.5071428571428571,0.16666666666666666,0.01179434086038885,0.005404952772000011,16386362.0,0.676056338028169,1669149353.4137225,5764995899.017727,1781099018.6128783,5916422135.694958,0.0007671232876712325,0.2720688094160253,0.0670698910017835,0.0262664951250064,1.0,1,4
0.42962962962962964,0.0,0.0,0.2857142857142857,0.0,0.625,1,0.4342857142857143,0.9853966146697644,0.0,0.9966367713004485,0.5460526315789473,0.5071428571428571,0.16666666666666666,0.01179434086038885,0.005404952772000011,16386362.0,0.6338028169014085,1669149353.4137225,5764995899.017727,1781099018.6128783,5916422135.694958,0.015287671232876712,0.2720688094160253,0.0670698910017835,0.0262664951250064,1.0,1,4
0.42962962962962964,0.0,0.0,0.2857142857142857,0.0,0.625,1,0.37142857142857144,0.9804181878526386,0.0,0.9966367713004485,0.5526315789473685,0.5142857142857142,0.16666666666666666,0.015664779749323173,0.0054872107898040565,21156490.0,0.8028169014084507,1781099018.6128783,5916422135.694958,1908403847.1706736,6499684837.63634,0.011616438356164384,0.0199288256227758,0.071475435799712,0.0985836859784634,1.0,4,5
0.42962962962962964,0.0,0.0,0.2857142857142857,0.25,0.625,1,0.4342857142857143,0.9853966146697644,0.0,0.9966367713004485,0.5526315789473685,0.5142857142857142,0.16666666666666666,0.015664779749323173,0.0054872107898040565,21156490.0,0.647887323943662,1781099018.6128783,5916422135.694958,1908403847.1706736,6499684837.63634,0.00038356164383561626,0.0199288256227758,0.071475435799712,0.0985836859784634,1.0,4,5
0.42962962962962964,0.0,0.5,0.2857142857142857,0.5,0.0,1,0.3028571428571429,0.9784268171257883,0.0,0.9977578475336323,0.5526315789473685,0.5214285714285715,0.16666666666666666,0.015664779749323173,0.0054872107898040565,21156490.0,0.971830985915493,1781099018.6128783,5916422135.694958,2063932110.5669043,6839178858.225641,0.03589041095890411,0.0300711743772241,0.0793984750421952,0.0779826643000596,1.0,4,5
0.42962962962962964,0.0,0.0,0.2857142857142857,0.0,0.625,1,0.38285714285714284,0.97875871224693,0.0,0.9966367713004485,0.5657894736842105,0.5285714285714286,0.16666666666666666,0.016753139436893723,0.005729538463875433,23403024.0,0.8028169014084507,2063932110.5669043,6839178858.225641,2207094034.171331,8767224010.95815,0.010410958904109589,0.0245048674051695,0.0693636786168825,0.2819117898069889,1.0,4,5
0.42962962962962964,0.0,0.0,0.2857142857142857,0.0,0.625,1,0.4114285714285714,0.9824095585794889,0.0,0.9966367713004485,0.5723684210526315,0.5357142857142857,0.16666666666666666,0.017223259301938992,0.005514650878842328,23091517.456,0.7464788732394366,2207094034.171331,8767224010.95815,2335597921.60858,9334940849.93543,0.0031780821917808204,0.0769986893840104,0.0582231139442579,0.0647544579980721,1.0,4,5
0.42962962962962964,0.0,0.0,0.2857142857142857,0.0,0.625,1,0.49142857142857144,0.9834052439429141,0.0,0.9966367713004485,0.5723684210526315,0.5357142857142857,0.16666666666666666,0.017223259301938992,0.005514650878842328,23091517.456,0.5492957746478874,2207094034.171331,8767224010.95815,2335597921.60858,9334940849.93543,0.0012602739726027391,0.0769986893840104,0.0582231139442579,0.0647544579980721,1.0,4,5
0.42962962962962964,0.0,0.0,0.2857142857142857,0.75,0.625,1,0.42857142857142855,0.9797543976103551,0.0,0.9966367713004485,0.5723684210526315,0.5357142857142857,0.16666666666666666,0.017223259301938992,0.005514650878842328,23091517.456,0.704225352112676,2207094034.171331,8767224010.95815,2335597921.60858,9334940849.93543,0.007013698630136986,0.0769986893840104,0.0582231139442579,0.0647544579980721,1.0,4,5
0.42962962962962964,0.0,0.0,0.2857142857142857,0.25,0.625,1,0.49142857142857144,0.9834052439429141,0.0,0.9966367713004485,0.5723684210526315,0.5357142857142857,0.16666666666666666,0.017223259301938992,0.005514650878842328,23091517.456,0.5492957746478874,2207094034.171331,8767224010.95815,2335597921.60858,9334940849.93543,0.023945205479452055,0.0384993446920052,0.0291115569721289,0.032377228999036,1.0,4,5
0.42962962962962964,0.0,0.6666666666666666,0.2857142857142857,1.0,0.625,1,0.42857142857142855,0.9797543976103551,0.0,0.9978699551569506,0.5789473684210527,0.5428571428571428,0.16666666666666666,0.018736658867495672,0.005574213094364692,25133723.374,0.7183098591549296,2335597921.60858,9334940849.93543,2423157959.4102974,9831337731.891596,0.018904109589041096,-0.0045634317006388,0.0374893456581828,0.0531762214604283,1.0,4,6
0.42962962962962964,0.0,0.0,0.2857142857142857,0.0,0.5,1,0.48,0.9877198805177564,0.0,0.9966367713004485,0.5855263157894737,0.55,0.16666666666666666,0.0186400588952261,0.005638572953195735,25303194.0,0.6056338028169014,2423157959.4102974,9831337731.891596,2549125467.1776023,10381252161.518972,0.002136986301369862,0.125,0.0519848519483066,0.0559348528780092,1.0,3,5
0.42962962962962964,0.0,0.5,0.2857142857142857,0.0,0.0,1,0.42857142857142855,0.9804181878526386,0.0,0.9977578475336323,0.5855263157894737,0.5642857142857143,0.16666666666666666,0.0186400588952261,0.005638572953195735,25303194.0,0.7323943661971831,2423157959.4102974,9831337731.891596,2857227492.418695,11398992120.516134,0.05747945205479452,0.0748777506112469,0.0597112721332226,0.0531516134553852,1.0,4,5
0.42962962962962964,0.0,0.0,0.2857142857142857,0.0,0.625,1,0.5142857142857142,0.989379356123465,0.0,0.9966367713004485,0.6052631578947368,0.5714285714285714,0.16666666666666666,0.023373457536435296,0.00581071304724678,31917910.766,0.5633802816901409,2857227492.418695,11398992120.516134,2986791821.8589025,11951387652.483671,0.00010958904109589036,0.076366358871974,0.0453461720440497,0.0484600327930155,1.0,4,5
0.42962962962962964,0.0,0.0,0.2857142857142857,0.0,0.625,1,0.5657142857142857,0.9946896780617325,0.0,0.9966367713004485,0.6052631578947368,0.5857142857142857,0.16666666666666666,0.023373457536435296,0.00581071304724678,31917910.766,0.43661971830985913,2857227492.418695,11398992120.516134,3199437985.087188,12754499113.88668,0.048273972602739725,0.0595624324099492,0.0399233748539456,0.0396382118418719,1.0,4,5
0.42962962962962964,0.0,0.0,0.2857142857142857,0.0,0.625,1,0.4685714285714286,0.9880517756388981,0.0,0.9966367713004485,0.625,0.5928571428571429,0.16666666666666666,0.027984496212769702,0.005964551102868038,38601688.267,0.7183098591549296,3199437985.087188,12754499113.88668,3353343631.0628824,13330790435.611374,0.004,0.0260427694262121,0.0481039628500568,0.0451833754174828,1.0,4,5
0.42962962962962964,0.0,0.0,0.2857142857142857,0.25,0.625,1,0.5657142857142857,0.9946896780617325,0.0,0.9966367713004485,0.625,0.6071428571428571,0.16666666666666666,0.027984496212769702,0.005964551102868038,38601688.267,0.4788732394366197,3199437985.087188,12754499113.88668,3755916911.198674,14545646569.21639,0.06695890410958905,0.0362587338556002,0.0434825529284577,0.0351081496681349,1.0,4,5
0.42962962962962964,0.0,0.0,0.2857142857142857,0.0,0.625,1,0.5142857142857142,0.9863923000331896,0.0,0.9966367713004485,0.6447368421052632,0.6142857142857143,0.16666666666666666,0.03239589494641365,0.006131231784151855,45416654.4,0.647887323943662,3755916911.198674,14545646569.21639,3938314250.74158,15291081770.15114,0.002465753424657533,0.03125,0.0485626662823843,0.0512479935070295,1.0,4,5
0.42962962962962964,0.0,0.0,0.2857142857142857,0.5,0.125,1,0.5657142857142857,0.9946896780617325,0.0,0.9966367713004485,0.6447368421052632,0.6214285714285714,0.16666666666666666,0.03239589494641365,0.006131231784151855,45416654.4,0.5211267605633803,3755916911.198674,14545646569.21639,4123973043.0297217,15991243735.72246,0.032,0.0660133136094675,0.0489968415879551,0.0496917465864134,1.0,4,5
0.42962962962962964,0.0,0.0,0.2857142857142857,0.0,0.625,1,0.52,0.9853966146697644,0.0,0.9966367713004485,0.6578947368421053,0.6285714285714286,0.16666666666666666,0.03699405362644544,0.006191684016605594,51912264.25,0.6619718309859155,4123973043.0297217,15991243735.72246,4366299249.677136,17168846684.352207,0.0056986301369863004,0.0782424044429925,0.0587603760060924,0.0736404852612637,1.0,4,5
0.42962962962962964,0.0,0.0,0.2857142857142857,0.0,0.625,1,0.5257142857142857,0.9890474610023232,0.0,0.9966367713004485,0.6578947368421053,0.6285714285714286,0.16666666666666666,0.03699405362644544,0.006191684016605594,51912264.25,0.647887323943662,4123973043.0297217,15991243735.72246,4366299249.677136,17168846684.352207,0.002191780821917807,0.0782424044429925,0.0587603760060924,0.0736404852612637,1.0,4,5
0.42962962962962964,0.0,0.0,0.2857142857142857,0.25,0.625,1,0.45714285714285713,0.9847328244274809,0.0,0.9966367713004485,0.6578947368421053,0.6285714285714286,0.16666666666666666,0.03699405362644544,0.006191684016605594,51912264.25,0.8169014084507042,4123973043.0297217,15991243735.72246,4366299249.677136,17168846684.352207,0.0025205479452054783,0.0782424044429925,0.0587603760060924,0.0736404852612637,1.0,4,5
0.42962962962962964,0.0,0.0,0.2857142857142857,0.0,0.625,1,0.5257142857142857,0.9900431463657484,0.0,0.9966367713004485,0.6578947368421053,0.6285714285714286,0.16666666666666666,0.03699405362644544,0.006191684016605594,51912264.25,0.647887323943662,4123973043.0297217,15991243735.72246,4366299249.677136,17168846684.352207,0.002684931506849314,0.0782424044429925,0.0587603760060924,0.0736404852612637,1.0,4,5
0.42962962962962964,0.0,0.16666666666666666,0.5714285714285714,0.5,0.625,1,0.45714285714285713,0.9847328244274809,0.0,0.9988789237668162,0.6644736842105263,0.6357142857142857,0.16666666666666666,0.04007881274092055,0.006214511728141052,56177341.829,0.8309859154929577,4366299249.677136,17168846684.352207,4551506105.075526,18075505373.698357,0.02810958904109589,0.044387214058476,0.0212086763650114,0.0264041815392435,1.0,4,5
0.42962962962962964,0.5,0.0,0.2857142857142857,0.0,0.625,1,0.4857142857142857,0.9910388317291736,0.5,0.9966367713004485,0.6710526315789473,0.6428571428571429,0.16666666666666666,0.043852651657585305,0.006244083115009995,61451243.271000005,0.7746478873239436,4551506105.075526,18075505373.698357,4721025354.358864,19030818060.72169,0.0011506849315068488,0.0532906636983443,0.0372446494346785,0.0528512297317789,1.0,4,5
0.42962962962962964,0.0,0.0,0.2857142857142857,0.0,0.625,1,0.5657142857142857,0.9847328244274809,0.0,0.9966367713004485,0.6710526315789473,0.6428571428571429,0.16666666666666666,0.043852651657585305,0.006244083115009995,61451243.271000005,0.5774647887323944,4551506105.075526,18075505373.698357,4721025354.358864,19030818060.72169,0.0004931506849315066,0.0532906636983443,0.0372446494346785,0.0528512297317789,1.0,4,5
0.42962962962962964,0.0,0.0,0.2857142857142857,0.25,0.25,1,0.5142857142857142,0.989379356123465,0.0,0.9966367713004485,0.6710526315789473,0.6428571428571429,0.16666666666666666,0.043852651657585305,0.006244083115009995,61451243.271000005,0.704225352112676,4551506105.075526,18075505373.698357,4721025354.358864,19030818060.72169,0.025260273972602738,0.0266453318491721,0.0186223247173392,0.0264256148658894,1.0,4,5
0.42962962962962964,0.0,0.0,0.2857142857142857,0.25,0.625,1,0.5257142857142857,0.9900431463657484,0.0,0.9966367713004485,0.6776315789473685,0.65,0.16666666666666666,0.04631917094953513,0.006291005756193026,65205338.07,0.6901408450704225,4721025354.358864,19030818060.72169,4885215535.342881,19784467002.851566,0.00536986301369863,0.0425363276089827,0.0347785001477323,0.039601500036688,1.0,4,5
0.42962962962962964,0.0,0.16666666666666666,0.42857142857142855,0.25,0.25,1,0.5371428571428571,0.9907069366080319,0.0,0.9988789237668162,0.6842105263157895,0.6571428571428571,0.16666666666666666,0.04839285035425535,0.0063671796449324665,68790152.37200001,0.676056338028169,4885215535.342881,19784467002.851566,5144807139.722397,20870428352.946007,0.0009863013698630132,0.0636087176887987,0.0531382090516698,0.0548895934339761,1.0,4,5
0.42962962962962964,0.5,0.16666666666666666,0.42857142857142855,0.0,0.125,1,0.5314285714285715,0.9946896780617325,0.5,0.9988789237668162,0.6842105263157895,0.6571428571428571,0.16666666666666666,0.04839285035425535,0.0063671796449324665,68790152.37200001,0.6901408450704225,4885215535.342881,19784467002.851566,5144807139.722397,20870428352.946007,0.012931506849315069,0.0636087176887987,0.0531382090516698,0.0548895934339761,1.0,4,5
0.42962962962962964,0.5,0.16666666666666666,0.42857142857142855,0.0,0.25,1,0.6342857142857142,0.9950215731828742,0.5,0.9988789237668162,0.6842105263157895,0.6928571428571428,0.16666666666666666,0.04839285035425535,0.0063671796449324665,68790152.37200001,0.43661971830985913,4885215535.342881,19784467002.851566,6477801404.395305,28100062467.301537,0.11912328767123288,0.0910204426423382,0.0543335245405449,0.0700515498956111,1.0,3,5
0.42962962962962964,0.5,0.0,0.2857142857142857,0.0,0.25,1,0.6571428571428571,0.9950215731828742,0.5,0.9966367713004485,0.7236842105263158,0.7,0.16666666666666666,0.07614924238638004,0.006524763034085089,108952707.372,0.4647887323943662,6477801404.395305,28100062467.301537,6614147085.960016,27746656042.65312,0.013205479452054796,-0.0398295361416161,0.0210481416537713,-0.0125767131322095,1.0,4,6
0.42962962962962964,0.0,0.0,0.2857142857142857,0.75,0.625,1,0.5657142857142857,0.9946896780617325,0.0,0.9966367713004485,0.7302631578947368,0.7428571428571429,0.16666666666666666,0.0730194032848458,0.006549171433476188,104999061.468,0.704225352112676,6614147085.960016,27746656042.65312,7673220767.468521,35105310712.72682,0.11594520547945206,0.0367588482986229,0.0266870811848293,0.0442014505505439,1.0,4,5
0.42962962962962964,0.0,0.0,0.2857142857142857,0.0,0.625,1,0.6285714285714286,0.9973448390308662,0.0,0.9966367713004485,0.7697368421052632,0.75,0.16666666666666666,0.08966035850781799,0.0070534516179026055,137887821.5,0.6338028169014085,7673220767.468521,35105310712.72682,7687644422.970206,35740398961.4584,0.029041095890410956,-0.0041958041958041,0.0009398697065277,0.0090454725487066,1.0,4,6
0.42962962962962964,0.0,0.0,0.2857142857142857,0.0,0.625,1,0.6342857142857142,0.994025887819449,0.0,0.9966367713004485,0.7763157894736842,0.8071428571428572,0.16666666666666666,0.08888755872966139,0.0071178092535439785,137962183.0,0.6338028169014085,7687644422.970206,35740398961.4584,9473954827.19554,46016341267.83971,0.15402739726027398,0.0170751057827926,0.0290451519663154,0.0359395201402992,1.0,4,5
0.42962962962962964,0.0,0.0,0.2857142857142857,0.0,0.625,1,0.68,0.9986724195154332,0.0,0.9966367713004485,0.8289473684210527,0.8142857142857143,0.16666666666666666,0.10136183514873924,0.007341176825043134,161665839.505,0.6338028169014085,9473954827.19554,46016341267.83971,9591381662.311,46715156894.540726,0.005534246575342465,-0.0094930818390519,0.0123947007619644,0.0151862492203267,1.0,4,6
0.42962962962962964,0.0,0.0,0.2857142857142857,0.0,0.625,1,0.6571428571428571,0.07368071689346167,0.0,0.9966367713004485,0.8289473684210527,0.8142857142857143,0.16666666666666666,0.10136183514873924,0.007341176825043134,161665839.505,0.6901408450704225,9473954827.19554,46016341267.83971,9591381662.311,46715156894.540726,0.002356164383561643,-0.0094930818390519,0.0123947007619644,0.0151862492203267,1.0,4,6
0.42962962962962964,0.0,0.0,0.2857142857142857,0.0,0.625,1,0.5485714285714286,0.9966810487885828,0.0,0.9966367713004485,0.8289473684210527,0.8142857142857143,0.16666666666666666,0.10136183514873924,0.007341176825043134,161665839.505,0.9577464788732394,9473954827.19554,46016341267.83971,9591381662.311,46715156894.540726,0.007287671232876711,-0.0094930818390519,0.0123947007619644,0.0151862492203267,1.0,4,6
0.42962962962962964,0.0,0.0,0.2857142857142857,0.0,0.625,1,0.6285714285714286,0.07368071689346167,0.0,0.9966367713004485,0.8355263157894737,0.8357142857142857,0.16666666666666666,0.10037651543158957,0.007414422031923461,161708982.292,0.7746478873239436,9591381662.311,46715156894.540726,10036021182.921667,48709321632.52854,0.0701917808219178,0.0057522347843428,0.0115895586336081,0.0106719364257388,1.0,4,5
0.42962962962962964,0.0,0.6666666666666666,0.2857142857142857,0.25,0.0,1,0.6342857142857142,0.994025887819449,0.0,0.9978699551569506,0.8552631578947368,0.85,0.16666666666666666,0.10274202144880186,0.007575430615294918,168977990.1754014,0.8028169014084507,10036021182.921667,48709321632.52854,10692216620.49292,51854384806.94821,0.04208219178082192,0.0166731319357136,0.02179467425756,0.0215226645811696,1.0,4,5
0.42962962962962964,0.0,0.0,0.2857142857142857,0.0,0.625,1,0.7485714285714286,0.07368071689346167,0.0,0.9966367713004485,0.868421052631579,0.8571428571428571,0.16666666666666666,0.1080027432016041,0.007630758395558431,178710451.55153036,0.5492957746478874,10692216620.49292,51854384806.94821,10955380438.13993,53971480867.83615,0.0034520547945205465,0.0333189649693805,0.0246126530155239,0.040827715317997,1.0,4,5
0.42962962962962964,0.0,0.0,0.2857142857142857,0.0,0.625,1,0.7314285714285714,0.07368071689346167,0.0,0.9966367713004485,0.875,0.9142857142857143,0.16666666666666666,0.11168230171580006,0.007664876946366523,185480707.24823105,0.6056338028169014,10955380438.13993,53971480867.83615,13966035843.2006,74015814861.56413,0.16273972602739728,0.050545705200488,0.0305345185516678,0.0412652791013666,1.0,4,5
0.42962962962962964,0.0,0.0,0.2857142857142857,0.0,0.625,1,0.8457142857142858,0.07368071689346167,0.0,0.9966367713004485,0.9276315789473685,0.95,0.16666666666666666,0.16359401728351297,0.007918120481719464,278667916.5866127,0.43661971830985913,13966035843.2006,74015814861.56413,14958221818.962029,90134685455.90204,0.11156164383561645,0.0133144663824538,0.0118404629022973,0.0362960056227756,1.0,4,5
0.42962962962962964,0.0,0.0,0.2857142857142857,0.0,0.625,1,0.8228571428571428,0.07368071689346167,0.0,0.9966367713004485,0.9605263157894737,0.9642857142857143,0.16666666666666666,0.176857273485961,0.00802916139512269,305101334.47412086,0.5633802816901409,14958221818.962029,90134685455.90204,15705849653.54,99528621997.0122,0.04197260273972603,-0.041797298461577,0.0166603544999407,0.0347403684223431,1.0,4,6
0.42962962962962964,0.0,0.0,0.2857142857142857,0.0,0.625,1,0.7942857142857143,0.07368071689346167,0.0,0.9966367713004485,0.9736842105263158,0.9714285714285714,0.16666666666666666,0.15437589993028225,0.008027634804882363,266793940.92,0.6619718309859155,15705849653.54,99528621997.0122,15627800975.63663,102883604981.64182,0.010246575342465753,-0.065825853420476,-0.0049694018232103,0.0337087253627437,1.0,4,6
0.42962962962962964,0.0,0.0,0.2857142857142857,0.0,0.625,1,0.7828571428571428,0.07368071689346167,0.0,0.9966367713004485,0.9802631578947368,0.9785714285714285,0.16666666666666666,0.1440539114335764,0.007983815736479181,247887018.89330176,0.704225352112676,15627800975.63663,102883604981.64182,15657249414.207611,106221801332.0274,0.0019178082191780813,-0.0180661304816176,0.0018843622731625,0.0324463392489138,1.0,4,6
0.42962962962962964,0.0,0.0,0.2857142857142857,0.0,1.0,1,0.8171428571428572,0.07368071689346167,0.0,0.9966367713004485,0.9802631578947368,0.9928571428571429,0.16666666666666666,0.1440539114335764,0.007983815736479181,247887018.89330176,0.6197183098591549,15627800975.63663,102883604981.64182,16218715225.380728,113181872475.00755,0.05205479452054795,-0.0007327814729884,0.0126039112533132,0.0333654310784935,1.0,4,6
0.42962962962962964,0.0,1.0,1.0,0.0,0.875,1,0.9485714285714286,0.07368071689346167,0.0,0.0,1.0,1.0,0.16666666666666666,0.1437318857939592,0.00781995924713997,242323720.5583626,0.3380281690140845,16218715225.380728,113181872475.00755,16530187284.867537,116773716558.88168,0.018575342465753427,-0.0007222564683617,0.0192044841504699,0.0317351533892251,1.0,4,6
0.43209876543209874,0.0,0.16666666666666666,0.35714285714285715,0.0,0.125,1,0.6,0.9877198805177564,0.0,0.9988789237668162,0.6381578947368421,0.7,0.6666666666666666,0.020082618481118426,0.00033237500741720914,2003208.0,0.4225352112676056,2568021700.753384,14025367456.334517,5132166567.783639,27746656042.65312,0.2784109589041096,0.0614375612945407,0.0713207387360252,0.0698799546558221,1.0,4,5
0.43209876543209874,0.5,0.16666666666666666,0.07142857142857142,0.0,0.25,1,0.7257142857142858,0.9956853634251577,0.5,0.9988789237668162,0.7302631578947368,0.7071428571428572,0.6666666666666666,0.03944769292209266,0.0003825449876454423,4166472.1,0.30985915492957744,5132166567.783639,27746656042.65312,5247575301.818041,28234680865.07181,0.00038356164383561626,-0.1499308011686914,0.0224873321062613,0.0175885995656011,1.0,5,6
0.43209876543209874,0.0,0.0,0.2857142857142857,0.0,0.625,1,0.6342857142857142,0.07368071689346167,0.0,0.9966367713004485,0.7302631578947368,0.7071428571428572,0.6666666666666666,0.03944769292209266,0.0003825449876454423,4166472.1,0.5352112676056338,5132166567.783639,27746656042.65312,5247575301.818041,28234680865.07181,0.007506849315068494,-0.1499308011686914,0.0224873321062613,0.0175885995656011,1.0,5,6
0.43209876543209874,0.0,0.5,0.2857142857142857,0.25,0.0,1,0.6,0.9877198805177564,0.0,0.9977578475336323,0.7302631578947368,0.7214285714285714,0.6666666666666666,0.03944769292209266,0.0003825449876454423,4166472.1,0.6197183098591549,5132166567.783639,27746656042.65312,5613559997.961155,30733214214.56724,0.05315068493150685,0.0615613306678968,0.0312664202547767,0.03587889614906,1.0,4,5
0.43209876543209874,0.0,0.0,0.2857142857142857,0.0,0.625,1,0.7085714285714285,0.9960172585462994,0.0,0.9966367713004485,0.75,0.8,0.6666666666666666,0.04718213070181,0.0003511980132930898,4610073.6,0.39436619718309857,5613559997.961155,30733214214.56724,8045337676.024826,44671815935.24714,0.21156164383561646,0.0713206834702162,0.0393815507603162,0.0412304942178903,1.0,4,5
0.43209876543209874,0.0,0.0,0.2857142857142857,0.0,0.625,1,0.7028571428571428,0.07368071689346167,0.0,0.9966367713004485,0.8223684210526315,0.8357142857142857,0.6666666666666666,0.08610547952829761,0.000399972571471548,9131655.316,0.5633802816901409,8045337676.024826,44671815935.24714,6025166797.226061,48709321632.52854,0.10010958904109589,0.0326258279149374,-0.041849722165151,0.015063583203982,1.0,4,5
0.43209876543209874,0.0,0.0,0.2857142857142857,0.25,0.625,1,0.6342857142857142,0.07368071689346167,0.0,0.9966367713004485,0.8552631578947368,0.9071428571428571,0.6666666666666666,0.10343705560024206,0.00045651791861120634,12173585.48128743,0.8028169014084507,6025166797.226061,48709321632.52854,7986208856.843878,69971417637.12488,0.2001095890410959,0.0481034187408595,0.0325475148757817,0.0436509795086066,1.0,4,5
0.43209876543209874,0.0,0.0,0.2857142857142857,0.0,0.625,1,0.72,0.9980086292731497,0.0,0.9966367713004485,0.9210526315789473,0.9428571428571428,0.6666666666666666,0.15436350556132059,0.0005415104597098188,20821862.359670416,0.7323943661971831,7986208856.843878,69971417637.12488,12119152884.325518,90277694082.64676,0.10005479452054795,0.0360609973763624,0.1035020270961199,0.0580416322299806,1.0,4,5
0.43209876543209874,0.0,0.0,0.2857142857142857,0.0,0.625,1,0.7885714285714286,0.07368071689346167,0.0,0.9966367713004485,0.9539473684210527,0.9785714285714285,0.6666666666666666,0.18263444772733056,0.0006017885423060444,26913613.48674595,0.6338028169014085,12119152884.325518,90277694082.64676,13637044159.270945,106221801332.0274,0.10010958904109589,-0.025838736813434,0.0208745513463048,0.0294353022109467,1.0,4,6
0.43209876543209874,0.0,1.0,1.0,0.0,0.875,1,0.7885714285714286,0.07368071689346167,0.0,0.0,0.9868421052631579,0.9928571428571429,0.6666666666666666,0.15394320799121305,0.0006682322709214563,24918238.078469217,0.704225352112676,13637044159.270945,106221801332.0274,13748749519.36168,113181872475.00755,0.05676712328767124,0.0109779177159684,0.00273043920628,0.0218413139791784,1.0,4,5
0.44814814814814813,0.0,0.5,0.2857142857142857,0.0,0.0,1,0.4057142857142857,0.9797543976103551,0.0,0.9977578475336323,0.39473684210526316,0.55,0.6666666666666666,0.0025621963727566442,,,0.38028169014084506,255995894.0777273,3902172216.269208,1691296662.3170233,10381252161.518972,0.6001643835616438,0.1321559774914374,0.1868911183660755,0.0553459251767236,1.0,3,5
0.44814814814814813,0.0,0.0,0.2857142857142857,0.0,0.625,1,0.5371428571428571,0.9913707268503154,0.0,0.9966367713004485,0.5921052631578947,0.5571428571428572,0.6666666666666666,0.022361057295395403,0.07942590908102365,413093800.49860746,0.4788732394366197,1691296662.3170233,10381252161.518972,1786619226.67108,10684681554.893536,0.0007671232876712325,0.0672652219000828,0.0563606412038133,0.029228592914765,1.0,4,5
0.44814814814814813,0.0,0.0,0.2857142857142857,0.0,0.625,1,0.49142857142857144,0.9857285097909061,0.0,0.9966367713004485,0.5921052631578947,0.6285714285714286,0.6666666666666666,0.022361057295395403,0.07942590908102365,413093800.49860746,0.5915492957746479,1691296662.3170233,10381252161.518972,3144576790.6990747,17168846684.352207,0.23161643835616438,0.0628649293956266,0.071605815859211,0.0544859972672127,1.0,4,5
0.44814814814814813,0.0,0.5,0.2857142857142857,0.0,0.0,1,0.56,0.989379356123465,0.0,0.9977578475336323,0.6644736842105263,0.7571428571428571,0.6666666666666666,0.041064132458070224,0.09292712059452485,847772278.54,0.5774647887323944,3144576790.6990747,17168846684.352207,7196757057.577577,36196627164.43434,0.36164383561643837,0.042960896466811,0.0678223684204485,0.0583301924085196,1.0,4,5
0.44814814814814813,0.0,0.5,0.2857142857142857,0.0,0.0,1,0.6057142857142858,0.9900431463657484,0.0,0.9977578475336323,0.7828947368421053,0.7714285714285715,0.6666666666666666,0.07656784226621487,0.10426561764306012,1727461265.94,0.7183098591549296,7196757057.577577,36196627164.43434,7489891963.88179,38795331361.618996,0.02498630136986302,0.0045650933398548,0.0203657636320769,0.0358970489899409,1.0,4,5
0.44814814814814813,0.0,0.5,0.2857142857142857,0.0,0.0,1,0.5885714285714285,0.9903750414868902,0.0,0.9977578475336323,0.7960526315789473,0.7785714285714286,0.6666666666666666,0.07728912205916103,0.10582217870333384,1769234693.677,0.7887323943661971,7489891963.88179,38795331361.618996,7611918756.589334,40098894653.77975,0.021424657534246577,0.0038775345342919,0.00814609832131,0.0168005175675647,1.0,4,5
0.44814814814814813,0.0,0.16666666666666666,0.42857142857142855,0.0,0.625,1,0.7028571428571428,0.07368071689346167,0.0,0.9988789237668162,0.8026315789473685,0.8214285714285714,0.6666666666666666,0.07790736188168632,0.10657490181555163,1795626512.575,0.5211267605633803,7611918756.589334,40098894653.77975,7360980657.126314,47192014400.92255,0.12898630136986303,-0.0052993355750155,-0.0047094958668937,0.0252700935965795,1.0,4,6
0.44814814814814813,0.0,0.0,0.2857142857142857,0.0,0.625,1,0.7028571428571428,0.997676734152008,0.0,0.9966367713004485,0.8421052631578947,0.8785714285714286,0.6666666666666666,0.07492715949186843,0.10987991262399209,1782589564.6298702,0.6056338028169014,7360980657.126314,47192014400.92255,5958705754.281805,59628765673.01684,0.16734246575342465,-0.0247174469289768,-0.0211667887467463,0.0292816755122008,1.0,4,6
0.44814814814814813,0.0,1.0,1.0,0.0,0.875,1,0.8228571428571428,0.07368071689346167,0.0,0.0,0.9013157894736842,0.9928571428571429,0.6666666666666666,0.06552894232078912,0.10854793299677754,1547057421.5048685,0.43661971830985913,6488776651.437299,62796055415.77486,13748749519.36168,113181872475.00755,0.32016438356164384,0.0773193179066367,0.0699281742337003,0.0501482703865976,1.0,4,5
0.44938271604938274,0.0,0.0,0.2857142857142857,0.0,0.625,1,0.8114285714285714,0.07368071689346167,0.0,0.9966367713004485,0.8421052631578947,0.8285714285714286,0.6666666666666666,0.09642644513048423,0.0010634709305215426,23940082.61203391,0.3380281690140845,7360980657.126314,47192014400.92255,6490489413.913117,47778114919.29238,0.007616438356164384,-0.1391634452270709,-0.1182575099379532,0.0124194850719994,1.0,5,6
0.44938271604938274,0.0,0.0,0.2857142857142857,0.0,0.625,1,0.7942857142857143,0.07368071689346167,0.0,0.9966367713004485,0.8486842105263158,0.8357142857142857,0.6666666666666666,0.08266901688648966,0.001040623951342275,20201098.66592449,0.39436619718309857,6490489413.913117,47778114919.29238,6025166797.226061,48709321632.52854,0.013808219178082193,-0.0762202096724271,-0.0716929937039236,0.019490235535855,1.0,4,6
0.44938271604938274,0.0,0.0,0.2857142857142857,0.0,0.625,1,0.8685714285714285,0.07368071689346167,0.0,0.9966367713004485,0.8486842105263158,0.8428571428571429,0.6666666666666666,0.08266901688648966,0.001040623951342275,20201098.66592449,0.2112676056338028,6490489413.913117,47778114919.29238,5486506564.154744,50046959415.1475,0.0406027397260274,-0.0288656854913953,-0.051561743433719,0.0158290359486952,1.0,4,6
0.44938271604938274,0.0,0.0,0.2857142857142857,0.0,0.625,1,0.7542857142857143,0.07368071689346167,0.0,0.9966367713004485,0.8618421052631579,0.85,0.6666666666666666,0.07529955265619048,0.000995285703331,17713296.678664826,0.5211267605633803,5486506564.154744,50046959415.1475,5419076683.2884445,51854384806.94821,0.008767123287671232,0.067209102766746,-0.0122901303548678,0.0361145894360499,1.0,4,5
0.44938271604938274,0.0,0.0,0.2857142857142857,0.25,0.625,1,0.7942857142857143,0.07368071689346167,0.0,0.9966367713004485,0.868421052631579,0.8642857142857143,0.6666666666666666,0.08052379469512778,0.0009797011437416392,18632898.16854398,0.43661971830985913,5419076683.2884445,51854384806.94821,5650661969.326844,56142944592.630035,0.038356164383561646,0.0851428281031774,0.021367596324349,0.041351949325481,1.0,4,5
0.44938271604938274,0.0,0.0,0.2857142857142857,0.0,0.625,1,0.7885714285714286,0.07368071689346167,0.0,0.9966367713004485,0.881578947368421,0.8785714285714286,0.6666666666666666,0.09464991108043906,0.0009485394351951516,21171919.151829883,0.4788732394366197,5650661969.326844,56142944592.630035,5958705754.281805,59628765673.01684,0.040438356164383564,0.005756433383069,0.0181715456010344,0.020696106493165,1.0,4,5
0.44938271604938274,0.0,0.0,0.2857142857142857,0.25,0.625,1,0.8685714285714285,0.07368071689346167,0.0,0.9966367713004485,0.8947368421052632,0.9,0.6666666666666666,0.09632644109422962,0.0009286937620708964,21126869.23198296,0.30985915492957744,5958705754.281805,59628765673.01684,7372352468.581502,67072928019.09664,0.05698630136986301,0.070731890779435,0.0790801880248284,0.0416139328172634,1.0,4,5
0.44938271604938274,0.0,0.0,0.2857142857142857,0.0,0.625,1,0.8,0.07368071689346167,0.0,0.9966367713004485,0.9144736842105263,0.9071428571428571,0.6666666666666666,0.11728247321781855,0.0009318803339317738,25689832.795823105,0.5211267605633803,7372352468.581502,67072928019.09664,7986208856.843878,69971417637.12488,0.023945205479452055,0.0318087038637737,0.0416323277324589,0.0216070007947394,1.0,4,5
0.44938271604938274,0.0,0.0,0.2857142857142857,0.0,0.625,1,0.9028571428571428,0.07368071689346167,0.0,0.9966367713004485,0.9210526315789473,0.9214285714285714,0.6666666666666666,0.12489837318225579,0.0009257369198092915,27160245.61394482,0.28169014084507044,7986208856.843878,69971417637.12488,9406050257.104614,77968730835.80147,0.04021917808219178,0.0463084828459031,0.0592622200642793,0.0380979999583593,1.0,4,5
0.44938271604938274,0.0,0.0,0.2857142857142857,0.0,0.625,1,0.8457142857142858,0.07368071689346167,0.0,0.9966367713004485,0.9342105263157895,0.9857142857142858,0.6666666666666666,0.14258774891053505,0.0009136724105313648,30566893.066842232,0.4507042253521127,9406050257.104614,77968730835.80147,13806769998.640896,109801891452.69542,0.17912328767123287,0.0072250897536987,0.0519845043142702,0.0453645686983201,1.0,4,5
0.44938271604938274,0.0,1.0,1.0,0.0,0.875,1,0.9771428571428571,0.07368071689346167,0.0,0.0,0.993421052631579,0.9928571428571429,0.6666666666666666,0.15201775019666755,0.0008817622281291828,31521829.424516454,0.2535211267605634,13806769998.640896,109801891452.69542,13748749519.36168,113181872475.00755,0.03534246575342466,0.0102329952947511,-0.0021011604917343,0.0153912695746607,1.0,4,5
0.45308641975308644,0.0,0.0,0.2857142857142857,0.0,0.625,1,0.72,0.07368071689346167,0.0,0.9966367713004485,0.8355263157894737,0.8428571428571429,0.6666666666666666,0.05943744718374348,0.0381631152942065,495935195.925,0.5492957746478874,7833175413.821,46715156894.540726,5486506564.154744,50046959415.1475,0.08010958904109589,-0.0837220084940846,-0.0599161572591812,0.0142643319303338,1.0,4,6
0.45308641975308644,0.0,0.0,0.2857142857142857,0.0,0.625,1,0.7428571428571429,0.07368071689346167,0.0,0.9966367713004485,0.8618421052631579,0.9214285714285714,0.6666666666666666,0.033538436412024523,0.03817464994327965,288418679.4546148,0.5492957746478874,5486506564.154744,50046959415.1475,9406050257.104614,77968730835.80147,0.2104657534246575,0.047384187886011,0.0649451795487697,0.0507192222282103,1.0,4,5
0.45308641975308644,0.0,0.0,0.2857142857142857,0.0,0.625,1,0.8342857142857143,0.07368071689346167,0.0,0.9966367713004485,0.9342105263157895,0.9571428571428572,0.6666666666666666,0.05228696485927717,0.03473967368989847,399366219.15652,0.4788732394366197,9406050257.104614,77968730835.80147,12280534834.274876,95439312780.60912,0.10186301369863014,0.0216659672868088,0.050933255698889,0.0373452745255015,1.0,4,5
0.45308641975308644,0.0,0.0,0.2857142857142857,0.0,0.125,1,0.8114285714285714,0.07368071689346167,0.0,0.9966367713004485,0.9671052631578947,0.9857142857142858,0.6666666666666666,0.05940015063380709,0.03382485337243396,439429747.803677,0.6056338028169014,12280534834.274876,95439312780.60912,13806769998.640896,109801891452.69542,0.07989041095890412,0.0056308219637201,0.0310702095829391,0.0376222812529629,1.0,4,5
0.45308641975308644,0.0,0.0,0.2857142857142857,0.0,0.625,1,0.8914285714285715,0.07368071689346167,0.0,0.9966367713004485,0.993421052631579,0.9928571428571429,0.6666666666666666,0.06079280529101063,0.033213898619116944,441233342.4573917,0.4647887323943662,13806769998.640896,109801891452.69542,13748749519.36168,113181872475.00755,0.0056986301369863004,-0.0874244405074232,-0.0042023209834687,0.0307825391493214,1.0,4,6
0.45308641975308644,0.0,1.0,1.0,0.0,0.875,1,0.8971428571428571,0.07368071689346167,0.0,0.0,0.993421052631579,0.9928571428571429,0.6666666666666666,0.06079280529101063,0.033213898619116944,441233342.4573917,0.4507042253521127,13806769998.640896,109801891452.69542,13748749519.36168,113181872475.00755,0.031342465753424656,-0.0437122202537116,-0.0021011604917343,0.0153912695746607,1.0,4,6
0.454320987654321,0.0,0.0,0.2857142857142857,0.0,0.625,1,0.72,0.07368071689346167,0.0,0.9966367713004485,0.8421052631578947,0.8428571428571429,0.6666666666666666,0.06950806562555654,0.007470822130671321,114005548.0261582,0.5633802816901409,7360980657.126314,47192014400.92255,5486506564.154744,50046959415.1475,0.047178082191780824,-0.0966439682739575,-0.0848833500265056,0.0201654527816973,1.0,5,6
0.454320987654321,0.0,0.0,0.2857142857142857,0.0,0.625,1,0.7942857142857143,0.07368071689346167,0.0,0.9966367713004485,0.8618421052631579,0.85,0.6666666666666666,0.048650456973320814,0.007495203110723152,81212665.16086525,0.4225352112676056,5486506564.154744,50046959415.1475,5419076683.2884445,51854384806.94821,0.00010958904109589036,-0.1183029242844695,-0.0122901303548678,0.0361145894360499,1.0,5,6
0.454320987654321,0.0,0.0,0.2857142857142857,0.0,0.625,1,0.7428571428571429,0.07368071689346167,0.0,0.9966367713004485,0.8618421052631579,0.85,0.6666666666666666,0.048650456973320814,0.007495203110723152,81212665.16086525,0.5492957746478874,5486506564.154744,50046959415.1475,5419076683.2884445,51854384806.94821,0.00947945205479452,-0.1183029242844695,-0.0122901303548678,0.0361145894360499,1.0,5,6
0.454320987654321,0.0,1.0,1.0,0.0,0.875,1,0.8342857142857143,0.07368071689346167,0.0,0.0,0.8618421052631579,0.9928571428571429,0.6666666666666666,0.048650456973320814,0.007495203110723152,81212665.16086525,0.323943661971831,5486506564.154744,50046959415.1475,13748749519.36168,113181872475.00755,0.42926027397260275,0.0583990147594163,0.0684509338633791,0.0573415210231454,1.0,4,5
0.45555555555555555,0.0,0.0,0.2857142857142857,0.0,0.625,1,0.7828571428571428,0.07368071689346167,0.0,0.9966367713004485,0.8421052631578947,0.8714285714285714,0.6666666666666666,0.050000731928472146,0.002452675459851647,27959801.30571475,0.4084507042253521,7360980657.126314,47192014400.92255,5667997926.22733,57448919778.54096,0.12613698630136988,-0.0552294141376839,-0.03285631182967,0.0310491555701421,1.0,4,6
0.45555555555555555,0.0,0.0,0.2857142857142857,0.0,0.625,1,0.8342857142857143,0.07368071689346167,0.0,0.9966367713004485,0.8881578947368421,0.9428571428571428,0.6666666666666666,0.029730077287819377,0.002110133806071792,14841976.050495312,0.38028169014084506,5667997926.22733,57448919778.54096,12119152884.325518,90277694082.64676,0.20367123287671232,0.0925966754509201,0.1034701565151664,0.0519493497728179,1.0,3,5
0.45555555555555555,0.0,1.0,1.0,0.0,0.875,1,0.8342857142857143,0.07368071689346167,0.0,0.0,0.9539473684210527,0.9928571428571429,0.6666666666666666,0.06248880095470328,0.0020890357360998897,29672469.342507787,0.5211267605633803,12119152884.325518,90277694082.64676,13748749519.36168,113181872475.00755,0.15463013698630138,-5.5314533169814606e-05,0.0168080707722549,0.0317135071751398,1.0,4,6
0.4580246913580247,0.0,0.0,0.2857142857142857,0.0,0.625,1,0.7428571428571429,0.07368071689346167,0.0,0.9966367713004485,0.8421052631578947,0.8285714285714286,0.6666666666666666,0.04470361024941305,0.005317196065077893,53426622.15889372,0.5070422535211268,7360980657.126314,47192014400.92255,6490489413.913117,47778114919.29238,0.009863013698630137,-0.2295542057992223,-0.1182575099379532,0.0124194850719994,1.0,7,7
0.4580246913580247,0.0,0.0,0.2857142857142857,0.0,0.5,1,0.76,0.07368071689346167,0.0,0.9966367713004485,0.8486842105263158,0.8357142857142857,0.6666666666666666,0.033883521039297364,0.0054003804119112635,41795293.85571441,0.4788732394366197,6490489413.913117,47778114919.29238,6025166797.226061,48709321632.52854,0.0037808219178082194,-0.2347298605946334,-0.0716929937039236,0.019490235535855,1.0,7,7
0.4580246913580247,0.0,0.16666666666666666,0.21428571428571427,0.25,0.125,1,0.7428571428571429,0.07368071689346167,0.0,0.9988789237668162,0.8486842105263158,0.8357142857142857,0.6666666666666666,0.033883521039297364,0.0054003804119112635,41795293.85571441,0.5211267605633803,6490489413.913117,47778114919.29238,6025166797.226061,48709321632.52854,0.00021917808219178072,-0.2347298605946334,-0.0716929937039236,0.019490235535855,1.0,7,7
0.4580246913580247,0.5,0.0,0.2857142857142857,0.0,0.625,1,0.8514285714285714,0.07368071689346167,0.5,0.9966367713004485,0.8486842105263158,0.8357142857142857,0.6666666666666666,0.033883521039297364,0.0054003804119112635,41795293.85571441,0.2535211267605634,6490489413.913117,47778114919.29238,6025166797.226061,48709321632.52854,0.001534246575342465,-0.2347298605946334,-0.0716929937039236,0.019490235535855,1.0,7,7
0.4580246913580247,0.5,0.16666666666666666,0.7142857142857143,0.0,0.625,1,0.7428571428571429,0.9953534683040159,0.5,0.9988789237668162,0.8486842105263158,0.8357142857142857,0.6666666666666666,0.033883521039297364,0.0054003804119112635,41795293.85571441,0.5211267605633803,6490489413.913117,47778114919.29238,6025166797.226061,48709321632.52854,0.02010958904109589,-0.1173649302973167,-0.0358464968519618,0.0097451177679275,1.0,5,6
0.4580246913580247,0.0,0.6666666666666666,0.2857142857142857,0.0,0.625,1,0.6571428571428571,0.996349153667441,0.0,0.9978699551569506,0.8552631578947368,0.9071428571428571,0.6666666666666666,0.0253592742062097,0.005486543832902943,32486436.880617794,0.7464788732394366,6025166797.226061,48709321632.52854,7986208856.843878,69971417637.12488,0.20235616438356166,0.0230290932792118,0.0295886498870743,0.0396827086441878,1.0,4,5
0.4580246913580247,0.0,1.0,1.0,0.0,0.875,1,0.8742857142857143,0.07368071689346167,0.0,0.0,0.9210526315789473,0.9928571428571429,0.6666666666666666,0.032399262998618596,0.0060728063596142785,44994638.54050113,0.352112676056338,7986208856.843878,69971417637.12488,13748749519.36168,113181872475.00755,0.2483287671232877,0.1714563707366309,0.0555047290399058,0.0475034128737165,1.0,2,4
0.4604938271604938,0.0,0.6666666666666666,0.2857142857142857,0.0,0.625,1,0.3028571428571429,0.9767673415200796,0.0,0.9978699551569506,0.35526315789473684,0.3,0.16666666666666666,0.013797180285444714,0.002222827290463334,7872480.0,0.5492957746478874,1336726010.6665368,3244941421.8856626,1276591570.335457,3237619941.9560475,0.020821917808219178,-0.0666666666666666,-0.0224931810450424,-0.0011281374573104,1.0,4,6
0.4604938271604938,0.0,0.0,0.2857142857142857,0.0,0.625,1,0.33714285714285713,0.9790906073680717,0.0,0.9966367713004485,0.3618421052631579,0.30714285714285716,0.16666666666666666,0.011633340906606225,0.0022235683536867942,6825000.0,0.4788732394366197,1276591570.335457,3237619941.9560475,1202528297.9692886,3233683011.2296357,0.010958904109589041,0.210164835164835,-0.0580164197282822,-0.001215995328974,1.0,2,4
0.4604938271604938,0.0,0.0,0.2857142857142857,0.0,0.625,1,0.32571428571428573,0.9794225024892134,0.0,0.9966367713004485,0.3684210526315789,0.35,0.16666666666666666,0.014589300058055232,0.002217639847899115,8238231.0,0.5211267605633803,1202528297.9692886,3233683011.2296357,1571703454.783999,4389125672.035584,0.11205479452054795,0.0673477109345441,0.0511665238201514,0.0595524595738787,1.0,4,5
0.4604938271604938,0.0,0.0,0.2857142857142857,0.0,0.625,1,0.42857142857142855,0.9761035512777962,0.0,0.9966367713004485,0.40789473684210525,0.39285714285714285,0.16666666666666666,0.021467218083649008,0.0023562186706861106,12261144.0,0.352112676056338,1571703454.783999,4389125672.035584,1676095510.981353,5274746126.337196,0.12,0.0180993442917452,0.0110699483289508,0.0336293421696019,1.0,4,5
0.4604938271604938,0.0,0.0,0.2857142857142857,0.25,0.625,1,0.3028571428571429,0.9767673415200796,0.0,0.9966367713004485,0.4473684210526316,0.4357142857142857,0.16666666666666666,0.024062537338624936,0.002483681545121208,14300264.0,0.7464788732394366,1676095510.981353,5274746126.337196,1954264520.2823267,6283610123.956657,0.12005479452054794,0.0555420515313563,0.0276604174681057,0.0318771739105486,1.0,4,5
0.4604938271604938,0.0,0.6666666666666666,0.2857142857142857,0.0,0.0,1,0.37142857142857144,0.9754397610355128,0.0,0.9978699551569506,0.4868421052631579,0.45714285714285713,0.16666666666666666,0.03289177480406414,0.0025948410286401884,19888610.0,0.6619718309859155,1954264520.2823267,6283610123.956657,2091568654.234436,6033654014.749514,0.07495890410958904,-0.0160437556973564,0.0175646813068419,-0.0099447652017019,1.0,4,6
0.4604938271604938,0.0,0.0,0.2857142857142857,0.0,0.25,1,0.46285714285714286,0.9807500829737803,0.0,0.9966367713004485,0.506578947368421,0.4857142857142857,0.16666666666666666,0.030624895454804766,0.002648197580729299,18981834.0,0.4788732394366197,2091568654.234436,6033654014.749514,2002685406.139349,5921553827.78953,0.07238356164383561,0.0360900058445353,-0.0106239936130163,-0.0046447884932559,1.0,4,5
0.4604938271604938,0.0,0.6666666666666666,0.2857142857142857,0.25,0.125,1,0.33714285714285713,0.9790906073680717,0.0,0.9978699551569506,0.5328947368421053,0.5,0.16666666666666666,0.0353969340849218,0.002675616919997314,21939390.0,0.8450704225352113,2002685406.139349,5921553827.78953,1669149353.4137225,5764995899.017727,0.031616438356164386,-0.0002553626149131,-0.0832722033383656,-0.0132193283490124,1.0,4,6
0.4604938271604938,0.0,0.0,0.2857142857142857,0.0,0.625,1,0.4057142857142857,0.9807500829737803,0.0,0.9966367713004485,0.5460526315789473,0.5714285714285714,0.16666666666666666,0.03537761409046788,0.002728232408862965,22345026.0,0.704225352112676,1669149353.4137225,5764995899.017727,2986791821.8589025,11951387652.483671,0.19967123287671235,0.0437574518821325,0.0789409567065017,0.1073095603505983,1.0,4,5
0.4604938271604938,0.0,0.6666666666666666,0.2857142857142857,0.0,0.625,1,0.5257142857142857,0.9907069366080319,0.0,0.9978699551569506,0.6118421052631579,0.75,0.16666666666666666,0.05192196934117051,0.0030807561842628246,36137548.0,0.5492957746478874,2986791821.8589025,11951387652.483671,7687644422.970206,35740398961.4584,0.510958904109589,0.0569403937294932,0.0605338550201128,0.0765569656032337,1.0,4,5
0.4604938271604938,0.0,0.0,0.2857142857142857,0.0,0.625,1,0.6571428571428571,0.07368071689346167,0.0,0.9966367713004485,0.7763157894736842,0.8428571428571429,0.16666666666666666,0.13238974624172686,0.00346482257470603,100487246.34,0.5774647887323944,7687644422.970206,35740398961.4584,10371409076.84282,50046959415.1475,0.24953424657534248,0.0141928658769432,0.0268539260604246,0.030791616273521,1.0,4,5
0.4604938271604938,0.0,0.0,0.2857142857142857,0.0,0.625,1,0.7371428571428571,0.07368071689346167,0.0,0.9966367713004485,0.8618421052631579,0.8857142857142857,0.16666666666666666,0.15726526571889016,0.0036785200122022585,126178674.31962472,0.5633802816901409,10371409076.84282,50046959415.1475,12716982889.102804,62796055415.77486,0.12010958904109591,0.0454657511217269,0.0323082399601964,0.0363918098111232,1.0,4,5
0.4604938271604938,0.0,0.0,0.2857142857142857,0.0,0.625,0,0.7714285714285715,0.07368071689346167,0.0,0.9966367713004485,0.9013157894736842,0.9714285714285714,0.16666666666666666,0.20809043617243128,0.0037436594695443807,169209762.4295918,0.5633802816901409,12716982889.102804,62796055415.77486,15627800975.63663,102883604981.64182,0.24016438356164385,0.0118250173579816,0.0176070916767052,0.049105913396882,1.0,4,5
0.4604938271604938,0.0,1.0,1.0,0.0,0.875,1,0.8,0.07368071689346167,0.0,0.0,0.9802631578947368,0.9928571428571429,0.16666666666666666,0.24045298600259055,0.003919884304083137,204190200.9555579,0.6619718309859155,15627800975.63663,102883604981.64182,16218715225.380728,113181872475.00755,0.07671232876712329,-0.0048277364066508,0.0094529334399849,0.0250240733088701,1.0,4,6
0.4728395061728395,0.0,0.0,0.2857142857142857,0.0,0.625,1,0.28,0.970461334218387,0.0,0.9966367713004485,0.27631578947368424,0.22142857142857142,0.16666666666666666,0.01896205880279135,0.0016188607633435413,7670498.0,0.43661971830985913,1184178249.5197396,2615939534.0905447,1260769464.349779,2822827774.268756,0.05315068493150685,0.0215733493879189,0.0215595962463426,0.0263625155808679,1.0,4,5
0.4728395061728395,0.0,0.0,0.2857142857142857,0.0,0.625,1,0.28,0.9694656488549618,0.0,0.9966367713004485,0.2894736842105263,0.22857142857142856,0.16666666666666666,0.020346658405321932,0.0016336820278127387,8237673.0,0.4647887323943662,1260769464.349779,2822827774.268756,1258557827.5476794,2760330548.1963253,0.007506849315068494,0.0212044105173876,-0.0017541960403044,-0.0221399359330805,1.0,4,5
0.4728395061728395,0.0,0.0,0.2857142857142857,0.0,0.625,1,0.22857142857142856,0.9714570195818122,0.0,0.9966367713004485,0.29605263157894735,0.24285714285714285,0.16666666666666666,0.02082965826666981,0.0016462801026115564,8473752.0,0.6056338028169014,1258557827.5476794,2760330548.1963253,1304775896.488697,3166254860.355937,0.03747945205479452,0.0296234772978959,0.0183615198004347,0.0735282070520237,1.0,4,5
0.4728395061728395,0.0,0.0,0.2857142857142857,0.0,0.625,1,0.21142857142857144,0.972784600066379,0.0,0.9966367713004485,0.3092105263157895,0.2571428571428571,0.16666666666666666,0.022207817871049085,0.0016744405051030314,9121184.0,0.676056338028169,1304775896.488697,3166254860.355937,1405992714.2469888,3179188159.666755,0.04098630136986301,0.0195155950514026,0.0258580338152776,0.0013615769925065,1.0,4,5
0.4728395061728395,0.0,0.0,0.2857142857142857,0.0,0.625,1,0.2742857142857143,0.975107865914371,0.0,0.9966367713004485,0.3223684210526316,0.2642857142857143,0.16666666666666666,0.023650377456941412,0.0017033419708179663,9813150.0,0.5492957746478874,1405992714.2469888,3179188159.666755,1463365997.0899105,4396657850.163141,0.018904109589041096,0.0901234567901234,0.0408062447703716,0.3829498693855233,1.0,4,5
0.4728395061728395,0.0,0.0,0.2857142857142857,0.25,0.625,1,0.22857142857142856,0.9714570195818122,0.0,0.9966367713004485,0.32894736842105265,0.3142857142857143,0.16666666666666666,0.02600097678216775,0.0017211274881810032,10803505.0,0.676056338028169,1463365997.0899105,4396657850.163141,1253465965.7360284,3564985722.0261664,0.14789041095890412,0.0091732729331823,-0.0179295569060726,-0.0236450093593851,1.0,4,5
0.4728395061728395,0.0,0.0,0.2857142857142857,0.0,0.625,1,0.3657142857142857,0.9697975439761035,0.0,0.9966367713004485,0.375,0.32142857142857145,0.16666666666666666,0.028087536183190584,0.0018604473741914585,12487265.0,0.43661971830985913,1253465965.7360284,3564985722.0261664,1261420789.5717978,3494210458.682645,0.02010958904109589,-0.0545473728634733,0.0031731311631977,-0.009926444151829,1.0,4,6
0.4728395061728395,0.0,0.0,0.2857142857142857,0.25,0.625,1,0.22285714285714286,0.9711251244606705,0.0,0.9966367713004485,0.3815789473684211,0.3357142857142857,0.16666666666666666,0.024758057138965877,0.0018849024605656342,11264296.0,0.8028169014084507,1261420789.5717978,3494210458.682645,1380847621.4286804,3902172216.269208,0.03402739726027398,0.0767408810990052,0.047338220855478,0.0583768153650895,1.0,4,5
0.4728395061728395,0.0,0.5,0.2857142857142857,0.25,0.0,1,0.3657142857142857,0.9697975439761035,0.0,0.9977578475336323,0.39473684210526316,0.34285714285714286,0.16666666666666666,0.028931175941011543,0.0019182503056213282,13212310.0,0.4788732394366197,1380847621.4286804,3902172216.269208,1492020254.8083704,4177978439.109769,0.004328767123287672,-0.0170431211498973,0.0805104282720683,0.0706801769769798,1.0,4,6
0.4728395061728395,0.0,0.0,0.2857142857142857,0.0,0.625,1,0.24571428571428572,0.974112180550946,0.0,0.9966367713004485,0.39473684210526316,0.34285714285714286,0.16666666666666666,0.028931175941011543,0.0019182503056213282,13212310.0,0.7746478873239436,1380847621.4286804,3902172216.269208,1492020254.8083704,4177978439.109769,0.021863013698630137,-0.0085215605749486,0.0402552141360341,0.0353400884884899,1.0,4,6
0.4728395061728395,0.0,0.0,0.2857142857142857,0.0,0.625,1,0.35428571428571426,0.976435446398938,0.0,0.9966367713004485,0.40131578947368424,0.35714285714285715,0.16666666666666666,0.028396656094453226,0.0019301073171966862,13063723.0,0.5211267605633803,1492020254.8083704,4177978439.109769,1588596213.1365623,4582082014.773711,0.033753424657534246,-0.0038646333820764,0.0323641579318223,0.0483611370371321,1.0,4,6
0.4728395061728395,0.0,0.0,0.2857142857142857,0.0,0.625,1,0.3657142857142857,0.9784268171257883,0.0,0.9966367713004485,0.4144736842105263,0.37142857142857144,0.16666666666666666,0.02815837616285494,0.0019553034667943218,13124250.0,0.5211267605633803,1588596213.1365623,4582082014.773711,1733315926.608084,4861352558.274555,0.0376986301369863,0.0516842105263157,0.0455495588730453,0.0304741973845524,1.0,4,5
0.4728395061728395,0.0,0.0,0.2857142857142857,0.0,0.625,1,0.2914285714285714,0.9820776634583471,0.0,0.9966367713004485,0.4276315789473684,0.37857142857142856,0.16666666666666666,0.03132041525514571,0.0019716068577104386,14596185.0,0.7323943661971831,1733315926.608084,4861352558.274555,1789587847.0889935,5654440675.939672,0.0014246575342465747,0.0648731158175921,0.0324648955317843,0.1631414525398276,1.0,4,5
0.4728395061728395,0.0,0.0,0.2857142857142857,0.25,0.625,1,0.35428571428571426,0.976435446398938,0.0,0.9966367713004485,0.4276315789473684,0.39285714285714285,0.16666666666666666,0.03132041525514571,0.0019716068577104386,14596185.0,0.5774647887323944,1733315926.608084,4861352558.274555,1676095510.981353,5274746126.337196,0.0646027397260274,0.0026712459454302,-0.0082530274412676,0.0212591847179958,1.0,4,5
0.4728395061728395,0.0,0.6666666666666666,0.2857142857142857,0.0,0.0,1,0.4,0.972784600066379,0.0,0.9978699551569506,0.4473684210526316,0.4,0.16666666666666666,0.031681055151618794,0.0020005083234253735,14958728.0,0.5070422535211268,1676095510.981353,5274746126.337196,1630336766.220339,5018502854.988797,0.014575342465753425,0.0432320181234662,-0.027300797872922,-0.0485792614869098,1.0,4,5
0.4728395061728395,0.0,0.0,0.2857142857142857,0.0,0.625,1,0.4057142857142857,0.9840690341851974,0.0,0.9966367713004485,0.45394736842105265,0.40714285714285714,0.16666666666666666,0.033155814728267646,0.0020138474614476514,15704892.0,0.5070422535211268,1630336766.220339,5018502854.988797,1683772438.4682732,5044728874.113239,0.0023013698630136976,0.0193630112196887,0.0327758493552321,0.0052258651399135,1.0,4,5
0.4728395061728395,0.0,0.0,0.2857142857142857,0.0,0.625,1,0.42857142857142855,0.9837371390640558,0.0,0.9966367713004485,0.45394736842105265,0.40714285714285714,0.16666666666666666,0.033155814728267646,0.0020138474614476514,15704892.0,0.4507042253521127,1630336766.220339,5018502854.988797,1683772438.4682732,5044728874.113239,0.01906849315068493,0.0193630112196887,0.0327758493552321,0.0052258651399135,1.0,4,5
0.4728395061728395,0.0,0.0,0.2857142857142857,0.5,0.625,1,0.35428571428571426,0.976435446398938,0.0,0.9966367713004485,0.4605263157894737,0.42142857142857143,0.16666666666666666,0.03384489453045728,0.0020257044730230093,16099114.0,0.647887323943662,1683772438.4682732,5044728874.113239,1810972054.2332587,5630779125.9489,0.040767123287671236,0.0250902420261553,0.0251814740240272,0.0387236041460323,1.0,4,5
0.4728395061728395,0.0,0.3333333333333333,0.8571428571428571,0.0,0.125,1,0.4057142857142857,0.9794225024892134,0.0,1.0,0.47368421052631576,0.45714285714285713,0.16666666666666666,0.036575453746610614,0.002048677432950265,17498673.0,0.5492957746478874,1810972054.2332587,5630779125.9489,2091568654.234436,6033654014.749514,0.10126027397260275,0.0104562214517638,0.0258237557508839,0.0119247822189769,1.0,4,5
0.4728395061728395,1.0,0.3333333333333333,0.8571428571428571,0.0,0.625,1,0.4514285714285714,0.9770992366412213,1.0,1.0,0.506578947368421,0.4928571428571429,0.16666666666666666,0.03902265304410653,0.0021109267437208943,19137201.0,0.5070422535211268,2091568654.234436,6033654014.749514,1747100826.3508208,5516514526.341848,0.10158904109589041,-0.0024079540158458,-0.0274489219041595,-0.0142848619632342,1.0,4,6
0.4728395061728395,0.0,0.0,0.2857142857142857,0.25,0.625,1,0.4057142857142857,0.9794225024892134,0.0,0.9966367713004485,0.5394736842105263,0.5,0.16666666666666666,0.03842373321603516,0.0021983722040891584,19609304.0,0.6901408450704225,1747100826.3508208,5516514526.341848,1669149353.4137225,5764995899.017727,0.002684931506849314,0.08921815889029,-0.0446176155155944,0.0450431828810307,1.0,4,5
0.4728395061728395,0.0,0.0,0.2857142857142857,0.0,0.625,1,0.5085714285714286,0.9910388317291736,0.0,0.9966367713004485,0.5394736842105263,0.5357142857142857,0.16666666666666666,0.03842373321603516,0.0021983722040891584,19609304.0,0.43661971830985913,1747100826.3508208,5516514526.341848,2335597921.60858,9334940849.93543,0.12772602739726027,0.0606647450909745,0.0481202986915477,0.0988829943607186,1.0,4,5
0.4728395061728395,0.0,0.0,0.2857142857142857,0.0,0.625,1,0.4857142857142857,0.9814138732160638,0.0,0.9966367713004485,0.5789473684210527,0.5642857142857143,0.16666666666666666,0.055773088235650914,0.0023501945677426054,29788082.098,0.5774647887323944,2335597921.60858,9334940849.93543,2857227492.418695,11398992120.516134,0.06345205479452055,0.0278269528656782,0.0558346929049818,0.055277566932708,1.0,4,5
0.4728395061728395,0.0,0.0,0.2857142857142857,0.25,0.625,1,0.5085714285714286,0.9910388317291736,0.0,0.9966367713004485,0.6052631578947368,0.6214285714285714,0.16666666666666666,0.06225172637586378,0.00244767254203007,34424895.996,0.5774647887323944,2857227492.418695,11398992120.516134,4123973043.0297217,15991243735.72246,0.17178082191780825,0.0296362670914642,0.0492608677457111,0.0447627451684093,1.0,4,5
0.4728395061728395,0.0,0.0,0.2857142857142857,0.0,0.625,1,0.5542857142857143,0.9880517756388981,0.0,0.9966367713004485,0.6578947368421053,0.6285714285714286,0.16666666666666666,0.07950448142320996,0.0026248837317192513,46649388.42,0.5774647887323944,4123973043.0297217,15991243735.72246,4366299249.677136,17168846684.352207,0.0015890410958904102,0.0418926353847362,0.0587603760060924,0.0736404852612637,1.0,4,5
0.4728395061728395,0.0,0.0,0.2857142857142857,0.5,0.625,1,0.5085714285714286,0.9910388317291736,0.0,0.9966367713004485,0.6578947368421053,0.6357142857142857,0.16666666666666666,0.07950448142320996,0.0026248837317192513,46649388.42,0.6901408450704225,4123973043.0297217,15991243735.72246,4551506105.075526,18075505373.698357,0.04098630136986301,0.0295789777044198,0.0345567294439048,0.0434458939409011,1.0,4,5
0.4728395061728395,0.0,0.0,0.2857142857142857,0.0,0.625,1,0.6,0.9970129439097245,0.0,0.9966367713004485,0.6710526315789473,0.6785714285714286,0.16666666666666666,0.08677523933603334,0.002666837543988985,51573115.356,0.49295774647887325,4551506105.075526,18075505373.698357,5862304481.569884,24246398728.449657,0.10854794520547946,0.034170757532005,0.0479987043934257,0.0568992238130407,1.0,4,5
0.4728395061728395,0.0,0.0,0.2857142857142857,0.0,0.625,1,0.5828571428571429,0.9900431463657484,0.0,0.9966367713004485,0.7105263157894737,0.6857142857142857,0.16666666666666666,0.10506483408573963,0.002800144443004287,65149526.988000005,0.6197183098591549,5862304481.569884,24246398728.449657,6128081587.469166,25373866516.69958,0.03183561643835616,0.0214773544212796,0.0226683130102539,0.0232502113175059,1.0,4,5
0.4728395061728395,0.0,0.0,0.2857142857142857,0.0,0.625,1,0.6171428571428571,0.9973448390308662,0.0,0.9966367713004485,0.7171052631578947,0.6928571428571428,0.16666666666666666,0.10968231276022533,0.002822350402495262,68469666.63599999,0.5492957746478874,6128081587.469166,25373866516.69958,6477801404.395305,28100062467.301537,0.019890410958904113,0.0368200356137629,0.0570684009235864,0.1074410929374021,1.0,4,5
0.4728395061728395,0.0,0.0,0.2857142857142857,0.25,0.625,1,0.5828571428571429,0.9900431463657484,0.0,0.9966367713004485,0.7236842105263158,0.7142857142857143,0.16666666666666666,0.11381035157521185,0.0028428104170317653,71489064.64999999,0.647887323943662,6477801404.395305,28100062467.301537,6875798601.395606,29537559377.26344,0.044712328767123284,0.0472760849492151,0.0204800555082496,0.017052119980571,1.0,4,5
0.4728395061728395,0.0,0.6666666666666666,0.2857142857142857,0.0,0.625,1,0.68,0.07368071689346167,0.0,0.9978699551569506,0.743421052631579,0.75,0.16666666666666666,0.13029674684255274,0.002891378959634102,82978992.72,0.4507042253521127,6875798601.395606,29537559377.26344,7687644422.970206,35740398961.4584,0.10153424657534248,0.0288613941452369,0.0196788249297523,0.0349997298071146,1.0,4,5
0.4728395061728395,0.0,0.0,0.2857142857142857,0.0,0.625,0,0.7485714285714286,0.07368071689346167,0.0,0.9966367713004485,0.7763157894736842,0.7571428571428571,0.16666666666666666,0.1532811002445604,0.0029458841597195754,99126694.658,0.352112676056338,7687644422.970206,35740398961.4584,7754525135.294905,36196627164.43434,0.013808219178082193,-0.0015716117291865,0.0086997666183497,0.0127650562453969,1.0,4,6
0.4728395061728395,0.0,0.0,0.2857142857142857,0.0,0.625,1,0.6857142857142857,0.07368071689346167,0.0,0.9966367713004485,0.7763157894736842,0.7857142857142857,0.16666666666666666,0.1532811002445604,0.0029458841597195754,99126694.658,0.5070422535211268,7687644422.970206,35740398961.4584,8532445840.436293,41482688664.595215,0.0913972602739726,0.0357748459406923,0.0219781605648115,0.032133327382994,1.0,4,5
0.4728395061728395,0.0,0.0,0.2857142857142857,0.25,0.625,0,0.7485714285714286,0.07368071689346167,0.0,0.9966367713004485,0.8092105263157895,0.8071428571428572,0.16666666666666666,0.18113409224895466,0.0029954568429896994,118764652.384,0.4225352112676056,8532445840.436293,41482688664.595215,9473954827.19554,46016341267.83971,0.06882191780821917,0.0038415660959865,0.0275861401398331,0.0273225576089158,1.0,4,5
0.4728395061728395,0.0,0.0,0.2857142857142857,0.0,0.625,1,0.6971428571428572,0.9943577829405907,0.0,0.9966367713004485,0.8289473684210527,0.8142857142857143,0.16666666666666666,0.18395481143922626,0.003039584193693841,122313001.764,0.5915492957746479,9473954827.19554,46016341267.83971,9591381662.311,46715156894.540726,0.020986301369863014,0.0084997581369635,0.0061973503809822,0.0075931246101633,1.0,4,5
0.4728395061728395,0.0,0.0,0.2857142857142857,0.5,0.625,0,0.7485714285714286,0.07368071689346167,0.0,0.9966367713004485,0.8355263157894737,0.8571428571428571,0.16666666666666666,0.18712329052966833,0.003051340420670809,124859204.604,0.4788732394366197,9591381662.311,46715156894.540726,10955380438.13993,53971480867.83615,0.11961643835616438,0.0775698368687583,0.0237018124508713,0.0258885425904221,1.0,4,5
0.4728395061728395,0.0,0.0,0.2857142857142857,0.0,0.625,1,0.8114285714285714,0.07368071689346167,0.0,0.9966367713004485,0.875,0.8642857142857143,0.16666666666666666,0.2753457491533149,0.0031551144681047877,189011160.01290104,0.4084507042253521,10955380438.13993,53971480867.83615,11327069879.276758,56142944592.630035,0.01956164383561644,0.0793667116811043,0.0339275704057553,0.0402335398228428,1.0,4,5
0.4728395061728395,0.0,0.0,0.2857142857142857,0.0,0.625,1,0.7942857142857143,0.07368071689346167,0.0,0.9966367713004485,0.881578947368421,0.8714285714285714,0.16666666666666666,0.2973920251300403,0.003172899985467825,205129709.75572604,0.4647887323943662,11327069879.276758,56142944592.630035,11737168626.134588,57448919778.54096,0.01736986301369863,0.0515556617378616,0.0362051926251572,0.0232616082997962,1.0,4,5
0.4728395061728395,0.0,0.0,0.2857142857142857,0.0,0.625,1,0.8057142857142857,0.07368071689346167,0.0,0.9966367713004485,0.8881578947368421,0.8785714285714286,0.16666666666666666,0.31284963130447807,0.003192175039910016,216978672.21407527,0.4507042253521127,11737168626.134588,57448919778.54096,12169619615.69527,59628765673.01684,0.0013150684931506845,0.0443749731424851,0.0368445749852961,0.0379440710613694,1.0,4,5
0.4728395061728395,0.0,0.0,0.2857142857142857,0.25,0.625,1,0.7942857142857143,0.07368071689346167,0.0,0.9966367713004485,0.8881578947368421,0.8857142857142857,0.16666666666666666,0.31284963130447807,0.003192175039910016,216978672.21407527,0.4788732394366197,11737168626.134588,57448919778.54096,12716982889.102804,62796055415.77486,0.02958904109589041,0.051915553495821,0.0417398051514106,0.0465381738929686,1.0,4,5
0.4728395061728395,0.0,0.0,0.2857142857142857,0.0,0.625,1,0.8628571428571429,0.07368071689346167,0.0,0.9966367713004485,0.9013157894736842,0.8928571428571429,0.16666666666666666,0.345585632127775,0.003236653654582077,242751286.38652185,0.3380281690140845,12716982889.102804,62796055415.77486,13075135897.277851,64760587194.60295,0.03183561643835616,0.0234864748971178,0.0140816816102642,0.0156421590959883,1.0,4,5
0.4728395061728395,0.0,0.0,0.2857142857142857,0.5,0.625,1,0.7942857142857143,0.07368071689346167,0.0,0.9966367713004485,0.9078947368421053,0.9214285714285714,0.16666666666666666,0.3619330288072592,0.003253698108721654,255455333.04751083,0.5211267605633803,13075135897.277851,64760587194.60295,14329977174.95897,77968730835.80147,0.07994520547945205,0.0509478136647627,0.0239928916903717,0.0509883565505226,1.0,4,5
0.4728395061728395,0.0,0.0,0.2857142857142857,0.25,0.625,1,0.8628571428571429,0.07368071689346167,0.0,0.9966367713004485,0.9342105263157895,0.9785714285714285,0.16666666666666666,0.4361873567335192,0.003334496231975484,314940771.6895364,0.4084507042253521,14329977174.95897,77968730835.80147,15657249414.207611,106221801332.0274,0.16005479452054794,0.0246953890359185,0.0115777595372586,0.0452955149348999,1.0,4,5
0.4728395061728395,0.0,1.0,1.0,0.0,0.875,0,0.8742857142857143,0.07368071689346167,0.0,0.0,0.9868421052631579,0.9928571428571429,0.16666666666666666,0.5228422859085022,0.0036732436420512243,414445305.0468938,0.49295774647887325,15657249414.207611,106221801332.0274,16218715225.380728,113181872475.00755,0.04416438356164384,0.005801972977474,0.0119532662117019,0.0218413139791784,1.0,4,5
0.4962962962962963,0.5,0.16666666666666666,0.42857142857142855,0.0,0.25,1,0.7028571428571428,0.9983405243942914,0.5,0.9988789237668162,0.7302631578947368,0.7428571428571429,0.3333333333333333,0.006957902248758771,0.00038205810910762913,933182.694,0.36619718309859156,675462577.2497042,27746656042.65312,765603906.5307871,35105310712.72682,0.12367123287671233,-0.0245933764452283,0.0190644651356901,0.0378869576147519,1.0,4,6
0.4962962962962963,0.5,0.16666666666666666,0.42857142857142855,0.0,0.125,1,0.7485714285714286,0.9983405243942914,0.5,0.9988789237668162,0.7697368421052632,0.8785714285714286,0.3333333333333333,0.005341462712781208,0.0004924120569027086,952269.892,0.3380281690140845,765603906.5307871,35105310712.72682,1247035825.4717865,59628765673.01684,0.3697534246575343,0.0021402560366259,0.0330961242927087,0.0367667492353746,1.0,4,6
0.4962962962962963,0.5,0.0,0.2857142857142857,0.0,0.625,1,0.7542857142857143,0.9953534683040159,0.5,0.9966367713004485,0.8947368421052632,0.8857142857142857,0.3333333333333333,0.005657553868513012,0.0007840804614552672,1485364.0214731863,0.5915492957746479,1247035825.4717865,59628765673.01684,1310948754.0093677,62796055415.77486,0.00038356164383561626,-0.0202549294464176,0.0512518784401414,0.0531168087584827,1.0,4,6
0.4962962962962963,0.5,0.0,0.2857142857142857,0.0,0.625,1,0.7942857142857143,0.9993362097577165,0.5,0.9966367713004485,0.8947368421052632,0.8857142857142857,0.3333333333333333,0.005657553868513012,0.0007840804614552672,1485364.0214731863,0.49295774647887325,1247035825.4717865,59628765673.01684,1310948754.0093677,62796055415.77486,0.015287671232876712,-0.0202549294464176,0.0512518784401414,0.0531168087584827,1.0,4,6
0.4962962962962963,0.0,0.16666666666666666,0.42857142857142855,0.0,0.625,1,0.8285714285714286,0.07368071689346167,0.0,0.9988789237668162,0.9013157894736842,0.9071428571428571,0.3333333333333333,0.005493708322670007,0.0008027018981343667,1486201.615752566,0.4225352112676056,1310948754.0093677,62796055415.77486,1599876650.880545,69971417637.12488,0.07145205479452055,-0.0098926389554716,0.0550990067284339,0.028566134344911,1.0,4,6
0.4962962962962963,0.5,0.0,0.2857142857142857,0.0,0.625,1,0.7942857142857143,0.9966810487885828,0.5,0.9966367713004485,0.9210526315789473,0.9142857142857143,0.3333333333333333,0.0051800988715140165,0.0008625649853254549,1522869.1873377883,0.5492957746478874,1599876650.880545,69971417637.12488,1727736948.4801033,74015814861.56413,0.0007671232876712325,0.0107681087185287,0.0799188471993679,0.0578007043592241,1.0,4,5
0.4962962962962963,0.0,0.0,0.2857142857142857,0.0,0.625,1,0.7885714285714286,0.07368071689346167,0.0,0.9966367713004485,0.9210526315789473,0.9214285714285714,0.3333333333333333,0.0051800988715140165,0.0008625649853254549,1522869.1873377883,0.5633802816901409,1599876650.880545,69971417637.12488,1865357237.5802343,77968730835.80147,0.04021917808219178,0.0125830578505869,0.0553127197969864,0.0380979999583593,1.0,4,5
0.4962962962962963,0.0,0.16666666666666666,0.42857142857142855,0.5,0.0,1,0.7485714285714286,0.9983405243942914,0.0,0.9988789237668162,0.9342105263157895,0.95,0.3333333333333333,0.005467434781584207,0.0009064974364018264,1653070.449583916,0.6901408450704225,1865357237.5802343,77968730835.80147,2508753646.0003195,90134685455.90204,0.06838356164383562,0.0133438968384943,0.0862296502055964,0.0390090825183543,1.0,4,5
0.4962962962962963,0.0,0.0,0.2857142857142857,0.0,0.625,1,0.8457142857142858,0.07368071689346167,0.0,0.9966367713004485,0.9605263157894737,0.9571428571428572,0.3333333333333333,0.0058890512061952754,0.0010053271100088812,1913611.6664173848,0.5070422535211268,2508753646.0003195,90134685455.90204,2732230766.461506,95439312780.60912,0.010410958904109589,0.0289026850491429,0.0890789419748223,0.058852230946125,1.0,4,5
0.4962962962962963,0.0,0.5,0.2857142857142857,0.25,0.0,1,0.8457142857142858,0.9993362097577165,0.0,0.9977578475336323,0.9605263157894737,0.9642857142857143,0.3333333333333333,0.0058890512061952754,0.0010053271100088812,1913611.6664173848,0.5070422535211268,2508753646.0003195,90134685455.90204,2920877102.875,99528621997.0122,0.046246575342465755,0.0312094849627197,0.0547580611766755,0.0347403684223431,1.0,4,5
0.4962962962962963,0.0,0.16666666666666666,0.42857142857142855,0.0,0.125,1,0.84,0.07368071689346167,0.0,0.9988789237668162,0.9802631578947368,0.9785714285714285,0.3333333333333333,0.006333222428082183,0.00108399393543204,2160239.084,0.5633802816901409,3037907344.1720467,102883604981.64182,3181616146.239904,106221801332.0274,0.005150684931506849,0.0124908155767817,0.0473051959084762,0.0324463392489138,1.0,4,5
0.4962962962962963,0.5,0.0,0.2857142857142857,0.0,0.5,1,0.7942857142857143,0.07368071689346167,0.5,0.9966367713004485,0.9802631578947368,0.9785714285714285,0.3333333333333333,0.006333222428082183,0.00108399393543204,2160239.084,0.676056338028169,3037907344.1720467,102883604981.64182,3181616146.239904,106221801332.0274,0.0015890410958904102,0.0124908155767817,0.0473051959084762,0.0324463392489138,1.0,4,5
0.4962962962962963,0.0,0.0,0.2857142857142857,0.0,0.625,1,0.8571428571428571,0.07368071689346167,0.0,0.9966367713004485,0.9802631578947368,0.9857142857142858,0.3333333333333333,0.006333222428082183,0.00108399393543204,2160239.084,0.5211267605633803,3037907344.1720467,102883604981.64182,3339346770.483352,109801891452.69542,0.04235616438356164,-0.0014695077149154,0.033075336864107,0.0224146062024429,1.0,4,6
0.4962962962962963,0.0,1.0,1.0,0.0,0.875,1,0.8514285714285714,0.07368071689346167,0.0,0.0,0.993421052631579,0.9928571428571429,0.3333333333333333,0.006294582439174353,0.0011402717587480295,2253617.03,0.5633802816901409,3339346770.483352,109801891452.69542,3445106737.2706604,113181872475.00755,0.030465753424657536,0.0140221402214022,0.0158354274138471,0.0153912695746607,1.0,4,5
0.5308641975308642,0.0,0.16666666666666666,0.42857142857142855,0.0,0.25,1,0.6114285714285714,0.9877198805177564,0.0,0.9988789237668162,0.6381578947368421,0.6571428571428571,0.3333333333333333,0.003048823370916616,0.0032386308112622685,3825022.038,0.39436619718309857,351991631.13564414,14025367456.334517,480887689.63563466,20870428352.946007,0.1632876712328767,0.0094007050528789,0.0406878545139547,0.0542276217869939,1.0,4,5
0.5308641975308642,0.5,0.16666666666666666,0.42857142857142855,0.0,0.25,1,0.7314285714285714,0.07368071689346167,0.5,0.9988789237668162,0.6907894736842105,0.8214285714285714,0.3333333333333333,0.0035125032378105787,0.003840826197277992,4898682.204,0.2112676056338028,480887689.63563466,20870428352.946007,918484388.4303116,47192014400.92255,0.44723287671232875,0.0124244044517472,0.0395642139233619,0.0548343697283572,1.0,4,5
0.5308641975308642,0.5,0.0,0.2857142857142857,0.0,0.625,1,0.8,0.07368071689346167,0.5,0.9966367713004485,0.8421052631578947,0.8285714285714286,0.3333333333333333,0.005211102222966637,0.006320484510159037,10269524.529067757,0.36619718309859156,918484388.4303116,47192014400.92255,922782911.790749,47778114919.29238,0.024,-0.030061617552619,0.002340008940045,0.0062097425359997,1.0,4,6
0.5308641975308642,0.0,0.0,0.2857142857142857,0.0,0.625,1,0.7885714285714286,0.07368071689346167,0.0,0.9966367713004485,0.8486842105263158,0.9,0.3333333333333333,0.004751597335169841,0.006548398504534119,9995130.597760022,0.4084507042253521,922782911.790749,47778114919.29238,1503265358.2641668,67072928019.09664,0.20021917808219183,0.0167841747114985,0.057186940528814,0.0367129159684729,1.0,4,5
0.5308641975308642,0.0,0.16666666666666666,0.42857142857142855,0.25,0.125,1,0.8,0.07368071689346167,0.0,0.9988789237668162,0.9144736842105263,0.9714285714285714,0.3333333333333333,0.006077804544536185,0.008064939927551333,14544531.426400391,0.5211267605633803,1503265358.2641668,67072928019.09664,3037907344.1720467,102883604981.64182,0.19583561643835615,0.0096763313532021,0.1020872314705597,0.0533906570358004,1.0,4,5
0.5308641975308642,0.5,0.0,0.2857142857142857,0.0,0.25,1,0.9371428571428572,0.07368071689346167,0.5,0.9966367713004485,0.9802631578947368,0.9785714285714285,0.3333333333333333,0.006901204181303297,0.010312503167350533,20347160.38496958,0.323943661971831,3037907344.1720467,102883604981.64182,3181616146.239904,106221801332.0274,0.0011506849315068488,-0.0034557424069886,0.0473051959084762,0.0324463392489138,1.0,4,6
0.5308641975308642,0.5,0.0,0.2857142857142857,0.0,0.0,1,0.7657142857142857,0.9996681048788583,0.5,0.9966367713004485,0.9802631578947368,0.9785714285714285,0.3333333333333333,0.006901204181303297,0.010312503167350533,20347160.38496958,0.7464788732394366,3037907344.1720467,102883604981.64182,3181616146.239904,106221801332.0274,0.027945205479452055,-0.0017278712034943,0.0236525979542381,0.0162231696244569,1.0,4,6
0.5308641975308642,0.0,1.0,1.0,0.0,0.875,1,0.7828571428571428,0.07368071689346167,0.0,0.0,0.9868421052631579,0.9928571428571429,0.3333333333333333,0.006868952362088727,0.01058820091837431,20814127.065083858,0.7183098591549296,3181616146.239904,106221801332.0274,3445106737.2706604,113181872475.00755,0.04646575342465754,0.0257622678903342,0.0276055290686312,0.0218413139791784,1.0,4,5
0.5320987654320988,0.0,0.0,0.2857142857142857,0.0,0.625,1,0.56,0.9956853634251577,0.0,0.9966367713004485,0.6381578947368421,0.7428571428571429,0.3333333333333333,0.012399700686611522,0.0023308802369495707,7530367.824,0.5211267605633803,351991631.13564414,14025367456.334517,765603906.5307871,35105310712.72682,0.4075616438356165,-0.0058309037900874,0.0559553719340387,0.0715708037495731,1.0,4,6
0.5320987654320988,0.0,0.0,0.2857142857142857,0.0,0.625,1,0.7257142857142858,0.07368071689346167,0.0,0.9966367713004485,0.7763157894736842,0.8857142857142857,0.3333333333333333,0.010081301352141712,0.004336092829717468,11610720.981,0.4084507042253521,774792450.1940928,35740398961.4584,1310948754.0093677,62796055415.77486,0.3852054794520548,0.0010428216029236,0.0345999953717258,0.0378502440382557,1.0,4,6
0.5320987654320988,0.0,0.0,0.2857142857142857,0.0,0.625,1,0.6742857142857143,0.07368071689346167,0.0,0.9966367713004485,0.9013157894736842,0.9714285714285714,0.3333333333333333,0.010342276143058207,0.0075441799791616145,20439620.2521662,0.8028169014084507,1310948754.0093677,62796055415.77486,3037907344.1720467,102883604981.64182,0.24016438356164385,0.0061221347323481,0.1013334564511153,0.049105913396882,1.0,4,5
0.5320987654320988,0.0,1.0,1.0,0.0,0.875,1,0.7828571428571428,0.07368071689346167,0.0,0.0,0.9802631578947368,0.9928571428571429,0.3333333333333333,0.011358921421746673,0.010777831586625455,31410375.612560973,0.704225352112676,3037907344.1720467,102883604981.64182,3445106737.2706604,113181872475.00755,0.07495890410958904,0.0141174830980887,0.033509859499154,0.0250240733088701,1.0,4,5
0.5333333333333333,0.0,0.16666666666666666,0.42857142857142855,0.0,0.25,1,0.6171428571428571,0.9953534683040159,0.0,0.9988789237668162,0.6381578947368421,0.6214285714285714,0.3333333333333333,0.007022302230271822,0.0014381977011594831,3031729.7479999997,0.38028169014084506,351991631.13564414,14025367456.334517,403664305.93668383,15991243735.72246,0.07643835616438358,-0.0064713896457765,0.0367002154527979,0.0350414398322957,1.0,4,6
0.5333333333333333,0.5,0.0,0.2857142857142857,0.0,0.625,1,0.5942857142857143,0.9897112512446067,0.5,0.9966367713004485,0.6578947368421053,0.6285714285714286,0.3333333333333333,0.00677758230052223,0.0015506073583364405,3170164.14,0.4788732394366197,403664305.93668383,15991243735.72246,423671335.0837482,17168846684.352207,0.004547945205479452,0.0433566433566434,0.0495635329971497,0.0736404852612637,1.0,4,5
0.5333333333333333,0.5,0.16666666666666666,0.42857142857142855,0.0,0.25,1,0.6,0.991702621971457,0.5,0.9988789237668162,0.6644736842105263,0.6357142857142857,0.3333333333333333,0.007176862185903142,0.001590951581284819,3388837.7879999997,0.4788732394366197,423671335.0837482,17168846684.352207,444424491.52914023,18075505373.698357,0.03726027397260274,0.0134048257372654,0.0244920469321929,0.0264041815392435,1.0,4,5
0.5333333333333333,0.5,0.16666666666666666,0.42857142857142855,0.0,0.25,1,0.6,0.9933620975771656,0.5,0.9988789237668162,0.6710526315789473,0.6428571428571429,0.3333333333333333,0.007434462111955344,0.001632804608956162,3566214.1119999997,0.49295774647887325,444424491.52914023,18075505373.698357,457928856.9221287,19030818060.72169,0.0012602739726027391,0.0110966057441252,0.0303861862934773,0.0528512297317789,1.0,4,5
0.5333333333333333,0.5,0.16666666666666666,0.42857142857142855,0.25,0.25,1,0.5942857142857143,0.9897112512446067,0.5,0.9988789237668162,0.6710526315789473,0.65,0.3333333333333333,0.007434462111955344,0.001632804608956162,3566214.1119999997,0.5070422535211268,444424491.52914023,18075505373.698357,463822259.78161573,19784467002.851566,0.03972602739726028,-0.002284595300261,0.0218234690281505,0.0472728588723144,1.0,4,6
0.5333333333333333,0.5,0.0,0.2857142857142857,0.0,0.25,1,0.6971428571428572,0.9910388317291736,0.5,0.9966367713004485,0.6842105263157895,0.6571428571428571,0.3333333333333333,0.007389382124896208,0.0017216499377535424,3732750.125,0.28169014084507044,463822259.78161573,19784467002.851566,480887689.63563466,20870428352.946007,0.012493150684931507,0.0131147540983607,0.0367930376218983,0.0548895934339761,1.0,4,5
0.5333333333333333,0.5,0.16666666666666666,0.42857142857142855,0.0,0.25,1,0.6285714285714286,0.07368071689346167,0.5,0.9988789237668162,0.6907894736842105,0.6642857142857143,0.3333333333333333,0.007518182087922309,0.0017686140784770883,3879617.055,0.4647887323943662,480887689.63563466,20870428352.946007,519882562.9212525,22012539042.75697,0.027178082191780823,0.0019417475728155,0.0405446782336682,0.0273619369592321,1.0,4,6
0.5333333333333333,0.5,0.0,0.2857142857142857,0.0,0.625,1,0.7485714285714286,0.996349153667441,0.5,0.9966367713004485,0.6973684210526315,0.6714285714285714,0.3333333333333333,0.007556822076830139,0.0018175553758808247,3997114.671,0.18309859154929578,519882562.9212525,22012539042.75697,565334207.4652337,23271103735.64346,0.00016438356164383557,-0.005157962604771,0.0874267532432431,0.0571748988356985,1.0,4,6
0.5333333333333333,0.5,0.0,0.2857142857142857,0.0,0.625,1,0.6971428571428572,0.9950215731828742,0.5,0.9966367713004485,0.6973684210526315,0.6714285714285714,0.3333333333333333,0.007556822076830139,0.0018175553758808247,3997114.671,0.30985915492957744,519882562.9212525,22012539042.75697,565334207.4652337,23271103735.64346,0.007945205479452053,-0.005157962604771,0.0874267532432431,0.0571748988356985,1.0,4,6
0.5333333333333333,0.0,0.0,0.2857142857142857,0.25,0.25,1,0.6171428571428571,0.9953534683040159,0.0,0.9966367713004485,0.7039473684210527,0.6857142857142857,0.3333333333333333,0.007505302091619699,0.0018683723043031383,4082305.842,0.5211267605633803,565334207.4652337,23271103735.64346,616066469.4245605,25373866516.69958,0.038410958904109595,0.0314322747893713,0.0448692660813796,0.0451796959212424,1.0,4,5
0.5333333333333333,0.5,0.16666666666666666,0.42857142857142855,0.0,0.25,1,0.6228571428571429,0.9960172585462994,0.5,0.9988789237668162,0.7171052631578947,0.6928571428571428,0.3333333333333333,0.008129981912296287,0.00197637485849018,4577951.760000001,0.5352112676056338,616066469.4245605,25373866516.69958,642111995.4363545,28100062467.301537,0.011068493150684932,0.0158536585365853,0.0422771361605216,0.1074410929374021,1.0,4,5
0.5333333333333333,0.5,0.0,0.2857142857142857,0.0,0.625,1,0.7142857142857143,0.07368071689346167,0.5,0.9966367713004485,0.7171052631578947,0.8214285714285714,0.3333333333333333,0.008129981912296287,0.00197637485849018,4577951.760000001,0.30985915492957744,616066469.4245605,25373866516.69958,918484388.4303116,47192014400.92255,0.3689315068493151,0.0055334232747879,0.0258360637515577,0.0452561525102247,1.0,4,5
0.5333333333333333,0.0,0.0,0.2857142857142857,0.0,0.625,1,0.72,0.07368071689346167,0.0,0.9966367713004485,0.8421052631578947,0.8571428571428571,0.3333333333333333,0.009240375855462593,0.0035960685768968905,9020546.709500767,0.5633802816901409,918484388.4303116,47192014400.92255,1092586232.6235435,53971480867.83615,0.10010958904109589,0.0025807439854113,0.0315922343348647,0.0239428448258153,1.0,4,5
0.5333333333333333,0.0,0.0,0.2857142857142857,0.25,0.625,1,0.7142857142857143,0.07368071689346167,0.0,0.9966367713004485,0.875,0.9285714285714286,0.3333333333333333,0.009421110377515371,0.004260531800263829,10810469.064298794,0.647887323943662,1092586232.6235435,53971480867.83615,2018949156.397588,82618841699.03532,0.20021917808219183,0.0014841267294619,0.07707841151354,0.0482533643367386,1.0,4,6
0.5333333333333333,0.0,1.0,1.0,0.0,0.875,1,0.8228571428571428,0.07368071689346167,0.0,0.0,0.9407894736842105,0.9928571428571429,0.3333333333333333,0.009614610790474211,0.005901926073043115,15130030.336693907,0.5211267605633803,2018949156.397588,82618841699.03532,3445106737.2706604,113181872475.00755,0.19484931506849315,0.0098617639231523,0.070638608028038,0.036992809566742,1.0,4,5
0.5530864197530864,0.0,0.16666666666666666,0.42857142857142855,0.0,0.0,1,0.6,0.9887155658811816,0.0,0.9988789237668162,0.7105263157894737,0.7428571428571429,0.3333333333333333,0.0268317365436861,0.0009748768221569153,6543360.0,0.5774647887323944,599365594.6681284,24246398728.449657,765603906.5307871,35105310712.72682,0.17457534246575343,-0.009927621283255,0.0308174571657268,0.0497618549271438,1.0,4,6
0.5530864197530864,0.5,0.16666666666666666,0.7142857142857143,0.0,0.0,1,0.8171428571428572,0.9920345170925987,0.5,0.9988789237668162,0.7697368421052632,0.8142857142857143,0.3333333333333333,0.024217097294256255,0.0012846412495631405,7688404.0,0.16901408450704225,765603906.5307871,35105310712.72682,905424191.4405546,46715156894.540726,0.20832876712328768,-0.0537809218331209,0.0166024949498946,0.0300649827776755,1.0,4,6
0.5530864197530864,1.0,0.0,0.2857142857142857,0.0,0.625,1,0.7828571428571428,0.07368071689346167,1.0,0.9966367713004485,0.8355263157894737,0.8428571428571429,0.3333333333333333,0.008451981819861539,0.0015217814810702984,3680820.0,0.39436619718309857,905424191.4405546,46715156894.540726,971492078.7846112,50046959415.1475,0.06580821917808219,-0.1881476949489682,0.0182422471060058,0.0178304149129173,1.0,6,7
0.5530864197530864,0.0,0.0,0.2857142857142857,0.0,0.625,1,0.7771428571428571,0.07368071689346167,0.0,0.9966367713004485,0.8618421052631579,0.85,0.3333333333333333,0.0002610871601904056,0.0014410055897131728,865093.5534579526,0.4647887323943662,971492078.7846112,50046959415.1475,1022880148.674654,51854384806.94821,0.02975342465753425,-0.0484805112566285,0.0264480128105276,0.0180572947180249,1.0,4,6
0.5530864197530864,0.0,0.0,0.2857142857142857,0.0,0.625,1,0.7714285714285715,0.07368071689346167,0.0,0.9966367713004485,0.868421052631579,0.8571428571428571,0.3333333333333333,0.0,0.0014454519690539319,783478.6784610746,0.49295774647887325,1022880148.674654,51854384806.94821,1092586232.6235435,53971480867.83615,0.020164383561643833,0.0178847238864231,0.0340734366774091,0.0204138576589985,1.0,4,5
0.5530864197530864,0.0,0.0,0.2857142857142857,0.0,0.625,0,0.7485714285714286,0.07368071689346167,0.0,0.9966367713004485,0.875,0.8642857142857143,0.3333333333333333,8.697752774367765e-05,0.0014862104463442248,833013.0035758741,0.5633802816901409,1092586232.6235435,53971480867.83615,1151928646.421357,56142944592.630035,0.01824657534246575,0.7944532242071143,0.054313711838853,0.0402335398228428,1.0,1,1
0.5530864197530864,0.0,0.0,0.2857142857142857,0.0,0.125,1,0.8,0.07368071689346167,0.0,0.9966367713004485,0.881578947368421,0.9071428571428571,0.3333333333333333,0.002087881526239007,0.0016247892691312203,1626036.7370702147,0.4507042253521127,1151928646.421357,56142944592.630035,1599876650.880545,69971417637.12488,0.12054794520547946,0.0305599258296289,0.0555525485579345,0.0351868995035375,1.0,4,5
0.5530864197530864,0.0,0.0,0.2857142857142857,0.0,0.625,1,0.7942857142857143,0.07368071689346167,0.0,0.9966367713004485,0.9210526315789473,0.9142857142857143,0.3333333333333333,0.003054689888589029,0.002118337375955493,2541250.364478321,0.5492957746478874,1599876650.880545,69971417637.12488,1727736948.4801033,74015814861.56413,0.0035068493150684915,-0.1068599647399941,0.0799188471993679,0.0578007043592241,1.0,5,6
0.5530864197530864,0.0,0.0,0.2857142857142857,0.0,0.625,1,0.8057142857142857,0.07368071689346167,0.0,0.9966367713004485,0.9210526315789473,0.9285714285714286,0.3333333333333333,0.003054689888589029,0.002118337375955493,2541250.364478321,0.5211267605633803,1599876650.880545,69971417637.12488,2018949156.397588,82618841699.03532,0.045205479452054796,-0.0323265386133381,0.0873135032600571,0.060250430289982,1.0,4,6
0.5530864197530864,0.0,1.0,1.0,0.0,0.875,0,0.7428571428571429,0.07368071689346167,0.0,0.0,0.9407894736842105,0.9928571428571429,0.3333333333333333,0.0025226301426967447,0.0023614061132503296,2547128.969135528,0.7183098591549296,2018949156.397588,82618841699.03532,3445106737.2706604,113181872475.00755,0.19923287671232875,0.0124409103231243,0.070638608028038,0.036992809566742,1.0,4,5
0.5555555555555556,0.0,0.16666666666666666,0.42857142857142855,0.0,0.125,1,0.5771428571428572,0.9860604049120478,0.0,0.9988789237668162,0.5855263157894737,0.6428571428571429,0.3333333333333333,0.00869670174961113,0.004043620371567456,9643969.728,0.36619718309859156,260041709.82658,9831337731.891596,457928856.9221287,19030818060.72169,0.27879452054794523,0.0177744708994708,0.0543558809490101,0.0668378765630247,1.0,4,5
0.5555555555555556,0.5,0.0,0.2857142857142857,0.0,0.625,1,0.6114285714285714,0.9926983073348822,0.5,0.9966367713004485,0.6776315789473685,0.6642857142857143,0.3333333333333333,0.011465900954672294,0.006018168509211806,17793747.998,0.4788732394366197,457928856.9221287,19030818060.72169,519882562.9212525,22012539042.75697,0.06213698630136986,-0.0053290083410565,0.033822778944055,0.039169637538984,1.0,4,6
0.5555555555555556,0.0,0.0,0.2857142857142857,0.0,0.625,1,0.7314285714285714,0.9883836707600399,0.0,0.9966367713004485,0.6973684210526315,0.6714285714285714,0.3333333333333333,0.011169661039712262,0.006584019931559389,19027109.376,0.22535211267605634,519882562.9212525,22012539042.75697,565334207.4652337,23271103735.64346,0.008383561643835616,0.0748106060606059,0.0874267532432431,0.0571748988356985,1.0,4,5
0.5555555555555556,0.0,0.16666666666666666,0.42857142857142855,0.0,0.125,1,0.6,0.9880517756388981,0.0,0.9988789237668162,0.6973684210526315,0.6857142857142857,0.3333333333333333,0.011169661039712262,0.006584019931559389,19027109.376,0.5492957746478874,519882562.9212525,22012539042.75697,616066469.4245605,25373866516.69958,0.047232876712328765,0.0194128787878788,0.0616702779712689,0.0509001932552108,1.0,4,5
0.5555555555555556,0.5,0.16666666666666666,0.7857142857142857,0.0,0.25,1,0.7028571428571428,0.9883836707600399,0.5,0.9988789237668162,0.7171052631578947,0.7285714285714285,0.3333333333333333,0.01196178081232278,0.006839398470059117,20905427.865,0.3380281690140845,616066469.4245605,25373866516.69958,716385709.2549777,32088474953.570343,0.12958904109589042,-0.0145094279322467,0.0232626196799187,0.0378038473586402,1.0,4,6
0.5555555555555556,0.0,0.16666666666666666,0.42857142857142855,0.0,0.0,1,0.7371428571428571,0.9883836707600399,0.0,0.9988789237668162,0.756578947368421,0.7357142857142858,0.3333333333333333,0.01049990123197654,0.00785252230624202,21527328.248000003,0.3380281690140845,716385709.2549777,32088474953.570343,740920005.9122581,33220383789.58506,0.018301369863013704,-0.0393426294820716,0.034247328415855,0.035274622357482,1.0,4,6
0.5555555555555556,0.5,0.0,0.2857142857142857,0.0,0.625,1,0.7942857142857143,0.07368071689346167,0.5,0.9966367713004485,0.7631578947368421,0.7428571428571429,0.3333333333333333,0.009991141378023441,0.00796962141149703,20985197.484,0.2112676056338028,740920005.9122581,33220383789.58506,765603906.5307871,35105310712.72682,0.006082191780821917,-0.0440642820114048,0.0333152032899111,0.0567400706470075,1.0,4,6
0.5555555555555556,0.0,0.16666666666666666,0.42857142857142855,0.0,0.25,1,0.72,0.9946896780617325,0.0,0.9988789237668162,0.7631578947368421,0.75,0.3333333333333333,0.009991141378023441,0.00796962141149703,20985197.484,0.39436619718309857,740920005.9122581,33220383789.58506,774792450.1940928,35740398961.4584,0.04542465753424657,-0.0188353205460514,0.0152389119884942,0.025285832415773,1.0,4,6
0.5555555555555556,0.5,0.0,0.2857142857142857,0.25,0.625,1,0.7942857142857143,0.07368071689346167,0.5,0.9966367713004485,0.7763157894736842,0.8928571428571429,0.3333333333333333,0.009289181579531193,0.008191334929881423,20343921.779999997,0.23943661971830985,774792450.1940928,35740398961.4584,1396210953.9824247,64760587194.60295,0.38065753424657534,0.0088765450336717,0.0401022560062801,0.0405985790259913,1.0,4,5
0.5555555555555556,0.0,0.0,0.2857142857142857,0.0,0.625,1,0.7428571428571429,0.07368071689346167,0.0,0.9966367713004485,0.9078947368421053,0.95,0.3333333333333333,0.011369985162819517,0.014936685807314472,43462708.876993656,0.647887323943662,1396210953.9824247,64760587194.60295,2508753646.0003195,90134685455.90204,0.16005479452054794,0.0379568622020063,0.0996037426189591,0.0489767375507477,1.0,4,5
0.5555555555555556,0.0,0.5,0.2857142857142857,0.0,0.0,1,0.7771428571428571,0.07368071689346167,0.0,0.9977578475336323,0.9605263157894737,0.9714285714285714,0.3333333333333333,0.015560908664155442,0.018359538266359852,69564816.16619387,0.676056338028169,2508753646.0003195,90134685455.90204,3037907344.1720467,102883604981.64182,0.07090410958904109,0.0602419838947994,0.0527307353409681,0.0353607478110553,1.0,4,5
0.5555555555555556,0.0,1.0,1.0,0.0,0.875,1,0.8571428571428571,0.07368071689346167,0.0,0.0,0.9802631578947368,0.9928571428571429,0.3333333333333333,0.019896529960823448,0.019875849959777793,93421852.34364368,0.5211267605633803,3037907344.1720467,102883604981.64182,3445106737.2706604,113181872475.00755,0.06876712328767123,0.0103502590164146,0.033509859499154,0.0250240733088701,1.0,4,5
0.591358024691358,0.0,0.16666666666666666,0.42857142857142855,0.0,0.25,1,0.5371428571428571,0.9844009293063392,0.0,0.9988789237668162,0.6381578947368421,0.6285714285714286,0.3333333333333333,0.02321245758265267,0.00023826220122747624,1775983.946,0.5774647887323944,351991631.13564414,14025367456.334517,423671335.0837482,17168846684.352207,0.07008219178082192,0.0398041185334003,0.0509100910416826,0.0560320297811154,1.0,4,5
0.591358024691358,0.5,0.3333333333333333,0.8571428571428571,0.0,0.25,1,0.5942857142857143,0.991702621971457,0.5,1.0,0.6644736842105263,0.6357142857142857,0.3333333333333333,0.027295416410580062,0.0002542610151587513,2158404.672,0.49295774647887325,423671335.0837482,17168846684.352207,444424491.52914023,18075505373.698357,0.00010958904109589036,0.0021663778162912,0.0489840938643859,0.052808363078487,1.0,4,6
0.591358024691358,1.0,0.5,0.2857142857142857,0.25,0.0,1,0.5371428571428571,0.9844009293063392,1.0,0.9977578475336323,0.6644736842105263,0.65,0.3333333333333333,0.027295416410580062,0.0002542610151587513,2158404.672,0.6338028169014085,423671335.0837482,17168846684.352207,463822259.78161573,19784467002.851566,0.07545205479452056,0.0144064124783362,0.0236922594078324,0.0380867213533226,1.0,4,5
0.591358024691358,0.0,0.5,0.2857142857142857,0.0,0.0,1,0.7257142857142858,0.07368071689346167,0.0,0.9977578475336323,0.6842105263157895,0.95,0.3333333333333333,0.029008455918827204,0.00027012866089947405,2387317.528,0.2112676056338028,463822259.78161573,19784467002.851566,2508753646.0003195,90134685455.90204,0.8311232876712329,0.0426049828414088,0.1049730613445357,0.0846626396870679,1.0,4,5
0.591358024691358,0.0,0.0,0.2857142857142857,0.0,0.625,0,0.7657142857142857,0.07368071689346167,0.0,0.9966367713004485,0.9605263157894737,0.9571428571428572,0.3333333333333333,0.08526761066398587,0.0010506283048589832,21001791.72601594,0.704225352112676,2508753646.0003195,90134685455.90204,2732230766.461506,95439312780.60912,0.007013698630136986,0.0961090853420902,0.0890789419748223,0.058852230946125,1.0,3,5
0.591358024691358,0.0,1.0,1.0,0.0,0.875,1,0.8628571428571429,0.07368071689346167,0.0,0.0,0.9605263157894737,0.9928571428571429,0.3333333333333333,0.08526761066398587,0.0010506283048589832,21001791.72601594,0.4647887323943662,2508753646.0003195,90134685455.90204,3445106737.2706604,113181872475.00755,0.12421917808219178,0.0373678781766899,0.0533191959830707,0.0365281719439123,1.0,4,5
0.6148148148148148,0.0,0.16666666666666666,0.42857142857142855,0.0,0.125,1,0.6628571428571428,0.9970129439097245,0.0,0.9988789237668162,0.6513157894736842,0.6785714285714286,0.3333333333333333,0.0046910228994994,0.005605630469723273,8503809.481999999,0.29577464788732394,381937754.3571376,15291081770.15114,599365594.6681284,24246398728.449657,0.16602739726027396,0.0280289330922242,0.063252843291458,0.0650729119460388,1.0,4,5
0.6148148148148148,0.5,0.3333333333333333,0.8571428571428571,0.0,0.125,1,0.6685714285714286,0.996349153667441,0.5,1.0,0.7105263157894737,0.7357142857142858,0.3333333333333333,0.006487782383713504,0.007324910487288191,13862208.775,0.4084507042253521,599365594.6681284,24246398728.449657,740920005.9122581,33220383789.58506,0.1642739726027397,-0.0336141195346971,0.0262415261335166,0.0411240226808322,1.0,4,6
0.6148148148148148,0.0,0.0,0.2857142857142857,0.0,0.125,1,0.5942857142857143,0.9903750414868902,0.0,0.9966367713004485,0.7631578947368421,0.7428571428571429,0.3333333333333333,0.0037894231583166954,0.008903115781129501,11725757.19,0.704225352112676,740920005.9122581,33220383789.58506,765603906.5307871,35105310712.72682,0.003726027397260274,-0.0559006211180124,0.0333152032899111,0.0567400706470075,1.0,4,6
0.6148148148148148,0.0,0.16666666666666666,0.42857142857142855,0.0,0.125,1,0.6342857142857142,0.9986724195154332,0.0,0.9988789237668162,0.7631578947368421,0.7428571428571429,0.3333333333333333,0.0037894231583166954,0.008903115781129501,11725757.19,0.6056338028169014,740920005.9122581,33220383789.58506,765603906.5307871,35105310712.72682,0.017917808219178082,-0.0559006211180124,0.0333152032899111,0.0567400706470075,1.0,4,6
0.6148148148148148,0.5,0.0,0.2857142857142857,0.0,0.625,1,0.6628571428571428,0.9923664122137404,0.5,0.9966367713004485,0.7697368421052632,0.75,0.3333333333333333,0.0034416632581462233,0.009107837460863182,11322223.728,0.5492957746478874,765603906.5307871,35105310712.72682,774792450.1940928,35740398961.4584,0.011671232876712328,0.0120614035087718,0.0120016938065821,0.0180909450974133,1.0,4,5
0.6148148148148148,0.0,0.16666666666666666,0.42857142857142855,0.25,0.125,1,0.6628571428571428,0.9970129439097245,0.0,0.9988789237668162,0.7697368421052632,0.7785714285714286,0.3333333333333333,0.0034416632581462233,0.009107837460863182,11322223.728,0.5492957746478874,765603906.5307871,35105310712.72682,795004765.5246563,40098894653.77975,0.09221917808219178,-0.0057017543859649,0.0076804359912672,0.0284491653238242,1.0,4,6
0.6148148148148148,0.5,0.16666666666666666,0.7142857142857143,0.0,0.25,1,0.6057142857142858,0.9920345170925987,0.5,0.9988789237668162,0.8026315789473685,0.7857142857142857,0.3333333333333333,0.0032742233062122922,0.010572937239160706,12751084.298,0.7605633802816901,795004765.5246563,40098894653.77975,815068387.0967947,41482688664.595215,0.010082191780821917,-0.0316027088036117,0.0252371085585854,0.034509530069678,1.0,4,6
0.6148148148148148,0.5,1.0,1.0,0.0,0.875,1,0.7771428571428571,0.07368071689346167,0.5,0.0,0.8092105263157895,0.9928571428571429,0.3333333333333333,0.0030939033579757513,0.010957534971935133,12793401.192,0.352112676056338,815068387.0967947,41482688664.595215,3445106737.2706604,113181872475.00755,0.5987945205479452,0.0454081256182667,0.1075590053468536,0.0576137389021318,1.0,4,5
0.6160493827160494,0.0,0.5,0.2857142857142857,0.0,0.0,1,0.4742857142857143,0.9880517756388981,0.0,0.9977578475336323,0.6578947368421053,0.7285714285714285,0.3333333333333333,0.004897102840341161,0.006545580982158524,10193268.564,0.7746478873239436,403664305.93668383,15991243735.72246,716385709.2549777,32088474953.570343,0.29408219178082196,0.0303456356180433,0.05164710688545,0.0671085229886931,1.0,4,5
0.6160493827160494,0.0,0.0,0.2857142857142857,0.0,0.625,1,0.6628571428571428,0.07368071689346167,0.0,0.9966367713004485,0.756578947368421,0.9,0.3333333333333333,0.008233021882717167,0.011082749460550254,24971966.64,0.5211267605633803,716385709.2549777,32088474953.570343,1503265358.2641668,67072928019.09664,0.48745205479452064,0.0073887666628408,0.0439360885536102,0.0436099915825183,1.0,4,5
0.6160493827160494,0.0,0.0,0.2857142857142857,0.0,0.625,1,0.7028571428571428,0.07368071689346167,0.0,0.9966367713004485,0.9144736842105263,0.9785714285714285,0.3333333333333333,0.01020298472979071,0.024262959063924686,64478128.43373074,0.7605633802816901,1503265358.2641668,67072928019.09664,3181616146.239904,106221801332.0274,0.20558904109589043,0.0381932353378133,0.1014972795871601,0.053061474846907,1.0,4,5
0.6160493827160494,0.0,1.0,1.0,0.0,0.875,1,0.8742857142857143,0.07368071689346167,0.0,0.0,0.9868421052631579,0.9928571428571429,0.3333333333333333,0.015511103402920856,0.0337293970186201,127157518.97417368,0.49295774647887325,3181616146.239904,106221801332.0274,3445106737.2706604,113181872475.00755,0.05457534246575343,0.0161759737536853,0.0276055290686312,0.0218413139791784,1.0,4,5
0.6358024691358025,0.0,0.16666666666666666,0.42857142857142855,0.0,0.25,1,0.6628571428571428,0.9873879853966147,0.0,0.9988789237668162,0.6447368421052632,0.6928571428571428,0.3333333333333333,0.005083862786729006,0.002164956181216906,3554574.636,0.28169014084507044,361504848.81833506,14545646569.21639,642111995.4363545,28100062467.301537,0.23397260273972603,0.0086403884604398,0.0646849660835004,0.0776544825834176,1.0,4,5
0.6358024691358025,0.5,0.16666666666666666,0.07142857142857142,0.0,0.0,1,0.7371428571428571,0.9933620975771656,0.5,0.9988789237668162,0.7236842105263158,0.8428571428571429,0.3333333333333333,0.005863102563036916,0.002953395576552564,5293471.344,0.2676056338028169,642111995.4363545,28100062467.301537,971492078.7846112,50046959415.1475,0.41534246575342465,-0.0214693470867883,0.0244268382855357,0.0371917440420611,1.0,4,6
0.6358024691358025,0.5,0.0,0.2857142857142857,0.0,0.125,1,0.6857142857142857,0.9946896780617325,0.5,0.9966367713004485,0.8618421052631579,0.85,0.3333333333333333,0.002123376960557213,0.004348389291784338,4238308.120425315,0.6901408450704225,971492078.7846112,50046959415.1475,1022880148.674654,51854384806.94821,0.0056986301369863004,0.4834480928606639,0.0528960256210553,0.0361145894360499,1.0,1,2
0.6358024691358025,0.0,1.0,1.0,0.0,0.875,1,0.8514285714285714,0.07368071689346167,0.0,0.0,0.8618421052631579,0.9928571428571429,0.3333333333333333,0.002123376960557213,0.004348389291784338,4238308.120425315,0.28169014084507044,971492078.7846112,50046959415.1475,3445106737.2706604,113181872475.00755,0.42931506849315065,0.064332587186653,0.1157364351049046,0.0573415210231454,1.0,4,5
0.6419753086419753,0.0,0.0,0.2857142857142857,0.0,0.625,1,0.6171428571428571,0.9973448390308662,0.0,0.9966367713004485,0.75,0.8785714285714286,0.3333333333333333,0.023560217482823144,9.449371268659132e-05,1017072.0,0.6197183098591549,712389585.4312688,30733214214.56724,1247035825.4717865,59628765673.01684,0.43753424657534246,-0.0237126341097512,0.0341134995752519,0.0427366349654277,1.0,4,6
0.6419753086419753,0.0,1.0,1.0,0.0,0.875,1,0.7942857142857143,0.07368071689346167,0.0,0.0,0.8947368421052632,0.9928571428571429,0.3333333333333333,0.010000851556533671,0.0003864726227297796,1247108.0337140218,0.49295774647887325,1247035825.4717865,59628765673.01684,3445106737.2706604,113181872475.00755,0.33320547945205475,0.0307901984921223,0.1036845023120555,0.0528299171968907,1.0,4,5
0.6518518518518519,0.5,0.16666666666666666,0.7857142857142857,0.0,0.0,1,0.6628571428571428,0.9867241951543312,0.5,0.9988789237668162,0.7302631578947368,0.7071428571428572,0.3333333333333333,0.003963303108401931,0.024379403266069646,32791204.736677952,0.4647887323943662,675462577.2497042,27746656042.65312,665776256.744163,28234680865.07181,0.003945205479452055,-0.0211480362537764,-0.0143402770660977,0.0175885995656011,1.0,4,6
0.6518518518518519,0.0,0.16666666666666666,0.42857142857142855,0.0,0.0,1,0.6457142857142857,0.9877198805177564,0.0,0.9988789237668162,0.7302631578947368,0.7214285714285714,0.3333333333333333,0.003963303108401931,0.024379403266069646,32791204.736677952,0.5070422535211268,675462577.2497042,27746656042.65312,712389585.4312688,30733214214.56724,0.043726027397260274,-0.0053709298422289,0.0182230713318079,0.03587889614906,1.0,4,6
0.6518518518518519,0.0,0.16666666666666666,0.7142857142857143,0.0,0.125,1,0.7371428571428571,0.07368071689346167,0.0,0.9988789237668162,0.75,0.8214285714285714,0.3333333333333333,0.0038602631379810507,0.026184399706051152,34642511.02021681,0.323943661971831,712389585.4312688,30733214214.56724,918484388.4303116,47192014400.92255,0.2855890410958904,-0.0113415146786659,0.0192867130770191,0.0357025249001431,1.0,4,6
0.6518518518518519,0.0,0.16666666666666666,0.7142857142857143,0.0,0.125,1,0.7257142857142858,0.9966810487885828,0.0,0.9988789237668162,0.8421052631578947,0.8285714285714286,0.3333333333333333,0.002789871704606383,0.03779110526134576,41447817.05510645,0.5492957746478874,918484388.4303116,47192014400.92255,922782911.790749,47778114919.29238,0.00032876712328767113,-0.1263221539271779,0.00468001788009,0.0124194850719994,1.0,5,6
0.6518518518518519,0.5,0.5,0.2857142857142857,0.0,0.0,1,0.84,0.9993362097577165,0.5,0.9977578475336323,0.8421052631578947,0.9714285714285714,0.3333333333333333,0.002789871704606383,0.03779110526134576,41447817.05510645,0.2676056338028169,918484388.4303116,47192014400.92255,3037907344.1720467,102883604981.64182,0.42498630136986304,0.0269651001435329,0.104887364763826,0.0536411926386798,1.0,4,5
0.6518518518518519,0.0,1.0,1.0,0.0,0.875,1,0.8971428571428571,0.07368071689346167,0.0,0.0,0.9802631578947368,0.9928571428571429,0.3333333333333333,0.005887425799267242,0.06665237570704018,116345230.04734804,0.4225352112676056,3037907344.1720467,102883604981.64182,3445106737.2706604,113181872475.00755,0.06728767123287671,0.0598955752703431,0.033509859499154,0.0250240733088701,1.0,4,5
0.6950617283950618,0.0,0.0,0.2857142857142857,0.0,0.625,1,0.6914285714285714,0.07368071689346167,0.0,0.9966367713004485,0.8355263157894737,0.9214285714285714,0.3333333333333333,0.029813455687740333,0.00099753038383486,7363138.983,0.6197183098591549,905424191.4405546,46715156894.540726,1865357237.5802343,77968730835.80147,0.3002191780821918,0.0224757303389509,0.0662626600337185,0.0418140171451949,1.0,4,5
0.6950617283950618,0.0,0.0,0.2857142857142857,0.0,1.0,1,0.7257142857142858,0.07368071689346167,0.0,0.9966367713004485,0.9342105263157895,0.9928571428571429,0.3333333333333333,0.0414091599244315,0.0014343063781730955,14023333.657334566,0.7464788732394366,1865357237.5802343,77968730835.80147,3445106737.2706604,113181872475.00755,0.2001095890410959,0.0371058243504145,0.0846888450032068,0.0451631586941736,1.0,4,5
0.6950617283950618,0.0,1.0,1.0,0.0,0.875,1,0.76,0.07368071689346167,0.0,0.0,1.0,1.0,0.3333333333333333,0.057676640882473,0.0016920629885569072,22473213.97970162,0.8028169014084507,3445106737.2706604,113181872475.00755,3492460877.5528216,116773716558.88168,0.015616438356164384,-0.0193960274137919,0.0137453332780268,0.0317351533892251,1.0,4,6
0.7148148148148148,0.5,0.16666666666666666,0.7142857142857143,0.0,0.125,1,0.6342857142857142,0.991702621971457,0.5,0.9988789237668162,0.7368421052631579,0.7142857142857143,0.3333333333333333,0.004253103025210658,0.00011227923004962816,286488.0,0.5492957746478874,665776256.744163,28234680865.07181,697451798.0894887,29537559377.26344,0.001534246575342465,-0.0279383429672447,0.0475768563754859,0.0461446162050789,1.0,4,6
0.7148148148148148,0.5,0.16666666666666666,0.42857142857142855,0.0,0.0,1,0.7371428571428571,0.9880517756388981,0.5,0.9988789237668162,0.7368421052631579,0.7285714285714285,0.3333333333333333,0.004253103025210658,0.00011227923004962816,286488.0,0.29577464788732394,665776256.744163,28234680865.07181,716385709.2549777,32088474953.570343,0.05556164383561644,-0.0237636480411046,0.0253385688250631,0.0454971683809128,1.0,4,6
0.7148148148148148,0.5,0.16666666666666666,0.5,0.0,0.125,1,0.6914285714285714,0.997676734152008,0.5,0.9988789237668162,0.756578947368421,0.8071428571428572,0.3333333333333333,0.003776543162014085,0.00014414494865840253,307516.0,0.4507042253521127,716385709.2549777,32088474953.570343,897789523.357768,46016341267.83971,0.23216438356164384,0.0124481327800829,0.0211017393469324,0.0361704795216505,1.0,4,5
0.7148148148148148,0.0,0.16666666666666666,0.35714285714285715,0.0,0.25,1,0.6285714285714286,0.9973448390308662,0.0,0.9988789237668162,0.8289473684210527,0.85,0.3333333333333333,0.00470390289580201,0.00021973339745130912,466468.0,0.7605633802816901,897789523.357768,46016341267.83971,1022880148.674654,51854384806.94821,0.11567123287671233,0.0088653500771538,0.0232219657396316,0.0211448200728228,1.0,4,5
0.7148148148148148,0.5,0.3333333333333333,0.8571428571428571,0.25,0.125,1,0.6914285714285714,0.997676734152008,0.5,1.0,0.868421052631579,0.8571428571428571,0.3333333333333333,0.005083456083540953,0.000265679317305821,563630.4972521397,0.6901408450704225,1022880148.674654,51854384806.94821,1092586232.6235435,53971480867.83615,0.00032876712328767113,-0.0217109096521413,0.0681468733548182,0.040827715317997,1.0,4,6
0.7148148148148148,0.0,0.0,0.2857142857142857,0.0,0.625,1,0.8,0.07368071689346167,0.0,0.9966367713004485,0.868421052631579,0.8571428571428571,0.3333333333333333,0.005083456083540953,0.000265679317305821,563630.4972521397,0.4225352112676056,1022880148.674654,51854384806.94821,1092586232.6235435,53971480867.83615,0.006191780821917807,-0.0217109096521413,0.0681468733548182,0.040827715317997,1.0,4,6
0.7148148148148148,0.0,0.0,0.2857142857142857,0.25,0.25,1,0.6285714285714286,0.9973448390308662,0.0,0.9966367713004485,0.875,0.8642857142857143,0.3333333333333333,0.0049202970530043515,0.0002738310127638795,563951.1839044696,0.8591549295774648,1092586232.6235435,53971480867.83615,1151928646.421357,56142944592.630035,0.0032328767123287654,0.0315179461611851,0.054313711838853,0.0402335398228428,1.0,4,5
0.7148148148148148,0.0,0.5,0.2857142857142857,0.25,0.0,1,0.7314285714285714,0.9946896780617325,0.0,0.9977578475336323,0.875,0.8714285714285714,0.3333333333333333,0.0049202970530043515,0.0002738310127638795,563951.1839044696,0.6056338028169014,1092586232.6235435,53971480867.83615,1200031003.9771411,57448919778.54096,0.05238356164383562,0.0111663211446938,0.0327799515636701,0.0214770149888374,1.0,4,5
0.7148148148148148,0.0,0.16666666666666666,0.42857142857142855,0.0,0.25,1,0.7142857142857143,0.9966810487885828,0.0,0.9988789237668162,0.8881578947368421,0.8785714285714286,0.3333333333333333,0.0051665784879092415,0.0002916165301269164,611159.2213526613,0.676056338028169,1200031003.9771411,57448919778.54096,1247035825.4717865,59628765673.01684,0.009589041095890411,0.0079778609568406,0.0391696725658434,0.0379440710613694,1.0,4,5
0.7148148148148148,0.5,0.0,0.2857142857142857,0.0,0.625,1,0.8628571428571429,0.07368071689346167,0.5,0.9966367713004485,0.8947368421052632,0.9,0.3333333333333333,0.005227195819524468,0.00030125035203189466,631495.3015936064,0.323943661971831,1247035825.4717865,59628765673.01684,1503265358.2641668,67072928019.09664,0.05463013698630137,0.011379442714744,0.0684902891477188,0.0416139328172634,1.0,4,5
0.7148148148148148,0.0,0.0,0.2857142857142857,0.0,0.625,1,0.8971428571428571,0.07368071689346167,0.0,0.9966367713004485,0.9144736842105263,0.9071428571428571,0.3333333333333333,0.00548865481838241,0.00033311607064066904,705937.3001348873,0.28169014084507044,1503265358.2641668,67072928019.09664,1599876650.880545,69971417637.12488,0.006794520547945206,0.0082899248047474,0.0642676238664448,0.0432140015894788,1.0,4,5
0.7148148148148148,0.0,0.0,0.2857142857142857,0.25,0.625,1,0.8628571428571429,0.07368071689346167,0.0,0.9966367713004485,0.9144736842105263,0.9285714285714286,0.3333333333333333,0.00548865481838241,0.00033311607064066904,705937.3001348873,0.36619718309859156,1503265358.2641668,67072928019.09664,2018949156.397588,82618841699.03532,0.08,0.0321474059869207,0.0857606069511382,0.0579440697575948,1.0,4,5
0.7148148148148148,0.0,0.0,0.2857142857142857,0.0,0.625,1,0.8571428571428571,0.07368071689346167,0.0,0.9966367713004485,0.9407894736842105,0.9642857142857143,0.3333333333333333,0.006507119343073343,0.00038202624338902035,888321.6859538679,0.43661971830985913,2018949156.397588,82618841699.03532,2920877102.875,99528621997.0122,0.10005479452054795,0.0131119874628742,0.0893462763655448,0.0409344404986358,1.0,4,5
0.7148148148148148,0.0,1.0,1.0,0.0,0.875,1,0.88,0.07368071689346167,0.0,0.0,0.9736842105263158,0.9928571428571429,0.3333333333333333,0.007093142209936177,0.0004427934277127296,1067838.0,0.4507042253521127,2920877102.875,99528621997.0122,3445106737.2706604,113181872475.00755,0.09205479452054795,0.0293441514536849,0.0358953571774495,0.0274358274113455,1.0,4,5
0.7580246913580246,0.5,0.16666666666666666,0.5714285714285714,0.0,0.25,1,0.5428571428571428,0.9953534683040159,0.5,0.9988789237668162,0.618421052631579,0.7928571428571428,0.5,0.009463061529616429,0.0028355746757179035,7297218.103,0.5211267605633803,351443827.387,12402988214.360376,1830131290.226,42930313200.45056,0.6061369863013698,0.055818502541174,0.1357246645362934,0.0793963843137392,1.0,4,5
0.7580246913580246,0.5,0.16666666666666666,0.21428571428571427,0.0,0.125,1,0.7314285714285714,0.07368071689346167,0.5,0.9988789237668162,0.8157894736842105,0.9642857142857143,0.5,0.030045295621187313,0.0056346964514738165,38972399.817,0.4788732394366197,1830131290.226,42930313200.45056,8077858457.570001,99528621997.0122,0.46405479452054804,0.0445667261550664,0.1422422351315862,0.0549323471159453,1.0,4,5
0.7580246913580246,0.0,0.0,0.2857142857142857,0.0,0.625,1,0.76,0.07368071689346167,0.0,0.9966367713004485,0.9736842105263158,0.9714285714285714,0.5,0.06478264564932666,0.0077720939735366965,110760053.25,0.7464788732394366,8077858457.570001,99528621997.0122,8412689753.41546,102883604981.64182,5.479452054794518e-05,0.0300708845277526,0.0414505029525094,0.0337087253627437,1.0,4,5
0.7580246913580246,0.0,0.0,0.2857142857142857,0.0,0.625,1,0.7142857142857143,0.07368071689346167,0.0,0.9966367713004485,0.9736842105263158,0.9714285714285714,0.5,0.06478264564932666,0.0077720939735366965,110760053.25,0.8591549295774648,8077858457.570001,99528621997.0122,8412689753.41546,102883604981.64182,0.01819178082191781,0.0300708845277526,0.0414505029525094,0.0337087253627437,1.0,4,5
0.7580246913580246,0.0,0.0,0.2857142857142857,0.0,1.0,1,0.7828571428571428,0.07368071689346167,0.0,0.9966367713004485,0.9736842105263158,0.9857142857142858,0.5,0.06478264564932666,0.0077720939735366965,110760053.25,0.6901408450704225,8077858457.570001,99528621997.0122,8966811156.347523,109801891452.69542,0.061041095890410964,0.0155164653625999,0.0275120164412034,0.0258048118459623,1.0,4,5
0.7580246913580246,0.0,1.0,1.0,0.0,0.875,1,0.6742857142857143,0.07368071689346167,0.0,0.0,0.993421052631579,0.9928571428571429,0.5,0.06895435664174482,0.008056543681229532,121889253.86027785,1.0,8966811156.347523,109801891452.69542,9249129498.157888,113181872475.00755,0.02,-0.001957681330943,0.0314848095814432,0.0307825391493214,1.0,4,6
0.7753086419753087,0.5,0.16666666666666666,0.5714285714285714,0.0,0.25,1,0.4228571428571429,0.9844009293063392,0.5,0.9988789237668162,0.5789473684210527,0.55,0.5,0.014750300011837858,0.012362578986603466,44840296.944,0.7323943661971831,251299408.288,9334940849.93543,288387396.447,10381252161.518972,0.04613698630136986,-0.0171164417791104,0.0491949535571469,0.0373618261541449,1.0,4,6
0.7753086419753087,0.5,0.16666666666666666,0.21428571428571427,0.25,0.125,1,0.6342857142857142,0.9887155658811816,0.5,0.9988789237668162,0.5921052631578947,0.7357142857142858,0.5,0.013868020265109068,0.013050310854123821,44886632.002,0.23943661971830985,288387396.447,10381252161.518972,1532324159.052,33220383789.58506,0.5085479452054795,0.0782147524541835,0.165900875794503,0.0846167808924961,1.0,4,5
0.7753086419753087,0.5,0.5,0.2857142857142857,0.0,0.0,1,0.5371428571428571,0.991702621971457,0.5,0.9977578475336323,0.7631578947368421,0.8071428571428572,0.5,0.047014690749876076,0.027948502132295674,290524371.544,0.8450704225352113,1532324159.052,33220383789.58506,1869725036.388,46016341267.83971,0.20684931506849316,-0.0281204859219967,0.0200171790344425,0.0350167195246013,1.0,4,6
0.7753086419753087,0.0,0.0,0.2857142857142857,0.0,0.625,1,0.7485714285714286,0.07368071689346167,0.0,0.9966367713004485,0.8289473684210527,0.8142857142857143,0.5,0.031719695140526624,0.040280373682108635,288903886.99,0.4647887323943662,1869725036.388,46016341267.83971,1997694587.472,46715156894.540726,0.0032876712328767104,0.0597774844427683,0.0684429788303075,0.0151862492203267,1.0,4,5
0.7753086419753087,0.0,0.0,0.2857142857142857,0.0,0.625,1,0.7714285714285715,0.07368071689346167,0.0,0.9966367713004485,0.8289473684210527,0.8642857142857143,0.5,0.031719695140526624,0.040280373682108635,288903886.99,0.4084507042253521,1869725036.388,46016341267.83971,3061975676.602197,56142944592.630035,0.15934246575342464,0.066253162798797,0.0797076185676363,0.027508171678209,1.0,4,5
0.7753086419753087,0.0,0.0,0.2857142857142857,0.0,0.625,1,0.7885714285714286,0.07368071689346167,0.0,0.9966367713004485,0.881578947368421,0.9214285714285714,0.5,0.04982075365438548,0.046738280215362846,512736332.7609304,0.4788732394366197,3061975676.602197,56142944592.630035,5235665611.160606,77968730835.80147,0.1601095890410959,0.0684220417319736,0.0788775383440777,0.0431948729791192,1.0,4,5
0.7753086419753087,0.0,0.0,0.2857142857142857,0.0,0.625,1,0.8457142857142858,0.07368071689346167,0.0,0.9966367713004485,0.9342105263157895,0.9785714285714285,0.5,0.08199767742675762,0.05128169437460189,908856029.7052104,0.4507042253521127,5235665611.160606,77968730835.80147,8655407644.30839,106221801332.0274,0.1601095890410959,0.0316358509016787,0.0725736449261493,0.0402626799421333,1.0,4,5
0.7753086419753087,0.0,1.0,1.0,0.0,0.875,1,0.8,0.07368071689346167,0.0,0.0,0.9868421052631579,0.9928571428571429,0.5,0.10603661000518187,0.056538100282396156,1287095612.7912097,0.676056338028169,8655407644.30839,106221801332.0274,9249129498.157888,113181872475.00755,0.04821917808219178,0.0015829440147943,0.0228651604579985,0.0218413139791784,1.0,4,6
0.7876543209876543,0.0,0.0,0.2857142857142857,0.0,0.625,1,0.4342857142857143,0.9863923000331896,0.0,0.9966367713004485,0.4934210526315789,0.5285714285714286,0.5,0.01179434086038885,0.01251767759076783,37588344.0,0.5211267605633803,37588344.0,6269649368.577917,237355630.96842545,8767224010.95815,0.23068493150684932,-0.0049041798702278,0.4428839406714872,0.0331966283858647,1.0,4,6
0.7876543209876543,0.0,0.16666666666666666,0.42857142857142855,0.0,0.0,1,0.52,0.9824095585794889,0.0,0.9988789237668162,0.5723684210526315,0.6,0.5,0.010957141100719195,0.015560215662470381,43911887.481,0.4788732394366197,237355630.96842545,8767224010.95815,417185325.907,14025367456.334517,0.2004383561643836,0.0420656784293147,0.0688762007398918,0.0545227360326703,1.0,4,5
0.7876543209876543,0.5,0.0,0.2857142857142857,0.0,0.625,1,0.49714285714285716,0.9840690341851974,0.5,0.9966367713004485,0.6381578947368421,0.6071428571428571,0.5,0.017152419322274636,0.02081841716645508,85808268.002,0.676056338028169,417185325.907,14025367456.334517,438028172.426,14545646569.21639,0.029150684931506854,-0.0031239723775073,0.0249803207647413,0.0185477890152137,1.0,4,6
0.7876543209876543,0.0,0.0,0.2857142857142857,0.25,0.625,1,0.4342857142857143,0.9863923000331896,0.0,0.9966367713004485,0.6447368421052632,0.6357142857142857,0.5,0.01703005935739984,0.02142079337189733,87728587.472,0.8450704225352113,438028172.426,14545646569.21639,569707305.2179999,18075505373.698357,0.06526027397260274,0.0379715420251489,0.0751544883875281,0.0606686472767797,1.0,4,5
0.7876543209876543,0.0,0.0,0.2857142857142857,0.0,0.625,1,0.5371428571428571,0.9890474610023232,0.0,0.9966367713004485,0.6710526315789473,0.6428571428571429,0.5,0.01998601850884885,0.023585247853311953,111220449.358,0.647887323943662,569707305.2179999,18075505373.698357,608899688.427,19030818060.72169,0.014027397260273973,0.0985349037632863,0.0687938926709093,0.0528512297317789,1.0,3,5
0.7876543209876543,0.0,0.16666666666666666,0.42857142857142855,0.0,0.625,1,0.6628571428571428,0.07368071689346167,0.0,0.9988789237668162,0.6710526315789473,0.6785714285714286,0.5,0.01998601850884885,0.023585247853311953,111220449.358,0.3380281690140845,569707305.2179999,18075505373.698357,906445851.407,24246398728.449657,0.1075068493150685,0.0590826390883845,0.098512149164077,0.0568992238130407,1.0,4,5
0.7876543209876543,0.5,0.0,0.2857142857142857,0.0,0.625,1,0.5942857142857143,0.9887155658811816,0.5,0.9966367713004485,0.7105263157894737,0.6857142857142857,0.5,0.02793297622755926,0.027015811816260657,172474530.26,0.5915492957746479,906445851.407,24246398728.449657,1005903553.785,25373866516.69958,0.021643835616438355,0.0226935312831388,0.054861358912736,0.0232502113175059,1.0,4,5
0.7876543209876543,0.0,0.0,0.2857142857142857,0.0,0.625,1,0.56,0.9913707268503154,0.0,0.9966367713004485,0.7171052631578947,0.6928571428571428,0.5,0.02931113583193854,0.02769239438758406,184802765.337,0.6901408450704225,1005903553.785,25373866516.69958,1073613512.449,28100062467.301537,0.017972602739726028,0.0245485899776831,0.0673125752555718,0.1074410929374021,1.0,4,5
0.7876543209876543,0.0,0.0,0.2857142857142857,0.0,0.625,1,0.6342857142857142,0.9946896780617325,0.0,0.9966367713004485,0.7236842105263158,0.7,0.5,0.03009037560824645,0.0284412306231948,194442382.1,0.5211267605633803,1073613512.449,28100062467.301537,1167277961.798,27746656042.65312,0.015616438356164384,0.06,0.0872422415170091,-0.0125767131322095,1.0,4,5
0.7876543209876543,0.0,0.0,0.2857142857142857,0.0,0.25,1,0.6685714285714286,0.9973448390308662,0.0,0.9966367713004485,0.7302631578947368,0.7071428571428572,0.5,0.03204169504809187,0.029189336170467206,211512794.585,0.4507042253521127,1167277961.798,27746656042.65312,1235915649.752,28234680865.07181,0.015671232876712328,0.0683728750233514,0.0588014939031957,0.0175885995656011,1.0,4,5
0.7876543209876543,0.0,0.0,0.2857142857142857,0.0,0.625,1,0.5314285714285715,0.9920345170925987,0.0,0.9966367713004485,0.7302631578947368,0.7071428571428572,0.5,0.03204169504809187,0.029189336170467206,211512794.585,0.7887323943661971,1167277961.798,27746656042.65312,1235915649.752,28234680865.07181,0.007342465753424658,0.0683728750233514,0.0588014939031957,0.0175885995656011,1.0,4,5
0.7876543209876543,0.0,0.0,0.2857142857142857,0.25,0.625,1,0.6628571428571428,0.07368071689346167,0.0,0.9966367713004485,0.7368421052631579,0.7214285714285714,0.5,0.034398734371469515,0.029942888532432047,231789914.762,0.4788732394366197,1235915649.752,28234680865.07181,1445357946.033,30733214214.56724,0.04454794520547945,0.032173456898059,0.0564877536540153,0.0294972149255667,1.0,4,5
0.7876543209876543,0.0,0.0,0.2857142857142857,0.25,0.25,1,0.6685714285714286,0.9973448390308662,0.0,0.9966367713004485,0.75,0.7285714285714285,0.5,0.037953613350989894,0.03131151670029956,265743921.982,0.49295774647887325,1445357946.033,30733214214.56724,1477016396.433,32088474953.570343,0.0016438356164383552,0.0125976718226759,0.0219035364124793,0.0440975919258299,1.0,4,5
0.7876543209876543,0.0,0.0,0.2857142857142857,0.5,0.625,1,0.6628571428571428,0.07368071689346167,0.0,0.9966367713004485,0.75,0.7285714285714285,0.5,0.037953613350989894,0.03131151670029956,265743921.982,0.5070422535211268,1445357946.033,30733214214.56724,1477016396.433,32088474953.570343,0.008383561643835616,0.0125976718226759,0.0219035364124793,0.0440975919258299,1.0,4,5
0.7876543209876543,0.0,0.0,0.2857142857142857,0.5,0.25,1,0.6685714285714286,0.9973448390308662,0.0,0.9966367713004485,0.756578947368421,0.7357142857142858,0.5,0.03846237320494299,0.03197705891171986,274794554.55,0.5070422535211268,1477016396.433,32088474953.570343,1532324159.052,33220383789.58506,0.03726027397260274,-0.0114960629921259,0.0187227991349887,0.017637311178741,1.0,4,6
0.7876543209876543,0.0,0.16666666666666666,0.42857142857142855,0.75,0.25,1,0.6628571428571428,0.07368071689346167,0.0,0.9988789237668162,0.7631578947368421,0.7428571428571429,0.5,0.037522133474852455,0.03263714615675227,274002532.452,0.5352112676056338,1532324159.052,33220383789.58506,1551678287.281,35105310712.72682,0.01715068493150685,-0.0215989684074789,0.01263057044077,0.0567400706470075,1.0,4,6
0.7876543209876543,0.5,0.0,0.2857142857142857,0.0,0.625,1,0.6228571428571429,0.07368071689346167,0.5,0.9966367713004485,0.7697368421052632,0.7642857142857142,0.5,0.036659173722577584,0.033291141862087835,273441196.11,0.647887323943662,1551678287.281,35105310712.72682,1683667905.32,37212432698.472725,0.06350684931506849,0.0172570016474464,0.0212656223781871,0.0150057209505198,1.0,4,5
0.7876543209876543,0.0,0.0,0.2857142857142857,0.0,0.625,1,0.68,0.9930302024560239,0.0,0.9966367713004485,0.7894736842105263,0.8071428571428572,0.5,0.03935753294797439,0.03596834243419368,315758769.66899997,0.5492957746478874,1683667905.32,37212432698.472725,1869725036.388,46016341267.83971,0.11824657534246576,0.0386037910309754,0.0184178374765497,0.0394308565307722,1.0,4,5
0.7876543209876543,0.0,0.0,0.2857142857142857,0.0,0.625,1,0.7257142857142858,0.07368071689346167,0.0,0.9966367713004485,0.8289473684210527,0.8214285714285714,0.5,0.04903685016938585,0.04100895147237965,443256156.14400005,0.5211267605633803,1869725036.388,46016341267.83971,2069583036.8851695,47192014400.92255,0.032438356164383564,0.0416903420901657,0.0534458266877738,0.0127745177114342,1.0,4,5
0.7876543209876543,0.0,0.0,0.2857142857142857,0.0,0.625,1,0.7942857142857143,0.9990043146365748,0.0,0.9966367713004485,0.8421052631578947,0.8285714285714286,0.5,0.05332832601357712,0.04253378391074093,498030879.598416,0.38028169014084506,2069583036.8851695,47192014400.92255,2259712024.8750567,47778114919.29238,0.008164383561643836,0.0568300560120571,0.0918682578090905,0.0124194850719994,1.0,4,5
0.7876543209876543,0.0,0.0,0.2857142857142857,1.0,0.625,1,0.6628571428571428,0.07368071689346167,0.0,0.9966367713004485,0.8421052631578947,0.8357142857142857,0.5,0.05332832601357712,0.04253378391074093,498030879.598416,0.704225352112676,2069583036.8851695,47192014400.92255,2424233356.8183246,48709321632.52854,0.02975342465753425,0.069696783670668,0.08568158745322,0.0160758896485708,1.0,4,5
0.7876543209876543,0.0,0.0,0.2857142857142857,0.0,0.625,1,0.6742857142857143,0.997676734152008,0.0,0.9966367713004485,0.8552631578947368,0.8428571428571429,0.5,0.061100903113986395,0.04394667282069282,586262066.8777062,0.704225352112676,2424233356.8183246,48709321632.52854,2494756202.06994,50046959415.1475,0.002191780821917807,-0.0564205067165626,0.0290907824749069,0.0274616385075185,1.0,4,6
0.7876543209876543,0.0,0.0,0.2857142857142857,0.0,0.625,0,0.7885714285714286,0.07368071689346167,0.0,0.9966367713004485,0.8552631578947368,0.8571428571428571,0.5,0.061100903113986395,0.04394667282069282,586262066.8777062,0.4225352112676056,2424233356.8183246,48709321632.52854,2870383374.9381247,53971480867.83615,0.053972602739726025,0.026332473120143,0.0613458569441444,0.0360106242429066,1.0,4,5
0.7876543209876543,0.0,0.0,0.2857142857142857,0.25,0.625,1,0.7942857142857143,0.9990043146365748,0.0,0.9966367713004485,0.875,0.8642857142857143,0.5,0.06611980809487257,0.04604394102814212,662700422.9632827,0.4507042253521127,2870383374.9381247,53971480867.83615,3061975676.602197,56142944592.630035,0.006246575342465753,0.0740093867677871,0.0667479833310429,0.0402335398228428,1.0,4,5
0.7876543209876543,0.0,0.16666666666666666,0.42857142857142855,0.0,0.625,1,0.6742857142857143,0.07368071689346167,0.0,0.9988789237668162,0.875,0.8642857142857143,0.5,0.06611980809487257,0.04604394102814212,662700422.9632827,0.7464788732394366,2870383374.9381247,53971480867.83615,3061975676.602197,56142944592.630035,0.02010958904109589,0.0370046933838935,0.0333739916655214,0.0201167699114214,1.0,4,5
0.7876543209876543,0.5,0.0,0.2857142857142857,0.5,0.625,1,0.7942857142857143,0.9990043146365748,0.5,0.9966367713004485,0.881578947368421,0.8785714285714286,0.5,0.0711932568843162,0.04673669434006464,722433631.1346405,0.4647887323943662,3061975676.602197,56142944592.630035,3349328922.74026,59628765673.01684,0.030684931506849318,-0.0122792365545669,0.0469228492462964,0.0310441597397475,1.0,4,6
0.7876543209876543,0.0,0.0,0.2857142857142857,0.75,0.25,1,0.6685714285714286,0.9973448390308662,0.0,0.9966367713004485,0.8947368421052632,0.9,0.5,0.06938514244661034,0.04809178772921889,725083491.5809637,0.8028169014084507,3349328922.74026,59628765673.01684,4009685150.5250006,67072928019.09664,0.0770958904109589,0.0135020089474882,0.0492901893944525,0.0312104496129476,1.0,4,5
0.7876543209876543,0.0,0.0,0.2857142857142857,0.0,0.625,1,0.8114285714285714,0.07368071689346167,0.0,0.9966367713004485,0.9144736842105263,0.9071428571428571,0.5,0.07326382445612126,0.050098572117083746,796073298.0388536,0.49295774647887325,4009685150.5250006,67072928019.09664,4360472541.470822,69971417637.12488,0.006301369863013697,0.0532802190532168,0.087485021336374,0.0432140015894788,1.0,4,5
0.7876543209876543,0.0,1.0,1.0,0.0,0.875,1,0.8342857142857143,0.07368071689346167,0.0,0.0,0.9210526315789473,0.9928571428571429,0.5,0.07729689405464829,0.050700834198789575,848549651.8331013,0.4507042253521127,4360472541.470822,69971417637.12488,9249129498.157888,113181872475.00755,0.25616438356164384,0.0567849570617807,0.0862407758685092,0.0475034128737165,1.0,4,5
0.7938271604938272,0.0,0.16666666666666666,0.42857142857142855,0.0,0.0,1,0.7257142857142858,0.9814138732160638,0.0,0.9988789237668162,0.5921052631578947,0.5857142857142857,0.5,0.019425738669685312,0.004049561475429933,18969127.092,0.014084507042253521,288387396.447,10381252161.518972,366958661.582,12754499113.88668,0.10405479452054794,0.0284816342565311,0.0454084020909699,0.0381014883921359,1.0,4,5
0.7938271604938272,0.5,0.16666666666666666,0.42857142857142855,0.0,0.0,1,0.6057142857142858,0.9830733488217723,0.5,0.9988789237668162,0.625,0.6214285714285714,0.5,0.02316093759744223,0.00467508256746728,25565155.296,0.38028169014084506,366958661.582,12754499113.88668,497363917.823,15991243735.72246,0.0915068493150685,0.0303975842979365,0.0710735403703557,0.0507545548113562,1.0,4,5
0.7938271604938272,0.5,0.5,0.2857142857142857,0.0,0.0,1,0.6457142857142857,0.9840690341851974,0.5,0.9977578475336323,0.6578947368421053,0.6428571428571429,0.5,0.027050696480830472,0.005442171190271836,34189524.894,0.352112676056338,497363917.823,15991243735.72246,608899688.427,19030818060.72169,0.06356164383561645,0.0415028396679773,0.0560634610830841,0.0475193545798004,1.0,4,5
0.7938271604938272,0.0,0.16666666666666666,0.42857142857142855,0.0,0.125,1,0.6171428571428571,0.997676734152008,0.0,0.9988789237668162,0.6776315789473685,0.6571428571428571,0.5,0.0319450950758223,0.006014440961197803,43987527.43799999,0.4647887323943662,608899688.427,19030818060.72169,708435519.5849999,20870428352.946007,0.04504109589041096,0.0254152616460596,0.0544894520667465,0.0322216012356845,1.0,4,5
0.7938271604938272,0.5,0.0,0.2857142857142857,0.0,0.5,1,0.6057142857142858,0.989379356123465,0.5,0.9966367713004485,0.6907894736842105,0.7357142857142858,0.5,0.03456617432340345,0.006434694950969002,50599357.515,0.5211267605633803,708435519.5849999,20870428352.946007,1532324159.052,33220383789.58506,0.22005479452054796,0.0794999604399082,0.1057244663115542,0.0537949294823247,1.0,4,5
0.7938271604938272,0.0,0.3333333333333333,0.8571428571428571,0.0,0.25,1,0.7371428571428571,0.9973448390308662,0.0,1.0,0.7631578947368421,0.9071428571428571,0.5,0.06692072503555993,0.00936991965728233,137502641.144,0.352112676056338,1532324159.052,33220383789.58506,4360472541.470822,69971417637.12488,0.4749589041095891,-0.0270318636904745,0.0769024721290181,0.0460949845335893,1.0,4,6
0.7938271604938272,1.0,0.0,0.2857142857142857,0.0,0.625,1,0.7828571428571428,0.07368071689346167,1.0,0.9966367713004485,0.9210526315789473,0.9142857142857143,0.5,0.02192737294036961,0.01841851207768279,94480598.41107252,0.5774647887323944,4360472541.470822,69971417637.12488,4828845228.9438,74015814861.56413,0.0006575342465753423,0.6025460722299021,0.1074132867524013,0.0578007043592241,1.0,1,2
0.7938271604938272,1.0,0.0,0.2857142857142857,0.0,0.625,1,0.7428571428571429,0.07368071689346167,1.0,0.9966367713004485,0.9210526315789473,0.9142857142857143,0.5,0.02192737294036961,0.01841851207768279,94480598.41107252,0.676056338028169,4360472541.470822,69971417637.12488,4828845228.9438,74015814861.56413,0.0011506849315068488,0.6025460722299021,0.1074132867524013,0.0578007043592241,1.0,1,2
0.7938271604938272,1.0,0.0,0.2857142857142857,0.0,0.625,1,0.76,0.07368071689346167,1.0,0.9966367713004485,0.9210526315789473,0.9142857142857143,0.5,0.02192737294036961,0.01841851207768279,94480598.41107252,0.6338028169014085,4360472541.470822,69971417637.12488,4828845228.9438,74015814861.56413,0.02263013698630137,0.301273036114951,0.0537066433762006,0.028900352179612,1.0,1,4
0.7938271604938272,0.0,0.0,0.2857142857142857,0.0,0.625,1,0.7828571428571428,0.07368071689346167,0.0,0.9966367713004485,0.9276315789473685,0.9214285714285714,0.5,0.036604785480983434,0.01897205666307837,155937250.7233895,0.5915492957746479,4828845228.9438,74015814861.56413,5235665611.160606,77968730835.80147,0.01693150684931507,0.0626663655847343,0.0842479646641707,0.0534063697282898,1.0,4,5
0.7938271604938272,0.0,0.0,0.2857142857142857,0.0,0.625,1,0.7942857142857143,0.07368071689346167,0.0,0.9966367713004485,0.9342105263157895,0.9285714285714286,0.5,0.03905105482813638,0.019568738538711553,170895701.74925944,0.5774647887323944,5235665611.160606,77968730835.80147,5713391354.622525,82618841699.03532,0.020931506849315072,0.0524887615139038,0.0456222550236569,0.0298203575547918,1.0,4,5
0.7938271604938272,0.0,0.0,0.2857142857142857,0.0,0.625,1,0.8114285714285714,0.07368071689346167,0.0,0.9966367713004485,0.9407894736842105,0.9857142857142858,0.5,0.04340580276113687,0.019698565404829487,190082843.9250203,0.5492957746478874,5713391354.622525,82618841699.03532,8966811156.347523,109801891452.69542,0.16619178082191782,0.084951850998667,0.0632708432948644,0.0365575067309743,1.0,4,5
0.7938271604938272,0.0,1.0,1.0,0.0,0.875,1,0.8228571428571428,0.07368071689346167,0.0,0.0,0.993421052631579,0.9928571428571429,0.5,0.07845156415810309,0.024997671375559506,425222839.2038813,0.6338028169014085,8966811156.347523,109801891452.69542,9249129498.157888,113181872475.00755,0.026246575342465755,0.0005973146454933,0.0157424047907216,0.0153912695746607,1.0,4,6
0.8012345679012346,0.5,0.0,0.2857142857142857,0.0,0.125,1,0.5314285714285715,0.9900431463657484,0.5,0.9966367713004485,0.5855263157894737,0.5571428571428572,0.5,0.006809782291278755,0.016376622783859415,31890448.415000003,0.4788732394366197,267939257.235,9831337731.891596,302595733.021,10684681554.893536,0.046246575342465755,-0.0041811846689895,0.0431148414552831,0.0289327809457643,1.0,4,6
0.8012345679012346,0.5,0.5,0.2857142857142857,0.0,0.0,1,0.6285714285714286,0.9853966146697644,0.5,0.9977578475336323,0.5986842105263158,0.6714285714285714,0.5,0.006693862324555265,0.01717344508637885,33014046.767,0.2676056338028169,302595733.021,10684681554.893536,833157156.772,23271103735.64346,0.31747945205479455,0.0256704304869442,0.1095854480609486,0.0736242238250504,1.0,4,5
0.8012345679012346,0.0,0.16666666666666666,0.07142857142857142,0.0,0.0,1,0.6285714285714286,0.9890474610023232,0.0,0.9988789237668162,0.7039473684210527,0.75,0.5,0.010441941248614793,0.024788221712460146,67114477.97399999,0.49295774647887325,833157156.772,23271103735.64346,1562110865.641,35740398961.4584,0.2206027397260274,0.0546106386526596,0.072910785092582,0.0446522841068778,1.0,4,5
0.8012345679012346,0.0,0.16666666666666666,0.21428571428571427,0.0,0.25,1,0.6914285714285714,0.07368071689346167,0.0,0.9988789237668162,0.7763157894736842,0.9642857142857143,0.5,0.018878338826824385,0.0326598530749823,146244908.136,0.49295774647887325,1562110865.641,35740398961.4584,8077858457.570001,99528621997.0122,0.5869589041095891,0.074826231489876,0.1390372419620232,0.0594921758841598,1.0,4,5
0.8012345679012346,0.0,0.0,0.2857142857142857,0.0,0.625,1,0.7028571428571428,0.07368071689346167,0.0,0.9966367713004485,0.9736842105263158,0.9714285714285714,0.5,0.06671464509471817,0.06361646199949213,923052803.58,0.8873239436619719,8077858457.570001,99528621997.0122,8412689753.41546,102883604981.64182,0.027671232876712328,0.0017476908114568,0.0207252514762547,0.0168543626813718,1.0,4,6
0.8012345679012346,0.0,0.16666666666666666,0.21428571428571427,0.0,0.25,1,0.8171428571428572,0.07368071689346167,0.0,0.9988789237668162,0.9802631578947368,0.9785714285714285,0.5,0.06695633766174165,0.06526771389526988,950287248.4282104,0.6197183098591549,8412689753.41546,102883604981.64182,8655407644.30839,106221801332.0274,0.020164383561643833,0.0044834901463963,0.0144257008166971,0.0162231696244569,1.0,4,5
0.8012345679012346,0.5,0.0,0.2857142857142857,0.0,0.625,1,0.7828571428571428,0.07368071689346167,0.5,0.9966367713004485,0.9868421052631579,0.9857142857142858,0.5,0.06757853806631746,0.06702291472940235,984556653.4649472,0.7183098591549296,8655407644.30839,106221801332.0274,8966811156.347523,109801891452.69542,0.018575342465753427,0.0243380266366388,0.0359779140204801,0.0337039108334964,1.0,4,5
0.8012345679012346,0.0,1.0,1.0,0.0,0.875,1,0.8342857142857143,0.07368071689346167,0.0,0.0,0.993421052631579,0.9928571428571429,0.5,0.0692824470378398,0.06883322843546352,1035721841.8850316,0.6056338028169014,8966811156.347523,109801891452.69542,9249129498.157888,113181872475.00755,0.031287671232876714,0.0079528199960904,0.0157424047907216,0.0153912695746607,1.0,4,5
0.8024691358024691,0.5,0.0,0.2857142857142857,0.5,0.625,1,0.38285714285714284,0.9820776634583471,0.5,0.9966367713004485,0.5986842105263158,0.5642857142857143,0.5,0.033014134768938934,0.0027548914172637103,21146224.896,0.8732394366197183,302595733.021,10684681554.893536,309853170.438,11398992120.516134,0.03041095890410959,-0.0599563953488372,0.0119919691935912,0.0334268532923869,1.0,4,6
0.8024691358024691,0.0,0.0,0.2857142857142857,0.25,0.625,1,0.4742857142857143,0.9844009293063392,0.0,0.9966367713004485,0.6052631578947368,0.5857142857142857,0.5,0.02876373598907761,0.0028263832685573305,19077832.424,0.6619718309859155,309853170.438,11398992120.516134,366958661.582,12754499113.88668,0.048164383561643834,0.0,0.061432851204198,0.0396382118418719,1.0,4,6
0.8024691358024691,0.0,0.16666666666666666,0.42857142857142855,0.0,0.625,1,0.6285714285714286,0.9853966146697644,0.0,0.9988789237668162,0.625,0.6071428571428571,0.5,0.02876373598907761,0.0030704168701691124,20672971.312,0.323943661971831,366958661.582,12754499113.88668,438028172.426,14545646569.21639,0.07315068493150685,0.0106317093311312,0.0484179270613284,0.0351081496681349,1.0,4,5
0.8024691358024691,0.5,0.0,0.2857142857142857,0.0,0.625,1,0.6057142857142858,0.9946896780617325,0.5,0.9966367713004485,0.6447368421052632,0.6142857142857143,0.5,0.03009037560824645,0.0033767761120635396,23639822.65,0.4225352112676056,438028172.426,14545646569.21639,459060791.028,15291081770.15114,0.0035068493150684915,0.1982178217821781,0.0480165887173689,0.0512479935070295,1.0,2,4
0.8024691358024691,0.0,0.16666666666666666,0.42857142857142855,0.0,0.25,1,0.56,0.9946896780617325,0.0,0.9988789237668162,0.6447368421052632,0.6142857142857143,0.5,0.03009037560824645,0.0033767761120635396,23639822.65,0.5352112676056338,438028172.426,14545646569.21639,459060791.028,15291081770.15114,0.006410958904109589,0.1982178217821781,0.0480165887173689,0.0512479935070295,1.0,2,4
0.8024691358024691,0.0,0.16666666666666666,0.42857142857142855,0.25,0.25,1,0.56,0.9946896780617325,0.0,0.9988789237668162,0.6513157894736842,0.6214285714285714,0.5,0.036536813757702784,0.0034905056028414786,29254291.671,0.5492957746478874,459060791.028,15291081770.15114,497363917.823,15991243735.72246,0.01802739726027397,-0.0323913402743347,0.0834380272582759,0.0457889099081312,1.0,4,6
0.8024691358024691,0.5,0.16666666666666666,0.7857142857142857,0.0,0.5,1,0.6742857142857143,0.996349153667441,0.5,0.9988789237668162,0.6578947368421053,0.6285714285714286,0.5,0.035274574120046996,0.0036079633826966444,29234717.6,0.28169014084507044,497363917.823,15991243735.72246,531191444.973,17168846684.352207,0.007671232876712328,-0.0099060631938514,0.0680136333533514,0.0736404852612637,1.0,4,6
0.8024691358024691,0.5,0.16666666666666666,0.42857142857142855,0.0,0.25,1,0.5885714285714285,0.9983405243942914,0.5,0.9988789237668162,0.6578947368421053,0.6428571428571429,0.5,0.035274574120046996,0.0036079633826966444,29234717.6,0.49295774647887325,497363917.823,15991243735.72246,608899688.427,19030818060.72169,0.051726027397260274,-0.0484486194136066,0.0747512814441121,0.0633591394397339,1.0,4,6
0.8024691358024691,0.5,0.16666666666666666,0.42857142857142855,0.0,0.25,1,0.6914285714285714,0.9926983073348822,0.5,0.9988789237668162,0.6776315789473685,0.6714285714285714,0.5,0.029794135693286417,0.003983951442940914,27524416.932,0.28169014084507044,608899688.427,19030818060.72169,833157156.772,23271103735.64346,0.09435616438356165,0.0255395683453237,0.07365990576357,0.0445623058493048,1.0,4,5
0.8024691358024691,0.5,0.0,0.2857142857142857,0.0,0.625,1,0.7142857142857143,0.07368071689346167,0.5,0.9966367713004485,0.7039473684210527,0.6785714285714286,0.5,0.033909294511970334,0.004545358709137406,35314193.078999996,0.28169014084507044,833157156.772,23271103735.64346,906445851.407,24246398728.449657,0.005260273972602739,0.061846535530746,0.087965030413891,0.0419101304297988,1.0,4,5
0.8024691358024691,0.0,0.5,0.2857142857142857,0.0,0.0,1,0.6971428571428572,0.9953534683040159,0.0,0.9977578475336323,0.7105263157894737,0.8857142857142857,0.5,0.036156853866775786,0.00470885800600291,38820256.552,0.3380281690140845,906445851.407,24246398728.449657,3628795012.890933,62796055415.77486,0.5863561643835616,0.009323941098071,0.1001107478274721,0.0529970892022172,1.0,4,5
0.8024691358024691,0.0,1.0,1.0,0.0,0.875,1,0.8971428571428571,0.07368071689346167,0.0,0.0,0.9013157894736842,0.9928571428571429,0.5,0.04695075220575334,0.012008789475217939,125214242.42356224,0.2535211267605634,3628795012.890933,62796055415.77486,9249129498.157888,113181872475.00755,0.31128767123287676,-0.0342657365280002,0.0968009777574455,0.0501482703865976,1.0,4,6
0.8160493827160494,0.0,0.0,0.2857142857142857,0.0,0.125,1,0.6057142857142858,0.9897112512446067,0.0,0.9966367713004485,0.5789473684210527,0.5428571428571428,0.5,0.01496925994898223,0.00034065416574970283,1578432.7440000002,0.28169014084507044,251299408.288,9334940849.93543,267939257.235,9831337731.891596,0.002630136986301369,0.0181347150259068,0.066215233296252,0.0531762214604283,1.0,4,5
0.8160493827160494,0.0,0.0,0.2857142857142857,0.0,0.125,1,0.5771428571428572,0.9860604049120478,0.0,0.9966367713004485,0.5789473684210527,0.5428571428571428,0.5,0.01496925994898223,0.00034065416574970283,1578432.7440000002,0.352112676056338,251299408.288,9334940849.93543,267939257.235,9831337731.891596,0.01863013698630137,0.0181347150259068,0.066215233296252,0.0531762214604283,1.0,4,5
0.8160493827160494,0.0,0.5,0.2857142857142857,0.0,0.0,1,0.7257142857142858,0.9950215731828742,0.0,0.9977578475336323,0.5855263157894737,0.8785714285714286,0.5,0.015284819858396177,0.000358248488801087,1672371.414,0.0,267939257.235,9831337731.891596,3349328922.74026,59628765673.01684,0.9304657534246575,0.0354957476923415,0.2446878554540856,0.1077696415607055,1.0,4,5
0.8160493827160494,0.0,1.0,1.0,0.0,0.875,1,0.88,0.07368071689346167,0.0,0.0,0.8947368421052632,0.9928571428571429,0.5,0.04484115073340814,0.003310189358246,33702408.67603517,0.28169014084507044,3349328922.74026,59628765673.01684,9249129498.157888,113181872475.00755,0.3381369863013699,0.0157607159256874,0.1036169037670053,0.0528299171968907,1.0,4,5
0.8197530864197531,0.0,0.0,0.2857142857142857,0.0,0.625,1,0.49142857142857144,0.9837371390640558,0.0,0.9966367713004485,0.5921052631578947,0.5642857142857143,0.5,0.027437096369908775,0.0011431707980782046,7732000.524,0.5915492957746479,288387396.447,10381252161.518972,309853170.438,11398992120.516134,0.03808219178082192,0.1359422164726175,0.0372169072842005,0.0490181696370742,1.0,3,5
0.8197530864197531,0.0,0.0,0.2857142857142857,0.25,0.625,1,0.44571428571428573,0.9863923000331896,0.0,0.9966367713004485,0.6052631578947368,0.6214285714285714,0.5,0.03555793403870442,0.0012209335263687424,10453216.768,0.7323943661971831,309853170.438,11398992120.516134,497363917.823,15991243735.72246,0.15243835616438356,0.0639091371418884,0.0756450011145359,0.0503580883144604,1.0,4,5
0.8197530864197531,0.0,0.5,0.2857142857142857,0.0,0.0,1,0.49714285714285716,0.9850647195486226,0.0,0.9977578475336323,0.6578947368421053,0.6642857142857143,0.5,0.054980968463040396,0.0016912344798730788,21455391.729999997,0.7183098591549296,497363917.823,15991243735.72246,769118952.62,22012539042.75697,0.11391780821917807,0.0634698074406431,0.0910651218885132,0.0627561704657955,1.0,4,5
0.8197530864197531,0.0,0.0,0.2857142857142857,0.0,0.625,1,0.6285714285714286,0.9887155658811816,0.0,0.9966367713004485,0.6973684210526315,0.6714285714285714,0.5,0.07684476218672098,0.001995358675085551,34677897.81,0.4788732394366197,769118952.62,22012539042.75697,833157156.772,23271103735.64346,0.0010410958904109584,0.0489845653939886,0.0832617684609826,0.0571748988356985,1.0,4,5
0.8197530864197531,0.0,0.0,0.2857142857142857,0.0,0.625,0,0.5142857142857142,0.9880517756388981,0.0,0.9966367713004485,0.6973684210526315,0.7,0.5,0.07684476218672098,0.001995358675085551,34677897.81,0.7605633802816901,769118952.62,22012539042.75697,1167277961.798,27746656042.65312,0.10432876712328767,0.0496886000541565,0.0862803271677879,0.0434155353361573,1.0,4,5
0.8197530864197531,0.0,0.0,0.2857142857142857,0.0,0.625,1,0.6514285714285715,0.9936939926983074,0.0,0.9966367713004485,0.7302631578947368,0.7214285714285714,0.5,0.10047955540201045,0.002342702418553426,52506460.78,0.49295774647887325,1167277961.798,27746656042.65312,1445357946.033,30733214214.56724,0.05698630136986301,-0.0054025865665415,0.0794098159238391,0.03587889614906,1.0,4,6
0.8197530864197531,0.0,0.0,0.2857142857142857,0.0,0.625,1,0.6571428571428571,0.07368071689346167,0.0,0.9966367713004485,0.75,0.7285714285714285,0.5,0.09881159588082244,0.0024984420424060817,54959326.878,0.5211267605633803,1445357946.033,30733214214.56724,1477016396.433,32088474953.570343,0.0040547945205479455,0.0265886393995293,0.0219035364124793,0.0440975919258299,1.0,4,5
0.8197530864197531,0.0,0.0,0.2857142857142857,0.0,0.625,1,0.6,0.9926983073348822,0.0,0.9966367713004485,0.75,0.7642857142857142,0.5,0.09881159588082244,0.0024984420424060817,54959326.878,0.6619718309859155,1445357946.033,30733214214.56724,1683667905.32,37212432698.472725,0.12613698630136988,0.0249620616645615,0.0235542205939936,0.0301173393090528,1.0,4,5
0.8197530864197531,0.0,0.0,0.2857142857142857,0.0,0.625,1,0.6057142857142858,0.9993362097577165,0.0,0.9966367713004485,0.7894736842105263,0.7714285714285715,0.5,0.11650227080245736,0.0028178217651366987,72521859.924,0.7323943661971831,1683667905.32,37212432698.472725,1738567345.419,38795331361.618996,0.01863013698630137,-0.0088260775395277,0.0326070479371438,0.0425368230013953,1.0,4,6
0.8197530864197531,0.0,0.0,0.2857142857142857,0.25,0.625,1,0.6571428571428571,0.07368071689346167,0.0,0.9966367713004485,0.7960526315789473,0.7857142857142857,0.5,0.11545255110379464,0.0028700252228501056,73171253.785,0.6197183098591549,1738567345.419,38795331361.618996,1772497006.561,41482688664.595215,0.04197260273972603,0.0155695165255394,0.006505291311915,0.0230900403790585,1.0,4,5
0.8197530864197531,0.0,0.0,0.2857142857142857,0.25,0.625,1,0.6057142857142858,0.9993362097577165,0.0,0.9966367713004485,0.8092105263157895,0.8285714285714286,0.5,0.12095874952316044,0.0029755126084567243,79316326.28,0.7746478873239436,1772497006.561,41482688664.595215,2259712024.8750567,47778114919.29238,0.11463013698630138,0.0206297507102773,0.0458124909389223,0.0252933872632923,1.0,4,5
0.8197530864197531,0.0,0.16666666666666666,0.0,0.25,0.0,1,0.6514285714285715,0.9936939926983074,0.0,0.9988789237668162,0.8486842105263158,0.85,0.5,0.13623182429105102,0.003482345755687962,103860022.46484116,0.7464788732394366,2259712024.8750567,47778114919.29238,2648181209.881338,51854384806.94821,0.0663013698630137,0.0214401590850343,0.0429777313137678,0.0213291686713756,1.0,4,5
0.8197530864197531,0.0,0.0,0.2857142857142857,0.5,0.625,1,0.6571428571428571,0.07368071689346167,0.0,0.9966367713004485,0.868421052631579,0.8571428571428571,0.5,0.14812368908655282,0.003877080492296096,125219734.53600758,0.7746478873239436,2648181209.881338,51854384806.94821,2870383374.9381247,53971480867.83615,0.012438356164383562,0.0257435041487081,0.0839074623094782,0.040827715317997,1.0,4,5
0.8197530864197531,0.0,0.0,0.2857142857142857,0.0,0.625,1,0.8057142857142857,0.07368071689346167,0.0,0.9966367713004485,0.875,0.8785714285714286,0.5,0.15199951018335262,0.003979213825753335,131748252.24033365,0.4225352112676056,2870383374.9381247,53971480867.83615,3349328922.74026,59628765673.01684,0.060986301369863015,0.0069246156059712,0.0417144232355773,0.0262049730441623,1.0,4,5
0.8197530864197531,0.0,0.0,0.2857142857142857,0.0,0.625,1,0.7657142857142857,0.07368071689346167,0.0,0.9966367713004485,0.8947368421052632,0.8928571428571429,0.5,0.1562770149028688,0.0043001534865693344,146070388.24098995,0.5633802816901409,3349328922.74026,59628765673.01684,3754127282.435507,64760587194.60295,0.033424657534246574,0.0158884235144711,0.0604297710127645,0.0430314250485011,1.0,4,5
0.8197530864197531,0.0,0.6666666666666666,0.2857142857142857,0.0,0.625,1,0.6857142857142857,0.07368071689346167,0.0,0.9978699551569506,0.9078947368421053,0.9285714285714286,0.5,0.16132027475923985,0.004529082737560557,158567052.12718284,0.7887323943661971,3754127282.435507,64760587194.60295,5713391354.622525,82618841699.03532,0.0966027397260274,0.0089976929435801,0.104379203196112,0.0551516138998834,1.0,4,5
0.8197530864197531,0.0,0.0,0.2857142857142857,0.0,0.625,1,0.6857142857142857,0.07368071689346167,0.0,0.9966367713004485,0.9407894736842105,0.95,0.5,0.16868722087667534,0.004981175767664485,181910800.4529501,0.8591549295774648,5713391354.622525,82618841699.03532,6972891730.374713,90134685455.90204,0.06476712328767123,0.0100996549974991,0.0551117671439208,0.0227425233829999,1.0,4,5
0.8197530864197531,0.0,1.0,1.0,0.25,0.875,1,0.8057142857142857,0.07368071689346167,0.0,0.0,0.9605263157894737,0.9928571428571429,0.5,0.17560018570264374,0.005262950237120631,199771089.08088937,0.6056338028169014,6972891730.374713,90134685455.90204,9249129498.157888,113181872475.00755,0.13512328767123288,0.0175993991150197,0.0466344289489706,0.0365281719439123,1.0,4,5
0.8246913580246914,0.0,0.0,0.2857142857142857,0.0,0.125,1,0.5371428571428571,0.9850647195486226,0.0,0.9966367713004485,0.5921052631578947,0.6285714285714286,0.5,0.0249126170945972,0.0029324486834782478,17330354.712,0.4788732394366197,288387396.447,10381252161.518972,531191444.973,17168846684.352207,0.21978082191780823,0.0799040808461439,0.0765397364534342,0.0594392697460503,1.0,4,5
0.8246913580246914,0.0,0.16666666666666666,0.0,0.0,0.0,1,0.5542857142857143,0.9870560902754729,0.0,0.9988789237668162,0.6644736842105263,0.7071428571428572,0.5,0.04894669019526758,0.00375564097974128,41424951.244,0.5915492957746479,531191444.973,17168846684.352207,1235915649.752,28234680865.07181,0.20794520547945206,0.1231796531370359,0.1206078098666429,0.0585936227409395,1.0,3,5
0.8246913580246914,0.0,0.5,0.2857142857142857,0.0,0.0,1,0.6,0.989379356123465,0.0,0.9977578475336323,0.7368421052631579,0.7571428571428571,0.5,0.11856307021087496,0.005246972914022836,135364158.16,0.6338028169014085,1235915649.752,28234680865.07181,1641316216.812,36196627164.43434,0.14449315068493152,0.0116231104960613,0.0410020464524973,0.0352489653478428,1.0,4,5
0.8246913580246914,0.0,0.6666666666666666,0.2857142857142857,0.0,0.625,1,0.6514285714285715,0.9970129439097245,0.0,0.9978699551569506,0.7828947368421053,0.8571428571428571,0.5,0.12981374698120485,0.008248169291678233,231114689.52,0.6056338028169014,1641316216.812,36196627164.43434,2870383374.9381247,53971480867.83615,0.2712328767123287,-0.0008852718890357,0.0534878717431078,0.0350759865447724,1.0,4,6
0.8246913580246914,0.0,0.5,0.2857142857142857,0.0,1.0,1,0.6628571428571428,0.07368071689346167,0.0,0.9977578475336323,0.875,0.9928571428571429,0.5,0.12817472356067028,0.01385442225450921,381675231.2457961,0.7746478873239436,2870383374.9381247,53971480867.83615,9249129498.157888,113181872475.00755,0.3814794520547945,0.0780580270672343,0.1111131387345996,0.054853406516827,1.0,4,5
0.8246913580246914,0.0,0.5,0.2857142857142857,0.0,1.0,1,0.7257142857142858,0.07368071689346167,0.0,0.9977578475336323,1.0,1.0,0.5,0.33207218585827525,0.022618295220203494,1591797045.8355892,0.8873239436619719,9249129498.157888,113181872475.00755,9624655205.417772,116773716558.88168,0.01873972602739726,0.0003364511118715,0.0406011946675282,0.0317351533892251,1.0,4,6
0.8345679012345679,0.5,0.16666666666666666,0.42857142857142855,0.0,0.625,1,0.6857142857142857,0.994025887819449,0.5,0.9988789237668162,0.6513157894736842,0.6214285714285714,0.5,0.007576142071284054,0.004443112734070201,9510605.874,0.23943661971830985,459060791.028,15291081770.15114,497363917.823,15991243735.72246,0.0004931506849315066,0.0090090090090089,0.0834380272582759,0.0457889099081312,1.0,4,5
0.8345679012345679,0.5,0.16666666666666666,0.42857142857142855,0.0,0.125,1,0.6228571428571429,0.9933620975771656,0.5,0.9988789237668162,0.6513157894736842,0.65,0.5,0.007576142071284054,0.004443112734070201,9510605.874,0.39436619718309857,459060791.028,15291081770.15114,643110523.996,19784467002.851566,0.10219178082191781,0.0075075075075075,0.0668211184535594,0.0489760992741066,1.0,4,5
0.8345679012345679,0.5,0.16666666666666666,0.42857142857142855,0.0,0.125,1,0.6228571428571429,0.9946896780617325,0.5,0.9988789237668162,0.6842105263157895,0.7,0.5,0.008026941941875407,0.004903093641124636,10947034.84,0.4647887323943662,643110523.996,19784467002.851566,1167277961.798,27746656042.65312,0.13216438356164384,0.0949155524278676,0.1164357598719821,0.0574923538223478,1.0,3,5
0.8345679012345679,0.5,0.16666666666666666,0.07142857142857142,0.0,0.0,1,0.7714285714285715,0.9877198805177564,0.5,0.9988789237668162,0.7302631578947368,0.7214285714285714,0.5,0.014975699947133535,0.005654705158507233,20961816.357,0.19718309859154928,1167277961.798,27746656042.65312,1445357946.033,30733214214.56724,0.06663013698630138,0.0687199408065112,0.0595573619428793,0.026909172111795,1.0,4,5
0.8345679012345679,0.0,0.16666666666666666,0.0,0.0,0.0,1,0.7485714285714286,0.9880517756388981,0.0,0.9988789237668162,0.75,0.7285714285714285,0.5,0.019760618573553174,0.006135633699699206,28960149.54,0.29577464788732394,1445357946.033,30733214214.56724,1477016396.433,32088474953.570343,0.014027397260273973,0.0551363900174115,0.0219035364124793,0.0440975919258299,1.0,4,5
0.8345679012345679,0.0,0.0,0.2857142857142857,0.0,0.625,1,0.7657142857142857,0.07368071689346167,0.0,0.9966367713004485,0.756578947368421,0.9714285714285714,0.5,0.02098421822230113,0.006311299772567475,31418806.896,0.2676056338028169,1477016396.433,32088474953.570343,8412689753.41546,102883604981.64182,0.6727671232876713,0.0034648798488098,0.1381097686830442,0.0648896437029428,1.0,4,5
0.8345679012345679,0.0,1.0,1.0,0.0,0.875,1,0.7828571428571428,0.07368071689346167,0.0,0.0,0.9802631578947368,0.9928571428571429,0.5,0.023742741883831367,0.01813363996395258,99959450.76989809,0.704225352112676,8412689753.41546,102883604981.64182,9249129498.157888,113181872475.00755,0.07687671232876712,-0.0765022352616823,0.0248564896976867,0.0250240733088701,1.0,4,6
0.854320987654321,0.0,0.16666666666666666,0.5714285714285714,0.0,0.125,1,0.6228571428571429,0.9877198805177564,0.0,0.9988789237668162,0.7105263157894737,0.6857142857142857,0.5,0.3822359145197569,0.0,7435852.459,0.5211267605633803,906445851.407,24246398728.449657,1005903553.785,25373866516.69958,0.009424657534246575,0.0449515327049605,0.109722717825472,0.0465004226350118,1.0,4,5
0.854320987654321,0.5,0.16666666666666666,0.5714285714285714,0.0,0.125,1,0.7085714285714285,0.07368071689346167,0.5,0.9988789237668162,0.7171052631578947,0.85,0.5,0.39952730955601096,7.350606113498425e-06,8389209.728,0.323943661971831,1005903553.785,25373866516.69958,2648181209.881338,51854384806.94821,0.46717808219178086,-0.0283422899977631,0.0680266367617451,0.043483910031378,1.0,4,6
0.854320987654321,0.5,0.0,0.2857142857142857,0.0,0.625,1,0.8228571428571428,0.07368071689346167,0.5,0.9966367713004485,0.868421052631579,0.9785714285714285,0.5,0.12610883575109397,0.00029655942182739366,10472257.404485354,0.36619718309859156,2648181209.881338,51854384806.94821,8655407644.30839,106221801332.0274,0.3601643835616438,0.3776982951293553,0.1260241560008532,0.0582479580158156,1.0,1,3
0.854320987654321,0.0,1.0,1.0,0.0,0.875,1,0.9828571428571429,0.07368071689346167,0.0,0.0,0.9868421052631579,0.9928571428571429,0.5,1.0,0.0014664018263811425,327388967.11814296,0.22535211267605634,8655407644.30839,106221801332.0274,9249129498.157888,113181872475.00755,0.0503013698630137,0.008872194506969,0.0228651604579985,0.0218413139791784,1.0,4,5
0.8617283950617284,0.5,0.0,0.2857142857142857,0.0,0.625,1,0.5771428571428572,0.9880517756388981,0.5,0.9966367713004485,0.5921052631578947,0.6214285714285714,0.8333333333333334,0.005553982651774274,0.006260880795096159,10630520.0,0.38028169014084506,791321205.625012,10381252161.518972,1150556115.3424516,15991243735.72246,0.19019178082191782,0.0046774193548387,0.0453968511350209,0.0540396426839384,1.0,4,5
0.8617283950617284,0.0,0.0,0.2857142857142857,0.0,0.625,1,0.6228571428571429,0.9946896780617325,0.0,0.9966367713004485,0.6578947368421053,0.6357142857142857,0.8333333333333334,0.005927502544549966,0.007689650689926786,13630298.0,0.4084507042253521,1150556115.3424516,15991243735.72246,1215995835.520826,18075505373.698357,0.053041095890410964,-0.0020544427324088,0.018958866732863,0.0434458939409011,1.0,4,6
0.8617283950617284,0.0,0.6666666666666666,0.2857142857142857,0.0,0.625,1,0.6342857142857142,0.9863923000331896,0.0,0.9978699551569506,0.6710526315789473,0.65,0.8333333333333334,0.005875982559339525,0.00805795911198634,14187420.0,0.4084507042253521,1215995835.520826,18075505373.698357,1298560435.6419897,19784467002.851566,0.03879452054794521,-0.0050387596899224,0.0339493761858979,0.0472728588723144,1.0,4,6
0.8617283950617284,0.0,0.0,0.2857142857142857,0.0,0.625,1,0.6057142857142858,0.996349153667441,0.0,0.9966367713004485,0.6842105263157895,0.6571428571428571,0.8333333333333334,0.005792262583372561,0.00845813325265467,14734026.0,0.5070422535211268,1298560435.6419897,19784467002.851566,1361682193.157546,20870428352.946007,0.0011506849315068488,0.0101801096319498,0.0486090256433462,0.0548895934339761,1.0,4,5
0.8617283950617284,0.0,0.0,0.2857142857142857,0.0,0.625,1,0.6457142857142857,0.9883836707600399,0.0,0.9966367713004485,0.6842105263157895,0.6785714285714286,0.8333333333333334,0.005792262583372561,0.00845813325265467,14734026.0,0.4084507042253521,1298560435.6419897,19784467002.851566,1578081997.403,24246398728.449657,0.0721095890410959,-0.0078308535630383,0.0538137375221236,0.0563817529801913,1.0,4,6
0.8617283950617284,0.0,0.0,0.2857142857142857,0.0,0.625,1,0.5828571428571429,0.989379356123465,0.0,0.9966367713004485,0.7105263157894737,0.6857142857142857,0.8333333333333334,0.005534662657320359,0.00935556081626457,15770513.0,0.6197183098591549,1578081997.403,24246398728.449657,1614157243.5034103,25373866516.69958,0.029917808219178083,-0.0929668552950687,0.0114300924032395,0.0232502113175059,1.0,5,6
0.8617283950617284,0.0,0.16666666666666666,0.42857142857142855,0.0,0.25,1,0.7085714285714285,0.9883836707600399,0.0,0.9988789237668162,0.7171052631578947,0.6928571428571428,0.8333333333333334,0.004053463082520202,0.009600111680006327,13170553.0,0.323943661971831,1614157243.5034103,25373866516.69958,1733677262.1793554,28100062467.301537,0.01189041095890411,0.0039721946375372,0.0740448423826019,0.1074410929374021,1.0,4,5
0.8617283950617284,0.5,0.16666666666666666,0.42857142857142855,0.25,0.0,1,0.5771428571428572,0.9880517756388981,0.5,0.9988789237668162,0.7236842105263158,0.7285714285714285,0.8333333333333334,0.004079223075125421,0.009853555302429602,13568631.0,0.6619718309859155,1733677262.1793554,28100062467.301537,2225610072.841807,32088474953.570343,0.09561643835616439,0.011671612265084,0.0567502177474551,0.0283872143765509,1.0,4,5
0.8617283950617284,0.5,0.16666666666666666,0.5714285714285714,0.0,0.0,1,0.6228571428571429,0.9883836707600399,0.5,0.9988789237668162,0.756578947368421,0.7357142857142858,0.8333333333333334,0.0044591829660524185,0.01122304013938344,16337830.0,0.6197183098591549,2225610072.841807,32088474953.570343,2236735069.8728704,33220383789.58506,0.018136986301369864,-0.0439252336448597,0.0049986280916038,0.035274622357482,1.0,4,6
0.8617283950617284,0.5,0.16666666666666666,0.5,0.0,0.0,1,0.6914285714285714,0.9883836707600399,0.5,0.9988789237668162,0.7631578947368421,0.7428571428571429,0.8333333333333334,0.004156503052941082,0.011435725284516423,15913788.0,0.4647887323943662,2236735069.8728704,33220383789.58506,2385284678.1,35105310712.72682,0.015068493150684932,-0.0039100684261974,0.0664135910542023,0.0567400706470075,1.0,4,6
0.8617283950617284,0.5,0.3333333333333333,0.8571428571428571,0.0,0.125,1,0.6914285714285714,0.994025887819449,0.5,1.0,0.7631578947368421,0.7857142857142857,0.8333333333333334,0.004156503052941082,0.011435725284516423,15913788.0,0.4647887323943662,2236735069.8728704,33220383789.58506,3095546258.0868187,41482688664.595215,0.12712328767123288,0.0448261416003351,0.0548510703187417,0.0355302718756861,1.0,4,5
0.8617283950617284,0.5,0.16666666666666666,0.7142857142857143,0.0,0.125,1,0.7942857142857143,0.994025887819449,0.5,0.9988789237668162,0.8092105263157895,0.8285714285714286,0.8333333333333334,0.006223742459509998,0.009634941651508942,17641344.0,0.30985915492957744,3095546258.0868187,41482688664.595215,4416131155.019964,47778114919.29238,0.11912328767123288,-0.0620194259796771,0.0711013386562088,0.0252933872632923,1.0,4,6
0.8617283950617284,0.5,0.0,0.2857142857142857,0.0,0.5,1,0.6742857142857143,0.07368071689346167,0.5,0.9966367713004485,0.8486842105263158,0.8357142857142857,0.8333333333333334,0.0030029406310031707,0.011040738586412312,12677539.366522944,0.6901408450704225,4416131155.019964,47778114919.29238,4684653166.079072,48709321632.52854,0.003342465753424656,-0.3145874627276622,0.0608048089228214,0.019490235535855,1.0,7,7
0.8617283950617284,0.0,0.16666666666666666,0.7142857142857143,0.0,0.625,1,0.7485714285714286,0.9993362097577165,0.0,0.9988789237668162,0.8486842105263158,0.8571428571428571,0.8333333333333334,0.0030029406310031707,0.011040738586412312,12677539.366522944,0.5070422535211268,4416131155.019964,47778114919.29238,5736179721.70249,53971480867.83615,0.08504109589041095,-0.0577573654106729,0.0597830327200306,0.0259255349818874,1.0,4,6
0.8617283950617284,0.5,0.16666666666666666,0.6428571428571429,0.0,0.625,1,0.8628571428571429,0.07368071689346167,0.5,0.9988789237668162,0.875,0.8928571428571429,0.8333333333333334,0.0014335125377537678,0.014811268267376124,12070124.74360604,0.28169014084507044,5736179721.70249,53971480867.83615,6749077062.484173,64760587194.60295,0.10263013698630138,-0.0306836114097409,0.0294300791910176,0.033317306823539,1.0,4,6
0.8617283950617284,1.0,0.0,0.2857142857142857,0.0,0.625,1,0.8514285714285714,0.07368071689346167,1.0,0.9966367713004485,0.9078947368421053,0.9857142857142858,0.8333333333333334,0.0007219360989676491,0.01658685575078597,11021272.704396958,0.38028169014084506,6749077062.484173,64760587194.60295,14867387792.1118,109801891452.69542,0.25556164383561647,0.24070849319945,0.0925290132204726,0.0535003751857534,1.0,1,4
0.8617283950617284,0.0,1.0,1.0,0.0,0.875,1,0.8057142857142857,0.07368071689346167,0.0,0.0,0.993421052631579,0.9928571428571429,0.8333333333333334,0.01059006120609481,0.023490600740538107,64346106.0,0.676056338028169,14867387792.1118,109801891452.69542,15784105618.10651,113181872475.00755,0.025095890410958905,-0.0232443125618199,0.0308298215803953,0.0153912695746607,1.0,4,6
0.8629629629629629,0.0,0.5,0.2857142857142857,0.0,0.0,1,0.7542857142857143,0.9973448390308662,0.0,0.9977578475336323,0.8355263157894737,0.9285714285714286,0.6666666666666666,0.034894614229120005,0.0026185550517909043,21201768.0,0.4647887323943662,7833175413.821,46715156894.540726,10335993869.819094,82618841699.03532,0.32323287671232875,0.0401530008372767,0.0187950106158666,0.045209769151706,1.0,4,5
0.8629629629629629,0.0,1.0,1.0,0.0,0.875,1,0.8514285714285714,0.07368071689346167,0.0,0.0,0.9407894736842105,0.9928571428571429,0.6666666666666666,0.060373536196556214,0.0034047193830305405,46020000.17326767,0.4507042253521127,10335993869.819094,82618841699.03532,13748749519.36168,113181872475.00755,0.1806575342465754,0.0831071472789352,0.0330181663469032,0.036992809566742,1.0,4,5
0.8666666666666667,0.0,1.0,1.0,0.0,0.875,1,0.7428571428571429,0.07368071689346167,0.0,0.0,0.8355263157894737,0.9928571428571429,0.6666666666666666,0.0412959723915172,0.015121773758005809,139398700.0,0.49295774647887325,7833175413.821,46715156894.540726,13748749519.36168,113181872475.00755,0.5157808219178083,0.014678525343913,0.0290459576049949,0.054723398306921,1.0,4,5
0.8740740740740741,0.0,0.0,0.2857142857142857,0.0,0.625,1,0.6457142857142857,0.07368071689346167,0.0,0.9966367713004485,0.743421052631579,0.7428571428571429,0.8333333333333334,0.007350742135988378,0.6896041719061227,1413710515.0,0.5352112676056338,3843637957.056568,29537559377.26344,4856853955.763886,35105310712.72682,0.07857534246575344,0.0676431863067807,0.0659021485652119,0.0471243346847841,1.0,4,5
0.8740740740740741,0.0,0.5,0.2857142857142857,0.0,0.0,1,0.5485714285714286,0.9943577829405907,0.0,0.9977578475336323,0.7697368421052632,0.8642857142857143,0.8333333333333334,0.009997581376174746,0.727064917852019,1893783550.0,0.8309859154929577,4856853955.763886,35105310712.72682,11176205053.050947,56142944592.630035,0.32909589041095894,0.0725641023595296,0.0765364860710677,0.0352513010186742,1.0,4,5
0.8740740740740741,0.0,0.0,0.2857142857142857,0.0,0.625,1,0.6742857142857143,0.07368071689346167,0.0,0.9966367713004485,0.881578947368421,0.9071428571428571,0.8333333333333334,0.025330110572549754,0.9095280003739642,5291338875.305675,0.7605633802816901,11176205053.050947,56142944592.630035,13669026073.76097,69971417637.12488,0.12136986301369862,0.0443612151638733,0.0318638828638568,0.0351868995035375,1.0,4,5
0.8740740740740741,0.0,0.0,0.2857142857142857,0.0,0.625,1,0.7657142857142857,0.07368071689346167,0.0,0.9966367713004485,0.9210526315789473,0.9714285714285714,0.8333333333333334,0.03395091776000089,0.9507392598831587,7248622675.468963,0.6197183098591549,13669026073.76097,69971417637.12488,22222439149.448067,102883604981.64182,0.19358904109589042,0.0937676821343788,0.0625751463895895,0.0470366164584532,1.0,3,5
0.8740740740740741,0.0,1.0,1.0,0.0,0.875,1,0.8285714285714286,0.07368071689346167,0.0,0.0,0.9802631578947368,0.9928571428571429,0.8333333333333334,0.06806597548319836,1.0,14773157696.320135,0.5915492957746479,22222439149.448067,102883604981.64182,26191581996.268272,113181872475.00755,0.06252054794520548,0.0543215915874688,0.0446524211420642,0.0250240733088701,1.0,4,5
0.9,0.0,0.5,0.2857142857142857,0.0,0.0,1,0.7657142857142857,0.9990043146365748,0.0,0.9977578475336323,0.8618421052631579,0.9642857142857143,0.8333333333333334,0.009971538236098705,0.016101459339419755,42085991.232871346,0.49295774647887325,9784335418.96575,50046959415.1475,21015038029.209187,99528621997.0122,0.34909589041095895,-0.0048848820879786,0.0637680431091817,0.054928037320805,1.0,4,6
0.9,0.0,1.0,1.0,0.0,0.875,1,1.0,0.07368071689346167,0.0,0.0,0.9736842105263158,0.9928571428571429,0.8333333333333334,0.00888095529179395,0.018031929036532713,42961430.49918647,0.15492957746478872,21015038029.209187,99528621997.0122,26191581996.268272,113181872475.00755,0.08082191780821919,0.0006724162947419,0.049265140133119,0.0274358274113455,1.0,4,6
0.9111111111111111,0.0,0.0,0.2857142857142857,0.0,0.625,1,0.19428571428571428,0.9651510122801195,0.0,0.9966367713004485,0.14473684210526316,0.08571428571428572,0.8333333333333334,0.008701083991703943,0.028384582268267077,66428004.51944739,0.36619718309859156,66428004.51944739,1569887596.480446,67651791.255586,1669655927.7811909,0.04712328767123288,-0.0009856976966175,0.0061409177499344,0.0211837525872164,1.0,4,6
0.9111111111111111,0.0,0.0,0.2857142857142857,0.0,0.625,1,0.18285714285714286,0.962163956189844,0.0,0.9966367713004485,0.16447368421052633,0.09285714285714286,0.8333333333333334,0.008668163564279031,0.02899521836439801,67651791.255586,0.43661971830985913,67651791.255586,1669655927.7811909,69633935.47555633,1714730856.0219688,0.03304109589041096,0.0089828587580731,0.0146496063384475,0.0134982685626368,1.0,4,5
0.9111111111111111,0.0,0.0,0.2857142857142857,0.0,0.625,1,0.17142857142857143,0.9694656488549618,0.0,0.9966367713004485,0.17105263157894737,0.10714285714285714,0.8333333333333334,0.00886757905145992,0.029319062993049972,69633935.47555633,0.4788732394366197,69633935.47555633,1714730856.0219688,70654385.2597326,1755379986.2233455,0.027287671232876714,-0.0013669219442536,0.0073272448067687,0.0118529185086454,1.0,4,6
0.9111111111111111,0.0,0.0,0.2857142857142857,0.0,0.625,1,0.15428571428571428,0.9701294390972452,0.0,0.9966367713004485,0.18421052631578946,0.11428571428571428,0.8333333333333334,0.00883668881870461,0.029831878743684204,70654385.2597326,0.5492957746478874,70654385.2597326,1755379986.2233455,74927800.3091226,1831626029.2905164,0.02520547945205479,0.0262795979087007,0.0302416830440213,0.0217178171295014,1.0,4,5
0.9111111111111111,0.0,0.0,0.2857142857142857,0.25,0.625,1,0.19428571428571428,0.9651510122801195,0.0,0.9966367713004485,0.19078947368421054,0.14285714285714285,0.8333333333333334,0.00942894180857699,0.030057161963616002,74927800.3091226,0.4647887323943662,74927800.3091226,1831626029.2905164,80359883.86713672,1960151150.4666553,0.0823013698630137,0.0068134003113701,0.0144995142940363,0.0140339915595022,1.0,4,5
0.9111111111111111,0.0,0.0,0.2857142857142857,0.25,0.625,1,0.15428571428571428,0.9701294390972452,0.0,0.9966367713004485,0.21710526315789475,0.15,0.8333333333333334,0.009832995417742334,0.031177649557487325,80359883.86713672,0.6197183098591549,80359883.86713672,1960151150.4666553,81214062.00499524,2070110790.055213,0.011397260273972604,3.5611385617473346e-05,0.0106294098093868,0.0560975308268341,1.0,4,6
0.9111111111111111,0.0,0.0,0.2857142857142857,0.25,0.625,1,0.18285714285714286,0.962163956189844,0.0,0.9966367713004485,0.2236842105263158,0.15714285714285714,0.8333333333333334,0.009833432177515358,0.03150890481837389,81214062.00499524,0.5633802816901409,81214062.00499524,2070110790.055213,96336508.61746322,2145898307.1412191,0.003013698630136985,0.1724030702770471,0.1862047807870739,0.0366103676431659,1.0,2,4
0.9111111111111111,0.0,0.0,0.2857142857142857,0.5,0.625,1,0.15428571428571428,0.9701294390972452,0.0,0.9966367713004485,0.2236842105263158,0.15714285714285714,0.8333333333333334,0.009833432177515358,0.03150890481837389,81214062.00499524,0.6338028169014085,81214062.00499524,2070110790.055213,96336508.61746322,2145898307.1412191,0.011945205479452057,0.1724030702770471,0.1862047807870739,0.0366103676431659,1.0,2,4
0.9111111111111111,0.0,0.0,0.2857142857142857,0.5,0.625,1,0.19428571428571428,0.9651510122801195,0.0,0.9966367713004485,0.23026315789473684,0.16428571428571428,0.8333333333333334,0.011947963977639506,0.03188091855655074,96336508.61746322,0.5492957746478874,96336508.61746322,2145898307.1412191,91813411.60928048,2208935645.8065176,0.009260273972602739,-0.0574588916707101,-0.046951016526281,0.0293757343745133,1.0,4,6
0.9111111111111111,0.0,0.0,0.2857142857142857,0.0,0.625,1,0.17142857142857143,0.9694656488549618,0.0,0.9966367713004485,0.23026315789473684,0.16428571428571428,0.8333333333333334,0.011947963977639506,0.03188091855655074,96336508.61746322,0.6056338028169014,96336508.61746322,2145898307.1412191,91813411.60928048,2208935645.8065176,0.0067397260273972595,-0.0574588916707101,-0.046951016526281,0.0293757343745133,1.0,4,6
0.9111111111111111,0.0,0.0,0.2857142857142857,0.25,0.625,1,0.17142857142857143,0.9694656488549618,0.0,0.9966367713004485,0.23026315789473684,0.17142857142857143,0.8333333333333334,0.011947963977639506,0.03188091855655074,96336508.61746322,0.6056338028169014,96336508.61746322,2145898307.1412191,482441721.5730036,3063830824.5552855,0.03895890410958904,-0.0245434529181621,2.003940242887056,0.2138807124175754,1.0,4,6
0.9111111111111111,0.0,0.0,0.2857142857142857,0.75,0.625,1,0.19428571428571428,0.9651510122801195,0.0,0.9966367713004485,0.24342105263157895,0.17857142857142858,0.8333333333333334,0.01124211493565692,0.0325908571246253,93641721.57300358,0.5774647887323944,482441721.5730036,3063830824.5552855,99641858.52861336,2383409478.9599314,0.011123287671232877,0.0180215307333027,-0.7934634297304748,-0.2220818917748558,1.0,4,5
0.9111111111111111,0.0,0.0,0.2857142857142857,0.0,0.625,1,0.2342857142857143,0.9754397610355128,0.0,0.9966367713004485,0.25,0.18571428571428572,0.8333333333333334,0.011488536480937636,0.03300511146653936,96537575.52861336,0.49295774647887325,99641858.52861336,2383409478.9599314,94269744.2496144,2427437019.6413016,0.0012602739726027391,-0.0688164490203685,-0.0539142320138106,0.0184725038102067,1.0,4,6
0.9111111111111111,0.0,0.0,0.2857142857142857,0.0,0.625,1,0.22285714285714286,0.9664785927646864,0.0,0.9966367713004485,0.25,0.21428571428571427,0.8333333333333334,0.011488536480937636,0.03300511146653936,96537575.52861336,0.5211267605633803,99641858.52861336,2383409478.9599314,113244739.25873472,2786976251.5688505,0.09205479452054795,0.0154949137812215,0.0273035467844372,0.0338646612066867,1.0,4,5
0.9111111111111111,0.0,0.0,0.2857142857142857,0.25,0.625,1,0.2342857142857143,0.9754397610355128,0.0,0.9966367713004485,0.28289473684210525,0.22857142857142856,0.8333333333333334,0.012566994220357484,0.034905938634713925,109990609.25873472,0.5633802816901409,113244739.25873472,2786976251.5688505,117529369.4368076,2760330548.1963253,0.05035616438356164,0.0039989422880859,0.0126117121970189,-0.0031869310401103,1.0,4,5
0.9111111111111111,0.0,0.0,0.2857142857142857,0.25,0.625,1,0.22285714285714286,0.9664785927646864,0.0,0.9966367713004485,0.29605263157894735,0.25,0.8333333333333334,0.012746929939048727,0.035671456944547965,113744843.4368076,0.6197183098591549,117529369.4368076,2760330548.1963253,523108147.717791,3482522324.7243567,0.06257534246575343,0.0045458918490711,0.8627179321740772,0.065408088263191,1.0,4,5
0.9111111111111111,0.0,0.0,0.2857142857142857,0.5,0.625,1,0.2342857142857143,0.9754397610355128,0.0,0.9966367713004485,0.3157894736842105,0.2571428571428571,0.8333333333333334,0.013022930034940889,0.037120235546412014,120504690.14133166,0.6338028169014085,523108147.717791,3482522324.7243567,138662179.6731668,3179188159.666755,0.026246575342465755,0.0041534562010413,-0.3674631811049778,-0.0435509290068385,1.0,4,5
0.9111111111111111,0.0,0.0,0.2857142857142857,0.5,0.625,1,0.22285714285714286,0.9664785927646864,0.0,0.9966367713004485,0.3223684210526316,0.2642857142857143,0.8333333333333334,0.013151309587224078,0.037658247446643874,123262421.13620292,0.676056338028169,138662179.6731668,3179188159.666755,580000154.2937306,4396657850.163141,0.003342465753424656,0.0045111001856088,3.182828768888661,0.3829498693855233,1.0,4,5
0.9111111111111111,0.0,0.0,0.2857142857142857,0.0,0.625,1,0.25142857142857145,0.9731164951875207,0.0,0.9966367713004485,0.32894736842105265,0.2714285714285714,0.8333333333333334,0.01322160572147375,0.03819996466299304,125595257.1728076,0.6197183098591549,580000154.2937306,4396657850.163141,141417837.2311609,3092014836.2343206,0.023013698630136987,-0.0149799110188098,-0.3780881037838979,-0.1483675849236723,1.0,4,6
0.9111111111111111,0.0,0.0,0.2857142857142857,0.25,0.625,1,0.17142857142857143,0.9694656488549618,0.0,0.9966367713004485,0.3355263157894737,0.2857142857142857,0.8333333333333334,0.01275263801266974,0.038736494436777985,123539495.6777466,0.8309859154929577,141417837.2311609,3092014836.2343206,171804160.65138844,3334816155.24101,0.04969863013698631,0.0666556899440184,0.0716230333578976,0.0261750920641755,1.0,4,5
0.9111111111111111,0.0,0.0,0.2857142857142857,0.0,0.625,1,0.25142857142857145,0.9684699634915367,0.0,0.9966367713004485,0.34868421052631576,0.3,0.8333333333333334,0.01578898860636882,0.03978806315086754,152258085.02495912,0.6619718309859155,171804160.65138844,3334816155.24101,184960266.2529563,3237619941.9560475,0.03945205479452055,0.0254836115266811,0.0382880878777528,-0.0145729492662149,1.0,4,5
0.9111111111111111,0.0,0.16666666666666666,0.0,0.0,0.0,1,0.2742857142857143,0.9691337537338202,0.0,0.9988789237668162,0.3618421052631579,0.32142857142857145,0.8333333333333334,0.016717642177387727,0.040581741863193056,163202862.4558176,0.6338028169014085,184960266.2529563,3237619941.9560475,206928900.99085912,3494210458.682645,0.062027397260273974,0.0227732631226568,0.0296937217692176,0.0198132054817075,1.0,4,5
0.9111111111111111,0.0,0.0,0.2857142857142857,0.0,0.625,1,0.32571428571428573,0.974112180550946,0.0,0.9966367713004485,0.3815789473684211,0.32857142857142857,0.8333333333333334,0.018462006471691033,0.04177040727362269,183273450.1408629,0.5492957746478874,206928900.99085912,3494210458.682645,210554007.89825472,3715797650.1647186,0.0004931506849315066,-0.0001609023971123,0.0175186109336933,0.063415525224435,1.0,4,6
0.9111111111111111,0.0,0.0,0.2857142857142857,0.0,0.625,1,0.26285714285714284,0.974112180550946,0.0,0.9966367713004485,0.3815789473684211,0.32857142857142857,0.8333333333333334,0.018462006471691033,0.04177040727362269,183273450.1408629,0.704225352112676,206928900.99085912,3494210458.682645,210554007.89825472,3715797650.1647186,0.011506849315068493,-0.0001609023971123,0.0175186109336933,0.063415525224435,1.0,4,6
0.9111111111111111,0.0,0.5,0.2857142857142857,0.0,0.0,1,0.2914285714285714,0.9697975439761035,0.0,0.9977578475336323,0.3881578947368421,0.3357142857142857,0.8333333333333334,0.018458644637902893,0.04230323173129033,185576274.8281816,0.647887323943662,210554007.89825472,3715797650.1647186,213650505.19930387,3902172216.269208,0.024054794520547946,-4.32042883593553e-05,0.0073532138664998,0.0250786753816139,1.0,4,6
0.9111111111111111,0.0,0.0,0.2857142857142857,0.25,0.625,1,0.32571428571428573,0.974112180550946,0.0,0.9966367713004485,0.39473684210526316,0.34285714285714286,0.8333333333333334,0.018456839540295474,0.042842725757969116,187921543.6872893,0.5774647887323944,213650505.19930387,3902172216.269208,220273090.8296523,4177978439.109769,0.0010410958904109584,0.0224468303728877,0.0309972851417814,0.0706801769769798,1.0,4,5
0.9111111111111111,0.0,0.0,0.2857142857142857,0.25,0.625,1,0.25142857142857145,0.9731164951875207,0.0,0.9966367713004485,0.39473684210526316,0.34285714285714286,0.8333333333333334,0.018456839540295474,0.042842725757969116,187921543.6872893,0.7605633802816901,213650505.19930387,3902172216.269208,220273090.8296523,4177978439.109769,0.005917808219178081,0.0224468303728877,0.0309972851417814,0.0706801769769798,1.0,4,5
0.9111111111111111,0.0,0.0,0.2857142857142857,0.0,0.625,1,0.24,0.9761035512777962,0.0,0.9966367713004485,0.39473684210526316,0.34285714285714286,0.8333333333333334,0.018456839540295474,0.042842725757969116,187921543.6872893,0.7887323943661971,213650505.19930387,3902172216.269208,220273090.8296523,4177978439.109769,0.00904109589041096,0.0224468303728877,0.0309972851417814,0.0706801769769798,1.0,4,5
0.9111111111111111,0.0,0.5,0.2857142857142857,0.0,0.0,1,0.29714285714285715,0.9707932293395287,0.0,0.9977578475336323,0.40131578947368424,0.35714285714285715,0.8333333333333334,0.01892571913736678,0.043397782112340556,194623738.2395484,0.6619718309859155,220273090.8296523,4177978439.109769,231405462.15519115,4582082014.773711,0.032657534246575345,0.0063597105261488,0.0252694763659261,0.0483611370371321,1.0,4,5
0.9111111111111111,0.0,0.0,0.2857142857142857,0.0,0.625,1,0.3314285714285714,0.9784268171257883,0.0,0.9966367713004485,0.4144736842105263,0.36428571428571427,0.8333333333333334,0.019197372063524863,0.044734660167462165,203158044.4763781,0.6056338028169014,231405462.15519115,4582082014.773711,235246923.0837074,4698671884.768971,0.024273972602739727,-0.0017339612093808,0.0083002814469866,0.0127223683054282,1.0,4,6
0.9111111111111111,0.0,0.0,0.2857142857142857,0.0,0.625,1,0.32,0.9717889147029539,0.0,0.9966367713004485,0.42105263157894735,0.37857142857142856,0.8333333333333334,0.019122364414198494,0.04543125959751444,205599586.7912469,0.647887323943662,235246923.0837074,4698671884.768971,749880902.7597617,5654440675.939672,0.044219178082191786,0.0316905441155609,0.7292110674322306,0.0678041806004006,1.0,4,5
0.9111111111111111,0.0,0.16666666666666666,0.0,0.0,0.0,1,0.35428571428571426,0.9724527049452373,0.0,0.9988789237668162,0.4342105263157895,0.38571428571428573,0.8333333333333334,0.02117153642598232,0.04677554828487064,231794742.36558935,0.5915492957746479,749880902.7597617,5654440675.939672,740906786.9043058,5458058939.984556,0.0273972602739726,-0.0451528886710509,-0.005983694092241,-0.0173652662756498,1.0,4,6
0.9111111111111111,0.0,0.0,0.2857142857142857,0.0,0.625,1,0.3657142857142857,0.9790906073680717,0.0,0.9966367713004485,0.4407894736842105,0.39285714285714285,0.8333333333333334,0.019040035483692614,0.047486227916168654,214059747.72065923,0.5774647887323944,740906786.9043058,5458058939.984556,748797522.7885556,5274746126.337196,0.00821917808219178,-0.0039883264480888,0.0106501060912389,-0.0335857152997103,1.0,4,6
0.9111111111111111,0.0,0.0,0.2857142857142857,0.25,0.625,1,0.3314285714285714,0.9784268171257883,0.0,0.9966367713004485,0.4473684210526316,0.4,0.8333333333333334,0.018954399531961656,0.04822877326607544,216533459.86058748,0.676056338028169,748797522.7885556,5274746126.337196,782433306.482731,5018502854.988797,0.013260273972602741,0.0627790052786561,0.0449197315302463,-0.0485792614869098,1.0,4,5
0.9111111111111111,0.0,0.16666666666666666,0.7142857142857143,0.0,0.0,1,0.26857142857142857,0.972784600066379,0.0,0.9988789237668162,0.4473684210526316,0.4,0.8333333333333334,0.018954399531961656,0.04822877326607544,216533459.86058748,0.8309859154929577,748797522.7885556,5274746126.337196,782433306.482731,5018502854.988797,0.008438356164383562,0.0627790052786561,0.0449197315302463,-0.0485792614869098,1.0,4,5
0.9111111111111111,0.0,0.0,0.2857142857142857,0.25,0.625,1,0.26285714285714284,0.974112180550946,0.0,0.9966367713004485,0.45394736842105265,0.40714285714285714,0.8333333333333334,0.020296992254658922,0.048957979477959955,233600034.33696952,0.8591549295774648,782433306.482731,5018502854.988797,749657316.8034042,5044728874.113239,0.0005479452054794518,0.0729648247284144,-0.0418898191165513,0.0052258651399135,1.0,4,5
0.9111111111111111,0.0,0.0,0.2857142857142857,0.0,0.625,1,0.2857142857142857,0.974112180550946,0.0,0.9966367713004485,0.45394736842105265,0.4142857142857143,0.8333333333333334,0.020296992254658922,0.048957979477959955,233600034.33696952,0.8028169014084507,782433306.482731,5018502854.988797,761630763.9637244,5285216561.450975,0.0423013698630137,0.0213829700149814,-0.0088623283060892,0.0177153568284508,1.0,4,5
0.9111111111111111,0.0,0.0,0.2857142857142857,0.0,0.625,1,0.34285714285714286,0.9794225024892134,0.0,0.9966367713004485,0.46710526315789475,0.42857142857142855,0.8333333333333334,0.021755007640467238,0.050366740665757165,255724784.4951789,0.6901408450704225,761630763.9637244,5285216561.450975,858171726.8614511,5983416185.986538,0.03331506849315069,0.0306012852038267,0.0633777989713167,0.066052130165115,1.0,4,5
0.9111111111111111,0.0,0.0,0.2857142857142857,0.0,0.625,1,0.4,0.9780949220046465,0.0,0.9966367713004485,0.48026315789473684,0.4357142857142857,0.8333333333333334,0.023235291118961575,0.051908893233777155,279669718.97768354,0.5774647887323944,858171726.8614511,5983416185.986538,861077385.4369459,6283610123.956657,0.017534246575342465,0.0224252088501553,0.0033858707815059,0.0501709940674339,1.0,4,5
0.9111111111111111,0.0,0.0,0.2857142857142857,0.0,0.625,1,0.38857142857142857,0.976435446398938,0.0,0.9966367713004485,0.4868421052631579,0.44285714285714284,0.8333333333333334,0.023810876850468933,0.05272925022214723,290452309.79128796,0.6197183098591549,861077385.4369459,6283610123.956657,863359046.5373913,6269649368.577917,0.006465753424657533,0.0446435074492357,0.0026497747345757,-0.0022217730099953,1.0,4,5
0.9111111111111111,0.0,0.0,0.2857142857142857,0.0,0.625,1,0.4742857142857143,0.9770992366412213,0.0,0.9966367713004485,0.4868421052631579,0.45,0.8333333333333334,0.023810876850468933,0.05272925022214723,290452309.79128796,0.4084507042253521,861077385.4369459,6283610123.956657,385089715.8102637,5943149740.776493,0.032,0.089432446681034,-0.2763907621294377,-0.0270911447769601,1.0,4,5
0.9111111111111111,0.0,0.0,0.2857142857142857,0.0,0.625,1,0.33714285714285713,0.9794225024892134,0.0,0.9966367713004485,0.5,0.45714285714285713,0.8333333333333334,0.028504737366846528,0.05353404488282464,347620939.34171677,0.7746478873239436,385089715.8102637,5943149740.776493,398748292.454621,6033654014.749514,0.012931506849315069,0.0163653770000815,0.0354685572831214,0.0152283347922503,1.0,4,5
0.9111111111111111,0.0,0.0,0.2857142857142857,0.0,0.625,1,0.38285714285714284,0.9797543976103551,0.0,0.9966367713004485,0.5,0.45714285714285713,0.8333333333333334,0.028504737366846528,0.05353404488282464,347620939.34171677,0.6619718309859155,385089715.8102637,5943149740.776493,398748292.454621,6033654014.749514,0.007506849315068494,0.0163653770000815,0.0354685572831214,0.0152283347922503,1.0,4,5
0.9111111111111111,0.0,0.0,0.2857142857142857,0.0,0.625,1,0.37142857142857144,0.9780949220046465,0.0,0.9966367713004485,0.506578947368421,0.4642857142857143,0.8333333333333334,0.029011022437251247,0.05398090600657095,356253973.3794419,0.704225352112676,398748292.454621,6033654014.749514,402425529.0458196,5616296626.636931,0.010082191780821917,0.0212685366809592,0.0092219494372305,-0.0691715811169044,1.0,4,5
0.9111111111111111,0.0,0.0,0.2857142857142857,0.25,0.625,1,0.4742857142857143,0.9770992366412213,0.0,0.9966367713004485,0.506578947368421,0.4642857142857143,0.8333333333333334,0.029011022437251247,0.05398090600657095,356253973.3794419,0.4507042253521127,398748292.454621,6033654014.749514,402425529.0458196,5616296626.636931,0.025095890410958905,0.0106342683404796,0.0046109747186152,-0.0345857905584522,1.0,4,5
0.9111111111111111,0.0,0.0,0.2857142857142857,0.0,0.625,1,0.42857142857142855,0.9780949220046465,0.0,0.9966367713004485,0.5131578947368421,0.4857142857142857,0.8333333333333334,0.029679761326119245,0.054750129632522286,369006691.2000001,0.5774647887323944,402425529.0458196,5616296626.636931,371697737.58,5921553827.78953,0.05506849315068493,-0.0113732993197278,-0.0254521555318797,0.0181173479872143,1.0,4,6
0.9111111111111111,0.0,0.0,0.2857142857142857,0.0,0.25,1,0.4114285714285714,0.97875871224693,0.0,0.9966367713004485,0.5328947368421053,0.4928571428571429,0.8333333333333334,0.028584124440637716,0.057101523240560455,371697737.58,0.6619718309859155,371697737.58,5921553827.78953,280326718.08,5516514526.341848,0.0143013698630137,-0.236381644106966,-0.2458207577341908,-0.0684008476874522,1.0,7,7
0.9111111111111111,0.0,0.3333333333333333,0.8571428571428571,0.0,0.25,1,0.33714285714285713,0.9780949220046465,0.0,1.0,0.5394736842105263,0.5,0.8333333333333334,0.021252572945266012,0.056394548925379734,280326718.08,0.8591549295774648,280326718.08,5516514526.341848,231684446.9450455,5764995899.017727,0.007232876712328768,-0.2464332036316471,-0.1735199251363293,0.0450431828810307,1.0,7,7
0.9111111111111111,1.0,0.0,0.2857142857142857,0.0,0.625,1,0.4114285714285714,0.9834052439429141,1.0,0.9966367713004485,0.5394736842105263,0.5357142857142857,0.8333333333333334,0.021252572945266012,0.056394548925379734,280326718.08,0.676056338028169,280326718.08,5516514526.341848,858203297.8449538,9334940849.93543,0.11216438356164384,-0.0130821054272587,0.3435732560699873,0.1153634934208383,1.0,4,6
0.9111111111111111,0.0,0.0,0.2857142857142857,0.0,0.625,1,0.49714285714285716,0.9930302024560239,0.0,0.9966367713004485,0.5789473684210527,0.5428571428571428,0.8333333333333334,0.019393538678928787,0.06301954150150099,288620280.872,0.5492957746478874,858203297.8449538,9334940849.93543,960741001.7267416,9831337731.891596,0.020986301369863014,0.0494246090292121,0.0597397517227396,0.0265881107302141,1.0,4,5
0.9111111111111111,0.0,0.0,0.2857142857142857,0.0,0.625,1,0.4,0.9844009293063392,0.0,0.9966367713004485,0.5855263157894737,0.5571428571428572,0.8333333333333334,0.021550938059615974,0.06397934954407207,321973409.09999996,0.8028169014084507,960741001.7267416,9831337731.891596,1044391053.1978042,10684681554.893536,0.05216438356164384,0.0350877192982456,0.0290227547697448,0.0289327809457643,1.0,4,5
0.9111111111111111,0.0,0.0,0.2857142857142857,0.0,0.625,1,0.42857142857142855,0.9817457683372054,0.0,0.9966367713004485,0.5986842105263158,0.5714285714285714,0.8333333333333334,0.024075417334927546,0.06567999108050376,365311019.472,0.7605633802816901,1044391053.1978042,10684681554.893536,1225317380.1915429,11951387652.483671,0.040657534246575346,0.0472141237447359,0.0577453966882625,0.0395178240637408,1.0,4,5
0.9111111111111111,0.0,0.6666666666666666,0.2857142857142857,0.0,0.625,1,0.4342857142857143,0.9863923000331896,0.0,0.9978699551569506,0.6118421052631579,0.5785714285714286,0.8333333333333334,0.027829936257138383,0.0671712466852733,426510425.489,0.7746478873239436,1225317380.1915429,11951387652.483671,1284335189.4909687,12402988214.360376,0.003397260273972603,0.063843370929985,0.048165324554688,0.0377864541765453,1.0,4,5
0.9111111111111111,0.0,0.0,0.2857142857142857,0.0,0.625,1,0.5028571428571429,0.9910388317291736,0.0,0.9966367713004485,0.618421052631579,0.6,0.8333333333333334,0.02976193570252989,0.06776172437959968,457723481.99100006,0.6197183098591549,1284335189.4909687,12402988214.360376,1380126774.1022367,14025367456.334517,0.06789041095890411,0.0677635527105421,0.018646141870728,0.0327013783681525,1.0,4,5
0.9111111111111111,0.0,0.6666666666666666,0.2857142857142857,0.0,0.0,1,0.52,0.9837371390640558,0.0,0.9978699551569506,0.6381578947368421,0.6285714285714286,0.8333333333333334,0.03848813319754821,0.06963559833727379,597858267.852,0.6197183098591549,1380126774.1022367,14025367456.334517,1795287919.5373774,17168846684.352207,0.08547945205479453,0.0843877872206484,0.0601627550780905,0.0448256238248923,1.0,4,5
0.9111111111111111,0.0,0.0,0.2857142857142857,0.0,0.625,1,0.5314285714285715,0.9870560902754729,0.0,0.9966367713004485,0.6644736842105263,0.6857142857142857,0.8333333333333334,0.055753768241197,0.07240319454244049,883860322.345,0.647887323943662,1795287919.5373774,17168846684.352207,3298289916.1388326,25373866516.69958,0.15315068493150685,0.1117183176535694,0.1046490913967687,0.059737703871407,1.0,3,5
0.9111111111111111,0.0,0.0,0.2857142857142857,0.0,0.25,1,0.6285714285714286,0.9930302024560239,0.0,0.9966367713004485,0.7171052631578947,0.7,0.8333333333333334,0.10775675331298512,0.07934103288685111,1833991351.03,0.5211267605633803,3298289916.1388326,25373866516.69958,3601141817.1981964,27746656042.65312,0.048547945205479455,0.0127605688681083,0.0306069618660548,0.0311710413335692,1.0,4,5
0.9111111111111111,0.0,0.0,0.2857142857142857,0.0,0.625,1,0.5657142857142857,0.9913707268503154,0.0,0.9966367713004485,0.7302631578947368,0.7142857142857143,0.8333333333333334,0.11197495210208992,0.08154497640425425,1957033295.03,0.704225352112676,3601141817.1981964,27746656042.65312,3843637957.056568,29537559377.26344,0.04087671232876712,0.0156675110235481,0.0224462269809599,0.0215149449824065,1.0,4,5
0.9111111111111111,0.0,0.0,0.2857142857142857,0.0,0.625,1,0.5542857142857143,0.9936939926983074,0.0,0.9966367713004485,0.743421052631579,0.7285714285714285,0.8333333333333334,0.11735235055842962,0.08348103297700887,2097612042.6,0.7605633802816901,3843637957.056568,29537559377.26344,4385206426.878033,32088474953.570343,0.039068493150684926,0.039247311827957,0.0704499846073164,0.0431808793632163,1.0,4,5
0.9111111111111111,0.0,0.5,0.2857142857142857,0.0,0.0,1,0.5828571428571429,0.9887155658811816,0.0,0.9977578475336323,0.756578947368421,0.7428571428571429,0.8333333333333334,0.12675474785933497,0.0850654780231917,2305152994.66,0.7183098591549296,4385206426.878033,32088474953.570343,4856853955.763886,35105310712.72682,0.030301369863013697,0.0334995014955135,0.0537771182212777,0.0470080887845498,1.0,4,5
0.9111111111111111,0.0,0.0,0.2857142857142857,0.0,0.625,1,0.6,0.9933620975771656,0.0,0.9966367713004485,0.7697368421052632,0.75,0.8333333333333334,0.13541010537468892,0.08646934671158764,2500143641.836,0.704225352112676,4856853955.763886,35105310712.72682,5025737204.050034,35740398961.4584,0.0019178082191780813,0.0242945243879648,0.0347721487663272,0.0180909450974133,1.0,4,5
0.9111111111111111,0.0,0.0,0.2857142857142857,0.0,0.625,1,0.5885714285714285,0.9966810487885828,0.0,0.9966367713004485,0.7697368421052632,0.7571428571428571,0.8333333333333334,0.13541010537468892,0.08646934671158764,2500143641.836,0.7323943661971831,4856853955.763886,35105310712.72682,5311980239.871894,36196627164.43434,0.047232876712328765,0.0161340559396997,0.0312360146611563,0.0103623110915037,1.0,4,5
0.9111111111111111,0.0,0.0,0.2857142857142857,0.0,0.625,1,0.6285714285714286,0.07368071689346167,0.0,0.9966367713004485,0.7828947368421053,0.7928571428571428,0.8333333333333334,0.14208194345944095,0.08769037064766964,2658129616.56,0.6619718309859155,5311980239.871894,36196627164.43434,7197833780.153531,42930313200.45056,0.09895890410958905,0.0308734402852049,0.0710037859751947,0.0372061518628593,1.0,4,5
0.9111111111111111,0.0,0.0,0.2857142857142857,0.0,0.625,1,0.6628571428571428,0.9953534683040159,0.0,0.9966367713004485,0.8157894736842105,0.8071428571428572,0.8333333333333334,0.16439009705556157,0.09038513664136116,3162653682.7999997,0.647887323943662,7197833780.153531,42930313200.45056,7899878026.581589,46016341267.83971,0.03145205479452055,0.0520575972822729,0.0487677451210246,0.0359422962159609,1.0,4,5
0.9111111111111111,0.0,0.0,0.2857142857142857,0.0,0.625,1,0.6514285714285715,0.9946896780617325,0.0,0.9966367713004485,0.8289473684210527,0.8142857142857143,0.8333333333333334,0.18175877206963126,0.09113818656246049,3520997607.5,0.704225352112676,7899878026.581589,46016341267.83971,8208511670.008168,46715156894.540726,0.003726027397260274,0.0471312191881403,0.0390681530003482,0.0151862492203267,1.0,4,5
0.9111111111111111,0.0,0.0,0.2857142857142857,0.0,0.625,1,0.7028571428571428,0.07368071689346167,0.0,0.9966367713004485,0.8289473684210527,0.8214285714285714,0.8333333333333334,0.18175877206963126,0.09113818656246049,3520997607.5,0.5774647887323944,7899878026.581589,46016341267.83971,8545298964.823563,47192014400.92255,0.044876712328767124,0.0260647149521678,0.0272333714550298,0.0085163451409561,1.0,4,5
0.9111111111111111,0.0,0.0,0.2857142857142857,0.0,0.625,1,0.6342857142857142,0.997676734152008,0.0,0.9966367713004485,0.8421052631578947,0.8357142857142857,0.8333333333333334,0.19616138188169613,0.09181967571338642,3824677414.140348,0.7746478873239436,8545298964.823563,47192014400.92255,9339867581.269571,48709321632.52854,0.03517808219178083,0.0013494725287033,0.0464915633564622,0.0160758896485708,1.0,4,6
0.9111111111111111,0.0,0.0,0.2857142857142857,0.0,0.625,1,0.7428571428571429,0.07368071689346167,0.0,0.9966367713004485,0.8552631578947368,0.8428571428571429,0.8333333333333334,0.19669737346921629,0.0924395750998106,3860865139.82136,0.5352112676056338,9339867581.269571,48709321632.52854,9784335418.96575,50046959415.1475,0.01419178082191781,0.0069457754949668,0.0475882376092273,0.0274616385075185,1.0,4,5
0.9111111111111111,0.0,0.0,0.2857142857142857,0.0,0.625,1,0.7257142857142858,0.07368071689346167,0.0,0.9966367713004485,0.8618421052631579,0.85,0.8333333333333334,0.19808047871805118,0.09257140283663187,3893220523.4480906,0.5915492957746479,9784335418.96575,50046959415.1475,10356191120.38182,51854384806.94821,0.0035616438356164365,0.0241477466992026,0.058446044307475,0.0361145894360499,1.0,4,5
0.9111111111111111,0.0,0.0,0.2857142857142857,0.0,0.625,1,0.6628571428571428,0.07368071689346167,0.0,0.9966367713004485,0.8618421052631579,0.8571428571428571,0.8333333333333334,0.19808047871805118,0.09257140283663187,3893220523.4480906,0.7464788732394366,9784335418.96575,50046959415.1475,10889942392.587156,53971480867.83615,0.03073972602739726,0.0264767678997861,0.0564988282943735,0.039208390465184,1.0,4,5
0.9111111111111111,0.0,0.0,0.2857142857142857,0.0,0.625,1,0.7371428571428571,0.9973448390308662,0.0,0.9966367713004485,0.875,0.8714285714285714,0.8333333333333334,0.20869830305395437,0.09301207608246229,4118875415.4774218,0.5915492957746479,10889942392.587156,53971480867.83615,11119390713.777838,57448919778.54096,0.05101369863013699,-0.0022975687284854,0.0070232486980178,0.0214770149888374,1.0,4,6
0.9111111111111111,0.0,0.6666666666666666,0.2857142857142857,0.0,0.0,1,0.7371428571428571,0.9953534683040159,0.0,0.9978699551569506,0.8881578947368421,0.8857142857142857,0.8333333333333334,0.20724304656146406,0.09348459281500478,4111244968.374172,0.6197183098591549,11119390713.777838,57448919778.54096,12096129948.813295,62796055415.77486,0.033534246575342465,0.0100223825058267,0.0439205375626021,0.0465381738929686,1.0,4,5
0.9111111111111111,0.0,0.0,0.2857142857142857,0.0,0.625,1,0.72,0.07368071689346167,0.0,0.9966367713004485,0.9013157894736842,0.8928571428571429,0.8333333333333334,0.211445925882481,0.09384157038037762,4209651885.903616,0.6901408450704225,12096129948.813295,62796055415.77486,12522204146.43166,64760587194.60295,0.00016438356164383557,0.0010714659683837,0.035224009614758,0.0312843181919766,1.0,4,6
0.9111111111111111,0.0,0.0,0.2857142857142857,0.0,0.625,1,0.7371428571428571,0.07368071689346167,0.0,0.9966367713004485,0.9013157894736842,0.8928571428571429,0.8333333333333334,0.211445925882481,0.09384157038037762,4209651885.903616,0.647887323943662,12096129948.813295,62796055415.77486,12522204146.43166,64760587194.60295,0.02115068493150685,0.0005357329841918,0.017612004807379,0.0156421590959883,1.0,4,6
0.9111111111111111,0.0,0.0,0.2857142857142857,0.0,0.625,1,0.7657142857142857,0.07368071689346167,0.0,0.9966367713004485,0.9078947368421053,0.9285714285714286,0.8333333333333334,0.211675088388998,0.09406449701925883,4224163564.2995033,0.5915492957746479,12522204146.43166,64760587194.60295,16447970353.2468,82618841699.03532,0.10843835616438358,0.0104608896200517,0.0522507347868922,0.0459596782499028,1.0,4,5
0.9111111111111111,0.0,0.0,0.2857142857142857,0.0,0.625,1,0.8342857142857143,0.07368071689346167,0.0,0.9966367713004485,0.9407894736842105,0.9357142857142857,0.8333333333333334,0.22511356793889586,0.09458737640846764,4514224954.934308,0.49295774647887325,16447970353.2468,82618841699.03532,17520655355.05471,87408786989.82104,0.02,0.0158378255381561,0.0652168613373116,0.0579764275591587,1.0,4,5
0.9111111111111111,0.0,0.0,0.2857142857142857,0.0,0.625,1,0.7314285714285714,0.07368071689346167,0.0,0.9966367713004485,0.9473684210526315,0.9428571428571428,0.8333333333333334,0.2287173888492144,0.09469254810114107,4590814356.007329,0.7605633802816901,17520655355.05471,87408786989.82104,17952357910.85801,90277694082.64676,0.019945205479452055,-0.011046401648314,0.0246396351651738,0.0328217241266581,1.0,4,6
0.9111111111111111,0.0,0.0,0.2857142857142857,0.0,0.625,1,0.7542857142857143,0.07368071689346167,0.0,0.9966367713004485,0.9539473684210527,0.95,0.8333333333333334,0.22616402411147138,0.09474068756813701,4542408211.673288,0.7183098591549296,17952357910.85801,90277694082.64676,18455712047.54542,90134685455.90204,0.01956164383561644,-0.0537019464871466,0.0280383300726736,-0.0015840970263797,1.0,4,6
0.9111111111111111,0.0,0.0,0.2857142857142857,0.0,0.625,1,0.7942857142857143,0.07368071689346167,0.0,0.9966367713004485,0.9605263157894737,0.9571428571428572,0.8333333333333334,0.21388799332971312,0.0947325432833112,4298102894.746953,0.6338028169014085,18455712047.54542,90134685455.90204,20106396413.012234,95439312780.60912,0.01452054794520548,0.0423159003880053,0.0894402969234855,0.058852230946125,1.0,4,5
0.9111111111111111,0.0,0.0,0.2857142857142857,0.0,0.625,1,0.7885714285714286,0.07368071689346167,0.0,0.9966367713004485,0.9671052631578947,0.9642857142857143,0.8333333333333334,0.22304175233012866,0.0947392054416901,4480295741.206953,0.6619718309859155,20106396413.012234,95439312780.60912,21015038029.209187,99528621997.0122,0.024712328767123287,-0.0004627421275806,0.0225958346173088,0.0214236099216438,1.0,4,6
0.9111111111111111,0.0,0.0,0.2857142857142857,0.0,0.625,1,0.8514285714285714,0.07368071689346167,0.0,0.9966367713004485,0.9736842105263158,0.9714285714285714,0.8333333333333334,0.22283308027865475,0.09458219637653566,4468738297.31,0.5211267605633803,21015038029.209187,99528621997.0122,22222439149.448067,102883604981.64182,0.026356164383561642,0.0079824861224853,0.0287270743588636,0.0168543626813718,1.0,4,5
0.9111111111111111,0.0,1.0,1.0,0.25,0.875,1,0.8342857142857143,0.07368071689346167,0.0,0.0,0.9802631578947368,0.9928571428571429,0.8333333333333334,0.22642942488744178,0.09437555830730611,4530172320.771594,0.5774647887323944,22222439149.448067,102883604981.64182,26191581996.268272,113181872475.00755,0.06027397260273973,0.010662946847699,0.0446524211420642,0.0250240733088701,1.0,4,5
0.9234567901234568,0.0,0.5,0.2857142857142857,0.0,0.0,1,0.46285714285714286,0.9834052439429141,0.0,0.9977578475336323,0.5526315789473685,0.6285714285714286,0.8333333333333334,0.003911783123191491,0.2563156210974893,340810000.0,0.5774647887323944,389679124.0,5916422135.694958,1218401646.425869,17168846684.352207,0.3358904109589041,0.0193490594207225,0.1250987817148499,0.1118762845534945,1.0,4,5
0.9234567901234568,0.0,0.0,0.2857142857142857,0.0,0.625,1,0.5142857142857142,0.9946896780617325,0.0,0.9966367713004485,0.6644736842105263,0.6357142857142857,0.8333333333333334,0.0059983425242143215,0.3511717137003525,620466000.0,0.6901408450704225,1218401646.425869,17168846684.352207,1215995835.520826,18075505373.698357,0.0007123287671232873,-0.0611153552330022,-0.0019745630778653,0.052808363078487,1.0,4,6
0.9234567901234568,0.0,0.5,0.2857142857142857,0.0,0.0,1,0.5485714285714286,0.9840690341851974,0.0,0.9977578475336323,0.6644736842105263,0.6428571428571429,0.8333333333333334,0.0059983425242143215,0.3511717137003525,620466000.0,0.6056338028169014,1218401646.425869,17168846684.352207,1241990750.8209891,19030818060.72169,0.03183561643835616,-0.0359052711993888,0.009680348210427,0.0542252898695431,1.0,4,6
0.9234567901234568,0.0,0.0,0.2857142857142857,0.25,0.625,1,0.5142857142857142,0.9946896780617325,0.0,0.9966367713004485,0.6776315789473685,0.65,0.8333333333333334,0.005392982697991648,0.36673404139300975,601425000.0,0.7183098591549296,1241990750.8209891,19030818060.72169,1298560435.6419897,19784467002.851566,0.0007123287671232873,0.0584362139917695,0.0455475894515369,0.039601500036688,1.0,4,5
0.9234567901234568,0.0,0.0,0.2857142857142857,0.0,0.25,0,0.6228571428571429,0.9900431463657484,0.0,0.9966367713004485,0.6776315789473685,0.7214285714285714,0.8333333333333334,0.005392982697991648,0.36673404139300975,601425000.0,0.4507042253521127,1241990750.8209891,19030818060.72169,2103088578.229204,30733214214.56724,0.2232876712328767,0.0191358024691358,0.0577767203472198,0.0512431823148934,1.0,4,5
0.9234567901234568,0.0,0.0,0.2857142857142857,0.0,0.625,1,0.5028571428571429,0.9936939926983074,0.0,0.9966367713004485,0.75,0.7357142857142858,0.8333333333333334,0.007189742182205752,0.4697418294539315,947196000.0,0.9014084507042254,2103088578.229204,30733214214.56724,2236735069.8728704,33220383789.58506,0.04454794520547945,-0.0149486836233824,0.0211825745282678,0.0269759133951233,1.0,4,6
0.9234567901234568,0.0,0.0,0.2857142857142857,0.0,0.625,1,0.5371428571428571,0.9910388317291736,0.0,0.9966367713004485,0.7631578947368421,0.7428571428571429,0.8333333333333334,0.006758262306068315,0.49197372615772755,947528000.0,0.8450704225352113,2236735069.8728704,33220383789.58506,2385284678.1,35105310712.72682,0.009315068493150684,0.0476524176594252,0.0664135910542023,0.0567400706470075,1.0,4,5
0.9234567901234568,0.0,0.16666666666666666,0.07142857142857142,0.25,0.0,0,0.6228571428571429,0.9900431463657484,0.0,0.9988789237668162,0.7697368421052632,0.7714285714285715,0.8333333333333334,0.007196182180357057,0.5030896745096256,1015105000.0,0.647887323943662,2385284678.1,35105310712.72682,2874204704.4019823,38795331361.618996,0.096,0.0260869565217391,0.0409946897148923,0.0210225779175594,1.0,4,5
0.9234567901234568,0.0,0.0,0.2857142857142857,0.0,0.625,1,0.7771428571428571,0.9923664122137404,0.0,0.9966367713004485,0.7960526315789473,0.8071428571428572,0.8333333333333334,0.008451981819861539,0.5475534679172177,1248910000.0,0.323943661971831,2874204704.4019823,38795331361.618996,3763602740.6630135,46016341267.83971,0.1018082191780822,0.032938856015779,0.0515735729666294,0.0310218165123712,1.0,4,5
0.9234567901234568,0.0,0.0,0.2857142857142857,0.0,0.625,1,0.7028571428571428,0.9980086292731497,0.0,0.9966367713004485,0.8289473684210527,0.8142857142857143,0.8333333333333334,0.01060294120239742,0.6090617154643868,1663728000.0,0.5774647887323944,3763602740.6630135,46016341267.83971,4007196544.015,46715156894.540726,0.01879452054794521,0.0311264822134387,0.0647235694458745,0.0151862492203267,1.0,4,5
0.9234567901234568,0.0,0.0,0.2857142857142857,0.0,0.625,1,0.68,0.997676734152008,0.0,0.9966367713004485,0.8355263157894737,0.8214285714285714,0.8333333333333334,0.011008661085929636,0.6216597902632046,1750993000.0,0.647887323943662,4007196544.015,46715156894.540726,4182517297.617184,47192014400.92255,0.01221917808219178,-0.0118302856269821,0.0437514735492663,0.010207768486325,1.0,4,6
0.9234567901234568,0.0,0.0,0.2857142857142857,0.0,0.625,1,0.6457142857142857,0.9966810487885828,0.0,0.9966367713004485,0.8421052631578947,0.8571428571428571,0.8333333333333334,0.010849658780266941,0.6353919363447796,1768493541.1344194,0.7464788732394366,4182517297.617184,47192014400.92255,5736179721.70249,53971480867.83615,0.09813698630136986,0.0400771781367273,0.0742931738726073,0.0287314137909784,1.0,4,5
0.9234567901234568,0.0,0.0,0.2857142857142857,0.0,0.625,1,0.6628571428571428,0.07368071689346167,0.0,0.9966367713004485,0.875,0.8642857142857143,0.8333333333333334,0.013511038667329306,0.7019537607954821,2345228633.2357016,0.7746478873239436,5736179721.70249,53971480867.83615,5956332678.666667,56142944592.630035,0.0008767123287671229,0.0155332638060168,0.0383797174504909,0.0402335398228428,1.0,4,5
0.9234567901234568,0.0,0.0,0.2857142857142857,0.0,0.625,1,0.7142857142857143,0.07368071689346167,0.0,0.9966367713004485,0.875,0.8642857142857143,0.8333333333333334,0.013511038667329306,0.7019537607954821,2345228633.2357016,0.647887323943662,5736179721.70249,53971480867.83615,5956332678.666667,56142944592.630035,0.01775342465753425,0.0155332638060168,0.0383797174504909,0.0402335398228428,1.0,4,5
0.9234567901234568,0.0,0.0,0.2857142857142857,0.0,0.625,1,0.6342857142857142,0.07368071689346167,0.0,0.9966367713004485,0.881578947368421,0.8714285714285714,0.8333333333333334,0.013758680113379333,0.7152618482686968,2426804741.564027,0.8591549295774648,5956332678.666667,56142944592.630035,5913764465.295049,57448919778.54096,0.01819178082191781,0.0388857699072144,-0.0071467152135543,0.0232616082997962,1.0,4,5
0.9234567901234568,0.0,0.0,0.2857142857142857,0.25,0.625,1,0.6628571428571428,0.07368071689346167,0.0,0.9966367713004485,0.8881578947368421,0.9142857142857143,0.8333333333333334,0.014388252206059635,0.7285068119765371,2567853072.0250297,0.8028169014084507,5913764465.295049,57448919778.54096,8066295411.7605,74015814861.56413,0.12361643835616438,0.0328582332811516,0.051998083915622,0.0411965848391596,1.0,4,5
0.9234567901234568,0.0,0.0,0.2857142857142857,0.0,0.625,1,0.7085714285714285,0.07368071689346167,0.0,0.9966367713004485,0.9276315789473685,0.9857142857142858,0.8333333333333334,0.01825695006180707,0.8061409287446434,3495022980.4447517,0.7746478873239436,8066295411.7605,74015814861.56413,14867387792.1118,109801891452.69542,0.2003287671232877,0.0654148032704396,0.0766499482011333,0.0439538454881248,1.0,4,5
0.9234567901234568,0.0,1.0,1.0,0.0,0.875,1,0.8114285714285714,0.07368071689346167,0.0,0.0,0.993421052631579,0.9928571428571429,0.8333333333333334,0.033143672650114114,0.9222179892443877,6875185956.108676,0.6619718309859155,14867387792.1118,109801891452.69542,15784105618.10651,113181872475.00755,0.03183561643835616,0.0312929740179056,0.0308298215803953,0.0153912695746607,1.0,4,5
0.9481481481481482,0.0,0.0,0.2857142857142857,0.0,0.625,1,0.49142857142857144,0.9834052439429141,0.0,0.9966367713004485,0.5789473684210527,0.55,0.8333333333333334,0.0038087431527706102,0.029833513529155153,39130357.614,0.5633802816901409,721977521.5672405,9334940849.93543,791321205.625012,10381252161.518972,0.030027397260273977,0.0237358101135191,0.0480234370089825,0.0560427392312175,1.0,4,5
0.9481481481481482,0.0,0.0,0.2857142857142857,0.0,0.625,1,0.5771428571428572,0.9830733488217723,0.0,0.9966367713004485,0.5921052631578947,0.5642857142857143,0.8333333333333334,0.004104983067730642,0.03128615010616053,42977548.18,0.38028169014084506,791321205.625012,10381252161.518972,847810420.2040347,11398992120.516134,0.046191780821917806,-0.0009852216748768,0.0237953160602276,0.0326787797580495,1.0,4,6
0.9481481481481482,0.0,0.0,0.2857142857142857,0.0,0.625,1,0.5542857142857143,0.9887155658811816,0.0,0.9966367713004485,0.6052631578947368,0.5714285714285714,0.8333333333333334,0.0040856630732767265,0.03283647882472495,44967658.34,0.4647887323943662,847810420.2040347,11398992120.516134,889301919.384743,11951387652.483671,0.02180821917808219,0.0024703557312253,0.0244697978415522,0.0242300163965077,1.0,4,5
0.9481481481481482,0.0,0.0,0.2857142857142857,0.0,0.625,1,0.4857142857142857,0.9830733488217723,0.0,0.9966367713004485,0.6118421052631579,0.5785714285714286,0.8333333333333334,0.004117863064033252,0.03365258655657171,46309818.087000005,0.647887323943662,889301919.384743,11951387652.483671,901406993.836007,12402988214.360376,0.021917808219178082,0.0093411996066863,0.0068059419345675,0.0188932270882726,1.0,4,5
0.9481481481481482,0.0,0.0,0.2857142857142857,0.0,0.625,1,0.5085714285714286,0.9820776634583471,0.0,0.9966367713004485,0.618421052631579,0.5857142857142857,0.8333333333333334,0.004240223028908047,0.03450053555194087,48360421.984000005,0.6056338028169014,901406993.836007,12402988214.360376,936130681.4674392,12754499113.88668,0.0032876712328767104,-0.0106177606177606,0.0385216532253236,0.0283408234734365,1.0,4,6
0.9481481481481482,0.0,0.16666666666666666,0.5714285714285714,0.0,0.625,1,0.4857142857142857,0.9853966146697644,0.0,0.9988789237668162,0.618421052631579,0.5857142857142857,0.8333333333333334,0.004240223028908047,0.03450053555194087,48360421.984000005,0.6619718309859155,901406993.836007,12402988214.360376,936130681.4674392,12754499113.88668,0.016164383561643837,-0.0106177606177606,0.0385216532253236,0.0283408234734365,1.0,4,6
0.9481481481481482,0.5,0.16666666666666666,0.21428571428571427,0.0,0.625,1,0.5657142857142857,0.9867241951543312,0.5,0.9988789237668162,0.625,0.6642857142857143,0.8333333333333334,0.004169383049243692,0.035381650831875965,49065655.3,0.4788732394366197,936130681.4674392,12754499113.88668,1456174617.610141,22012539042.75697,0.20942465753424658,0.0342350332594234,0.0505022668345933,0.0659876946964787,1.0,4,5
0.9481481481481482,0.5,0.16666666666666666,0.42857142857142855,0.0,0.25,1,0.6228571428571429,0.9887155658811816,0.5,0.9988789237668162,0.6973684210526315,0.6785714285714286,0.8333333333333334,0.006655222335647435,0.0473135505512806,90261651.657,0.49295774647887325,1456174617.610141,22012539042.75697,1578081997.403,24246398728.449657,0.05446575342465754,0.0172454523978266,0.0279058519307096,0.033827078911004,1.0,4,5
0.9481481481481482,0.0,0.16666666666666666,0.42857142857142855,0.0,0.0,1,0.6857142857142857,0.9883836707600399,0.0,0.9988789237668162,0.7105263157894737,0.7214285714285714,0.8333333333333334,0.007125342200692702,0.04992311724723417,100157191.59600002,0.36619718309859156,1578081997.403,24246398728.449657,2103088578.229204,30733214214.56724,0.1109041095890411,0.0165094339622641,0.0554477504644024,0.0445895461202811,1.0,4,5
0.9481481481481482,0.5,0.16666666666666666,0.07142857142857142,0.0,0.0,1,0.6628571428571428,0.9913707268503154,0.5,0.9988789237668162,0.75,0.8,0.8333333333333334,0.00807202192893454,0.05782382718958166,127467030.866,0.5070422535211268,2103088578.229204,30733214214.56724,3511334065.247377,44671815935.24714,0.22252054794520548,0.0414367463723686,0.0558006884729788,0.0377946196997328,1.0,4,5
0.9481481481481482,0.0,0.0,0.2857142857142857,0.0,0.625,1,0.6114285714285714,0.9973448390308662,0.0,0.9966367713004485,0.8223684210526315,0.8071428571428572,0.8333333333333334,0.01329486042964292,0.08024476912168232,264731813.41199997,0.7887323943661971,3511334065.247377,44671815935.24714,3763602740.6630135,46016341267.83971,0.005863013698630137,0.0184275184275184,0.0718441113058445,0.0300978436726522,1.0,4,5
0.9481481481481482,0.0,0.0,0.2857142857142857,0.0,0.625,0,0.8285714285714286,0.997676734152008,0.0,0.9966367713004485,0.8223684210526315,0.8142857142857143,0.8333333333333334,0.01329486042964292,0.08024476912168232,264731813.41199997,0.2535211267605634,3511334065.247377,44671815935.24714,4007196544.015,46715156894.540726,0.033534246575342465,0.0182227682227682,0.0706088440395501,0.0228705831239931,1.0,4,5
0.9481481481481482,0.0,0.0,0.2857142857142857,0.0,0.625,1,0.7028571428571428,0.9983405243942914,0.0,0.9966367713004485,0.8355263157894737,0.8214285714285714,0.8333333333333334,0.013868020265109068,0.0848385489018406,290069532.39,0.5915492957746479,4007196544.015,46715156894.540726,4182517297.617184,47192014400.92255,0.005041095890410958,0.0448732578305133,0.0437514735492663,0.010207768486325,1.0,4,5
0.9481481481481482,0.0,0.16666666666666666,0.5714285714285714,0.0,0.625,1,0.8057142857142857,0.07368071689346167,0.0,0.9988789237668162,0.8355263157894737,0.8357142857142857,0.8333333333333334,0.013868020265109068,0.0848385489018406,290069532.39,0.3380281690140845,4007196544.015,46715156894.540726,4684653166.079072,48709321632.52854,0.04898630136986301,0.0324419902519619,0.0563533311982492,0.0142292485676517,1.0,4,5
0.9481481481481482,0.5,0.0,0.2857142857142857,0.0,0.625,1,0.6514285714285715,0.07368071689346167,0.5,0.9966367713004485,0.8552631578947368,0.8428571428571429,0.8333333333333334,0.015454398095687747,0.09035586093871838,338978429.2478413,0.7605633802816901,4684653166.079072,48709321632.52854,4994780097.927918,50046959415.1475,0.002082191780821917,0.0282912390706184,0.0662006173892302,0.0274616385075185,1.0,4,5
0.9481481481481482,0.0,0.0,0.2857142857142857,0.25,0.625,1,0.8057142857142857,0.07368071689346167,0.0,0.9966367713004485,0.8552631578947368,0.8428571428571429,0.8333333333333334,0.015454398095687747,0.09035586093871838,338978429.2478413,0.38028169014084506,4684653166.079072,48709321632.52854,4994780097.927918,50046959415.1475,0.0029041095890410943,0.0282912390706184,0.0662006173892302,0.0274616385075185,1.0,4,5
0.9481481481481482,0.0,0.0,0.2857142857142857,0.0,0.625,1,0.6971428571428572,0.07368071689346167,0.0,0.9966367713004485,0.8552631578947368,0.8428571428571429,0.8333333333333334,0.015454398095687747,0.09035586093871838,338978429.2478413,0.647887323943662,4684653166.079072,48709321632.52854,4994780097.927918,50046959415.1475,0.005041095890410958,0.0282912390706184,0.0662006173892302,0.0274616385075185,1.0,4,5
0.9481481481481482,0.0,0.16666666666666666,0.5714285714285714,0.25,0.625,0,0.8285714285714286,0.997676734152008,0.0,0.9988789237668162,0.8552631578947368,0.8571428571428571,0.8333333333333334,0.015454398095687747,0.09035586093871838,338978429.2478413,0.323943661971831,4684653166.079072,48709321632.52854,5736179721.70249,53971480867.83615,0.060986301369863015,0.0182257820808999,0.0561154966197592,0.0270079681821799,1.0,4,5
0.9481481481481482,0.5,0.0,0.2857142857142857,0.0,0.625,1,0.6171428571428571,0.996349153667441,0.5,0.9966367713004485,0.875,0.8642857142857143,0.8333333333333334,0.016758344407671454,0.09725570052528287,391435207.01371354,0.8873239436619719,5736179721.70249,53971480867.83615,5956332678.666667,56142944592.630035,0.0056986301369863004,0.0023146926296691,0.0383797174504909,0.0402335398228428,1.0,4,5
0.9481481481481482,0.0,0.16666666666666666,0.42857142857142855,0.5,0.25,1,0.8057142857142857,0.07368071689346167,0.0,0.9988789237668162,0.881578947368421,0.8785714285714286,0.8333333333333334,0.0168027632654053,0.09974144148510208,402359535.81417006,0.43661971830985913,5956332678.666667,56142944592.630035,6180530775.097834,59628765673.01684,0.052986301369863015,0.0139789479259938,0.0125467637289725,0.020696106493165,1.0,4,5
0.9481481481481482,0.5,0.0,0.2857142857142857,0.0,0.125,1,0.7714285714285715,0.07368071689346167,0.5,0.9966367713004485,0.8947368421052632,0.9428571428571428,0.8333333333333334,0.017609392384230132,0.1047660650484948,440333206.3852352,0.5492957746478874,6180530775.097834,59628765673.01684,10501454590.885288,90277694082.64676,0.17704109589041095,0.0397194031490555,0.0776798407238748,0.057110631949571,1.0,4,5
0.9481481481481482,0.0,0.0,0.2857142857142857,0.0,0.625,1,0.8114285714285714,0.07368071689346167,0.0,0.9966367713004485,0.9539473684210527,0.95,0.8333333333333334,0.024773544070459844,0.1309343858464584,746912746.6964123,0.5774647887323944,10501454590.885288,90277694082.64676,11037423590.374306,90134685455.90204,0.001205479452054794,0.0151635599623696,0.0510375962539713,-0.0015840970263797,1.0,4,5
0.9481481481481482,0.0,0.0,0.2857142857142857,0.0,0.625,1,0.84,0.07368071689346167,0.0,0.9966367713004485,0.9539473684210527,0.9785714285714285,0.8333333333333334,0.024773544070459844,0.1309343858464584,746912746.6964123,0.5070422535211268,10501454590.885288,90277694082.64676,14040361139.873257,106221801332.0274,0.09479452054794521,0.0195888921682948,0.067398406922781,0.035322362653136,1.0,4,5
0.9481481481481482,0.0,1.0,1.0,0.0,0.875,1,0.8057142857142857,0.07368071689346167,0.0,0.0,0.9868421052631579,0.9928571428571429,0.8333333333333334,0.02743813871319219,0.14663387693114582,918328589.291349,0.6619718309859155,14040361139.873257,106221801332.0274,15784105618.10651,113181872475.00755,0.05145205479452055,0.0180928819341648,0.0413983766956247,0.0218413139791784,1.0,4,5
1.0,0.0,0.0,0.2857142857142857,0.0,0.625,1,0.5314285714285715,0.9900431463657484,0.0,0.9966367713004485,0.5789473684210527,0.5571428571428572,0.8333333333333334,0.0021150236389773864,0.0013313282326411122,1356226.0,0.4647887323943662,721977521.5672405,9334940849.93543,824094446.999376,10684681554.893536,0.06027397260273973,0.008498583569405,0.0353601470896435,0.0361475430497088,1.0,4,5
1.0,0.0,0.0,0.2857142857142857,0.0,0.625,1,0.5485714285714286,0.9817457683372054,0.0,0.9966367713004485,0.5986842105263158,0.5714285714285714,0.8333333333333334,0.0022695835946087073,0.0014158094401155372,1485550.0,0.4647887323943662,824094446.999376,10684681554.893536,889301919.384743,11951387652.483671,0.02641095890410959,0.0095890410958904,0.0395631062815645,0.0592767360956112,1.0,4,5
1.0,0.0,0.0,0.2857142857142857,0.25,0.625,1,0.5314285714285715,0.9900431463657484,0.0,0.9966367713004485,0.6118421052631579,0.5857142857142857,0.8333333333333334,0.002359743568726978,0.0014795408773330858,1578024.0,0.5352112676056338,889301919.384743,11951387652.483671,936130681.4674392,12754499113.88668,0.04673972602739726,0.0067204301075269,0.017552629788203,0.0223993922924955,1.0,4,5
1.0,0.0,0.16666666666666666,0.42857142857142855,0.0,0.625,1,0.5428571428571428,0.9897112512446067,0.0,0.9988789237668162,0.625,0.5928571428571429,0.8333333333333334,0.0024563435409965533,0.0015477186938913938,1679667.0,0.5352112676056338,936130681.4674392,12754499113.88668,971254105.4540915,13330790435.611374,0.02756164383561644,0.0039525691699604,0.018759893614209,0.0225916877087414,1.0,4,5
1.0,0.5,0.0,0.2857142857142857,0.0,0.625,1,0.64,0.9903750414868902,0.5,0.9966367713004485,0.631578947368421,0.6,0.8333333333333334,0.0024949835299043835,0.0015832897286174675,1729665.0,0.30985915492957744,971254105.4540915,13330790435.611374,1028637326.4954228,14025367456.334517,0.00038356164383561626,0.0078431372549019,0.0590815737293617,0.0521032135399619,1.0,4,5
1.0,0.5,0.0,0.2857142857142857,0.0,0.5,1,0.48,0.9834052439429141,0.5,0.9966367713004485,0.6381578947368421,0.6071428571428571,0.8333333333333334,0.0025336235188122137,0.0016188607633435413,1780239.0,0.7183098591549296,1028637326.4954228,14025367456.334517,1071597070.205,14545646569.21639,0.007945205479452053,0.0103761348897535,0.0417637417999805,0.0370955780304274,1.0,4,5
1.0,0.5,0.16666666666666666,0.42857142857142855,0.0,0.625,1,0.6,0.9870560902754729,0.5,0.9988789237668162,0.6381578947368421,0.6071428571428571,0.8333333333333334,0.0025336235188122137,0.0016188607633435413,1780239.0,0.4225352112676056,1028637326.4954228,14025367456.334517,1071597070.205,14545646569.21639,0.0038356164383561626,0.0103761348897535,0.0417637417999805,0.0370955780304274,1.0,4,5
1.0,0.5,0.0,0.2857142857142857,0.0,0.125,1,0.72,1.0,0.5,0.9966367713004485,0.6381578947368421,0.6071428571428571,0.8333333333333334,0.0025336235188122137,0.0016188607633435413,1780239.0,0.1267605633802817,1028637326.4954228,14025367456.334517,1071597070.205,14545646569.21639,0.00032876712328767113,0.0103761348897535,0.0417637417999805,0.0370955780304274,1.0,4,5
1.0,0.5,0.16666666666666666,0.42857142857142855,0.5,0.125,1,0.5314285714285715,0.9900431463657484,0.5,0.9988789237668162,0.6381578947368421,0.6071428571428571,0.8333333333333334,0.0025336235188122137,0.0016188607633435413,1780239.0,0.5915492957746479,1028637326.4954228,14025367456.334517,1071597070.205,14545646569.21639,0.006410958904109589,0.0103761348897535,0.0417637417999805,0.0370955780304274,1.0,4,5
1.0,0.5,0.0,0.2857142857142857,0.0,0.625,1,0.5942857142857143,0.9887155658811816,0.5,0.9966367713004485,0.6381578947368421,0.6142857142857143,0.8333333333333334,0.0025336235188122137,0.0016188607633435413,1780239.0,0.43661971830985913,1028637326.4954228,14025367456.334517,1105094900.3305614,15291081770.15114,0.030465753424657536,0.0103761348897535,0.0371644951363131,0.0451223227397499,1.0,4,5
1.0,0.0,0.16666666666666666,0.42857142857142855,0.75,0.25,1,0.5314285714285715,0.9900431463657484,0.0,0.9988789237668162,0.6513157894736842,0.6285714285714286,0.8333333333333334,0.002636663489233094,0.001692967085689528,1895883.0,0.6197183098591549,1105094900.3305614,15291081770.15114,1218401646.425869,17168846684.352207,0.03643835616438356,0.0095298602287166,0.0512656180303676,0.061400656357307,1.0,4,5
1.0,0.5,0.0,0.2857142857142857,0.0,0.625,1,0.6742857142857143,0.9950215731828742,0.5,0.9966367713004485,0.6644736842105263,0.6357142857142857,0.8333333333333334,0.0027332634615026695,0.0017692965977058946,2014624.0,0.29577464788732394,1218401646.425869,17168846684.352207,1215995835.520826,18075505373.698357,5.479452054794518e-05,0.0099750623441396,-0.0019745630778653,0.052808363078487,1.0,4,5
1.0,0.0,0.16666666666666666,0.6428571428571429,1.0,0.625,1,0.5314285714285715,0.9900431463657484,0.0,0.9988789237668162,0.6644736842105263,0.7071428571428572,0.8333333333333334,0.0027332634615026695,0.0017692965977058946,2014624.0,0.647887323943662,1218401646.425869,17168846684.352207,1872045054.068352,28234680865.07181,0.23249315068493145,0.0204696591853699,0.044706344685263,0.0537108208458612,1.0,4,5
1.0,0.5,0.5,0.2857142857142857,0.0,0.0,1,0.64,0.9926983073348822,0.5,0.9977578475336323,0.7368421052631579,0.8285714285714286,0.8333333333333334,0.004001943097309761,0.0022502466297313495,3157839.0,0.5352112676056338,1872045054.068352,28234680865.07181,4416131155.019964,47778114919.29238,0.3398904109589041,0.0332630122270545,0.0799404497558234,0.0407163719465827,1.0,4,5
1.0,0.0,0.0,0.2857142857142857,0.0,0.625,1,0.6057142857142858,0.9980086292731497,0.0,0.9966367713004485,0.8486842105263158,0.8714285714285714,0.8333333333333334,0.007639934997010686,0.00320844137766496,6965636.15104831,0.8591549295774648,4416131155.019964,47778114919.29238,5913764465.295049,57448919778.54096,0.10504109589041095,0.0518976370681307,0.0565213176308813,0.033735127737824,1.0,4,5
1.0,0.0,0.0,0.2857142857142857,0.0,0.625,1,0.6628571428571428,0.07368071689346167,0.0,0.9966367713004485,0.8881578947368421,0.9285714285714286,0.8333333333333334,0.01077607289315007,0.003737560519215306,10598967.533332162,0.8028169014084507,5913764465.295049,57448919778.54096,9259010917.563663,82618841699.03532,0.1658082191780822,0.0457933557854564,0.0628523595137,0.0486807759301103,1.0,4,5
1.0,0.0,1.0,1.0,0.0,0.875,1,0.7314285714285714,0.07368071689346167,0.0,0.0,0.9407894736842105,0.9928571428571429,0.8333333333333334,0.016219492073314194,0.004302991758715186,17176979.524539232,0.7464788732394366,9259010917.563663,82618841699.03532,15784105618.10651,113181872475.00755,0.1913972602739726,0.0919454404244824,0.0704729129130328,0.036992809566742,1.0,3,5
